id_assessment,id_student,date_submitted,is_banked,score,code_module,code_presentation,assessment_type,deadline,weight,days_from_deadline,submission_behavior,clicks_last_7d,clicks_last_2d,clicks_previous_5d,active_days_last_7d,burst_ratio,last_minute_activity,submission_risk,procrastination_score,risky_task,risky_last_3,rolling_risk,pattern_detected,pattern_onset,explanation,risk_level
34873,26247,18,0,88,FFF,2013J,TMA,19.0,12.5,-1.0,Last Minute,75,56,19,4,3.89,1,0.75,85.0,1,,,0,0,"Pattern detected because the task was submitted at the last minute, and academic activity increased sharply just before the deadline.",Normal
34873,29335,16,0,94,FFF,2013J,TMA,19.0,12.5,-3.0,Near Deadline,400,148,252,8,0.96,0,0.35,21.0,0,,,0,0,Pattern detected because the task was completed close to the deadline.,Normal
34874,29335,44,0,92,FFF,2013J,TMA,47.0,12.5,-3.0,Near Deadline,253,110,143,6,1.24,0,0.35,21.0,0,0.0,21.0,0,0,Pattern detected because the task was completed close to the deadline.,Normal
34875,29335,92,0,94,FFF,2013J,TMA,96.0,25.0,-4.0,Early,428,186,242,7,1.26,0,0.0,0.0,0,0.0,14.0,0,0,No strong procrastination pattern detected.,Normal
34876,29335,130,0,96,FFF,2013J,TMA,131.0,25.0,-1.0,Last Minute,228,88,140,8,1.01,0,0.75,45.0,0,0.0,22.0,0,0,Pattern detected because the task was submitted at the last minute.,Normal
34877,29335,171,0,97,FFF,2013J,TMA,173.0,25.0,-2.0,Near Deadline,405,183,222,7,1.34,0,0.35,21.0,0,0.0,22.0,0,0,Pattern detected because the task was completed close to the deadline.,Normal
34878,29335,6,0,87,FFF,2013J,CMA,236.0,0.0,-230.0,Early,309,90,219,8,0.67,0,0.0,0.0,0,0.0,22.0,0,0,No strong procrastination pattern detected.,Normal
34879,29335,28,0,90,FFF,2013J,CMA,236.0,0.0,-208.0,Early,309,90,219,8,0.67,0,0.0,0.0,0,0.0,7.0,0,0,No strong procrastination pattern detected.,Normal
34880,29335,54,0,87,FFF,2013J,CMA,236.0,0.0,-182.0,Early,309,90,219,8,0.67,0,0.0,0.0,0,0.0,0.0,0,0,No strong procrastination pattern detected.,Normal
34881,29335,98,0,96,FFF,2013J,CMA,236.0,0.0,-138.0,Early,309,90,219,8,0.67,0,0.0,0.0,0,0.0,0.0,0,0,No strong procrastination pattern detected.,Normal
34882,29335,166,0,95,FFF,2013J,CMA,236.0,0.0,-70.0,Early,309,90,219,8,0.67,0,0.0,0.0,0,0.0,0.0,0,0,No strong procrastination pattern detected.,Normal
34884,29335,182,0,86,FFF,2013J,CMA,236.0,0.0,-54.0,Early,309,90,219,8,0.67,0,0.0,0.0,0,0.0,0.0,0,0,No strong procrastination pattern detected.,Normal
34883,29335,199,0,91,FFF,2013J,CMA,236.0,0.0,-37.0,Early,309,90,219,8,0.67,0,0.0,0.0,0,0.0,0.0,0,0,No strong procrastination pattern detected.,Normal
34873,29769,17,0,88,FFF,2013J,TMA,19.0,12.5,-2.0,Near Deadline,128,43,85,5,0.8,0,0.35,21.0,0,,,0,0,Pattern detected because the task was completed close to the deadline.,Normal
34874,29769,54,0,64,FFF,2013J,TMA,47.0,12.5,7.0,Late,19,5,14,3,0.44,0,1.0,60.0,1,1.0,40.5,0,0,Pattern detected because the task was submitted after the deadline.,Normal
34875,29769,103,0,63,FFF,2013J,TMA,96.0,25.0,7.0,Late,53,1,52,3,0.03,0,1.0,60.0,1,2.0,47.0,1,1,"Pattern detected because the task was submitted after the deadline, and similar behaviour appeared in at least 2 of the last 3 tasks.",Emerging
34876,29769,131,0,60,FFF,2013J,TMA,131.0,25.0,0.0,Last Minute,113,112,1,3,31.11,1,0.75,85.0,1,3.0,68.3,1,0,"Pattern detected because the task was submitted at the last minute, and academic activity increased sharply just before the deadline, and similar behaviour appeared in at least 2 of the last 3 tasks.",Emerging
34878,29769,70,0,95,FFF,2013J,CMA,236.0,0.0,-166.0,Early,0,0,0,0,0.0,0,0.0,0.0,0,2.0,48.3,1,0,Pattern detected because similar behaviour appeared in at least 2 of the last 3 tasks.,Emerging
34879,29769,74,0,95,FFF,2013J,CMA,236.0,0.0,-162.0,Early,0,0,0,0,0.0,0,0.0,0.0,0,1.0,28.3,0,0,No strong procrastination pattern detected.,Normal
34873,32221,18,0,94,FFF,2013J,TMA,19.0,12.5,-1.0,Last Minute,147,110,37,5,4.37,1,0.75,85.0,1,,,0,0,"Pattern detected because the task was submitted at the last minute, and academic activity increased sharply just before the deadline.",Normal
34874,32221,46,0,90,FFF,2013J,TMA,47.0,12.5,-1.0,Last Minute,87,13,74,5,0.27,0,0.75,45.0,0,1.0,65.0,0,0,Pattern detected because the task was submitted at the last minute.,Emerging
34875,32221,94,0,88,FFF,2013J,TMA,96.0,25.0,-2.0,Near Deadline,83,43,40,6,1.59,1,0.35,61.0,1,2.0,63.7,1,1,"Pattern detected because the task was completed close to the deadline, and academic activity increased sharply just before the deadline, and similar behaviour appeared in at least 2 of the last 3 tasks.",Emerging
34876,32221,130,0,88,FFF,2013J,TMA,131.0,25.0,-1.0,Last Minute,35,11,24,2,0.63,0,0.75,45.0,0,1.0,50.3,0,0,Pattern detected because the task was submitted at the last minute.,Emerging
34878,32221,101,0,88,FFF,2013J,CMA,236.0,0.0,-135.0,Early,0,0,0,0,0.0,0,0.0,0.0,0,1.0,35.3,0,0,No strong procrastination pattern detected.,Normal
34873,33600,17,0,84,FFF,2013J,TMA,19.0,12.5,-2.0,Near Deadline,27,23,4,2,4.26,1,0.35,61.0,1,,,0,0,"Pattern detected because the task was completed close to the deadline, and academic activity increased sharply just before the deadline.",Normal
34873,34731,18,0,76,FFF,2013J,TMA,19.0,12.5,-1.0,Last Minute,196,51,145,6,0.57,0,0.75,45.0,0,,,0,0,Pattern detected because the task was submitted at the last minute.,Normal
34874,34731,47,0,72,FFF,2013J,TMA,47.0,12.5,0.0,Last Minute,72,29,43,6,1.01,0,0.75,45.0,0,0.0,45.0,0,0,Pattern detected because the task was submitted at the last minute.,Emerging
34878,34731,16,0,79,FFF,2013J,CMA,236.0,0.0,-220.0,Early,0,0,0,0,0.0,0,0.0,0.0,0,0.0,30.0,0,0,No strong procrastination pattern detected.,Normal
34873,42616,18,0,76,FFF,2013J,TMA,19.0,12.5,-1.0,Last Minute,192,150,42,5,5.32,1,0.75,85.0,1,,,0,0,"Pattern detected because the task was submitted at the last minute, and academic activity increased sharply just before the deadline.",Normal
34874,42616,50,0,74,FFF,2013J,TMA,47.0,12.5,3.0,Late,105,45,60,4,1.15,0,1.0,60.0,1,2.0,72.5,1,1,"Pattern detected because the task was submitted after the deadline, and similar behaviour appeared in at least 2 of the last 3 tasks.",Emerging
34875,42616,95,0,71,FFF,2013J,TMA,96.0,25.0,-1.0,Last Minute,137,113,24,5,6.49,1,0.75,85.0,1,3.0,76.7,1,0,"Pattern detected because the task was submitted at the last minute, and academic activity increased sharply just before the deadline, and similar behaviour appeared in at least 2 of the last 3 tasks.",High
34876,42616,134,0,67,FFF,2013J,TMA,131.0,25.0,3.0,Late,67,53,14,3,4.65,1,1.0,100.0,1,3.0,81.7,1,0,"Pattern detected because the task was submitted after the deadline, and academic activity increased sharply just before the deadline, and similar behaviour appeared in at least 2 of the last 3 tasks.",High
34877,42616,162,0,82,FFF,2013J,TMA,173.0,25.0,-11.0,Early,0,0,0,0,0.0,0,0.0,0.0,0,2.0,61.7,1,0,Pattern detected because similar behaviour appeared in at least 2 of the last 3 tasks.,Emerging
34878,42616,192,0,82,FFF,2013J,CMA,236.0,0.0,-44.0,Early,151,40,111,8,0.57,0,0.0,0.0,0,1.0,33.3,0,0,No strong procrastination pattern detected.,Normal
34879,42616,192,0,89,FFF,2013J,CMA,236.0,0.0,-44.0,Early,151,40,111,8,0.57,0,0.0,0.0,0,0.0,0.0,0,0,No strong procrastination pattern detected.,Normal
34880,42616,192,0,85,FFF,2013J,CMA,236.0,0.0,-44.0,Early,151,40,111,8,0.57,0,0.0,0.0,0,0.0,0.0,0,0,No strong procrastination pattern detected.,Normal
34881,42616,192,0,84,FFF,2013J,CMA,236.0,0.0,-44.0,Early,151,40,111,8,0.57,0,0.0,0.0,0,0.0,0.0,0,0,No strong procrastination pattern detected.,Normal
34882,42616,192,0,89,FFF,2013J,CMA,236.0,0.0,-44.0,Early,151,40,111,8,0.57,0,0.0,0.0,0,0.0,0.0,0,0,No strong procrastination pattern detected.,Normal
34883,42616,192,0,83,FFF,2013J,CMA,236.0,0.0,-44.0,Early,151,40,111,8,0.57,0,0.0,0.0,0,0.0,0.0,0,0,No strong procrastination pattern detected.,Normal
34884,42616,192,0,81,FFF,2013J,CMA,236.0,0.0,-44.0,Early,151,40,111,8,0.57,0,0.0,0.0,0,0.0,0.0,0,0,No strong procrastination pattern detected.,Normal
34873,43958,13,0,88,FFF,2013J,TMA,19.0,12.5,-6.0,Early,470,285,185,8,2.5,1,0.0,40.0,0,,,0,0,Pattern detected because academic activity increased sharply just before the deadline.,Normal
34874,43958,39,0,96,FFF,2013J,TMA,47.0,12.5,-8.0,Early,264,99,165,8,0.97,0,0.0,0.0,0,0.0,20.0,0,0,No strong procrastination pattern detected.,Normal
34878,43958,56,0,90,FFF,2013J,CMA,236.0,0.0,-180.0,Early,0,0,0,0,0.0,0,0.0,0.0,0,0.0,13.3,0,0,No strong procrastination pattern detected.,Normal
34879,43958,56,0,98,FFF,2013J,CMA,236.0,0.0,-180.0,Early,0,0,0,0,0.0,0,0.0,0.0,0,0.0,0.0,0,0,No strong procrastination pattern detected.,Normal
34880,43958,56,0,7,FFF,2013J,CMA,236.0,0.0,-180.0,Early,0,0,0,0,0.0,0,0.0,0.0,0,0.0,0.0,0,0,No strong procrastination pattern detected.,Normal
34873,47924,27,0,44,FFF,2013J,TMA,19.0,12.5,8.0,Late,0,0,0,0,0.0,0,1.0,60.0,1,,,0,0,Pattern detected because the task was submitted after the deadline.,Normal
34874,47924,47,0,38,FFF,2013J,TMA,47.0,12.5,0.0,Last Minute,34,20,14,2,1.75,1,0.75,85.0,1,2.0,72.5,1,1,"Pattern detected because the task was submitted at the last minute, and academic activity increased sharply just before the deadline, and similar behaviour appeared in at least 2 of the last 3 tasks.",Emerging
34873,50487,15,0,72,FFF,2013J,TMA,19.0,12.5,-4.0,Early,110,17,93,3,0.29,0,0.0,0.0,0,,,0,0,No strong procrastination pattern detected.,Normal
34874,50487,45,0,86,FFF,2013J,TMA,47.0,12.5,-2.0,Near Deadline,137,52,85,4,0.96,0,0.35,21.0,0,0.0,10.5,0,0,Pattern detected because the task was completed close to the deadline.,Normal
34875,50487,88,0,84,FFF,2013J,TMA,96.0,25.0,-8.0,Early,88,5,83,2,0.09,0,0.0,0.0,0,0.0,7.0,0,0,No strong procrastination pattern detected.,Normal
34876,50487,127,0,80,FFF,2013J,TMA,131.0,25.0,-4.0,Early,155,82,73,6,1.75,1,0.0,40.0,0,0.0,20.3,0,0,Pattern detected because academic activity increased sharply just before the deadline.,Normal
34877,50487,172,0,89,FFF,2013J,TMA,173.0,25.0,-1.0,Last Minute,110,74,36,2,3.01,1,0.75,85.0,1,1.0,41.7,0,0,"Pattern detected because the task was submitted at the last minute, and academic activity increased sharply just before the deadline.",Normal
34878,50487,24,0,78,FFF,2013J,CMA,236.0,0.0,-212.0,Early,9,5,4,2,0.93,0,0.0,0.0,0,1.0,41.7,0,0,No strong procrastination pattern detected.,Normal
34879,50487,58,0,85,FFF,2013J,CMA,236.0,0.0,-178.0,Early,9,5,4,2,0.93,0,0.0,0.0,0,1.0,28.3,0,0,No strong procrastination pattern detected.,Normal
34880,50487,59,0,79,FFF,2013J,CMA,236.0,0.0,-177.0,Early,9,5,4,2,0.93,0,0.0,0.0,0,0.0,0.0,0,0,No strong procrastination pattern detected.,Normal
34881,50487,109,0,97,FFF,2013J,CMA,236.0,0.0,-127.0,Early,9,5,4,2,0.93,0,0.0,0.0,0,0.0,0.0,0,0,No strong procrastination pattern detected.,Normal
34882,50487,174,0,76,FFF,2013J,CMA,236.0,0.0,-62.0,Early,9,5,4,2,0.93,0,0.0,0.0,0,0.0,0.0,0,0,No strong procrastination pattern detected.,Normal
34883,50487,203,0,77,FFF,2013J,CMA,236.0,0.0,-33.0,Early,9,5,4,2,0.93,0,0.0,0.0,0,0.0,0.0,0,0,No strong procrastination pattern detected.,Normal
34884,50487,206,0,70,FFF,2013J,CMA,236.0,0.0,-30.0,Early,9,5,4,2,0.93,0,0.0,0.0,0,0.0,0.0,0,0,No strong procrastination pattern detected.,Normal
34873,51485,19,0,96,FFF,2013J,TMA,19.0,12.5,0.0,Last Minute,134,66,68,3,1.51,1,0.75,85.0,1,,,0,0,"Pattern detected because the task was submitted at the last minute, and academic activity increased sharply just before the deadline.",Normal
34874,51485,47,0,88,FFF,2013J,TMA,47.0,12.5,0.0,Last Minute,126,89,37,5,3.53,1,0.75,85.0,1,2.0,85.0,1,1,"Pattern detected because the task was submitted at the last minute, and academic activity increased sharply just before the deadline, and similar behaviour appeared in at least 2 of the last 3 tasks.",High
34875,51485,96,0,88,FFF,2013J,TMA,96.0,25.0,0.0,Last Minute,103,15,88,6,0.27,0,0.75,45.0,0,2.0,71.7,1,0,"Pattern detected because the task was submitted at the last minute, and similar behaviour appeared in at least 2 of the last 3 tasks.",Emerging
34876,51485,131,0,94,FFF,2013J,TMA,131.0,25.0,0.0,Last Minute,172,114,58,6,3.02,1,0.75,85.0,1,2.0,71.7,1,0,"Pattern detected because the task was submitted at the last minute, and academic activity increased sharply just before the deadline, and similar behaviour appeared in at least 2 of the last 3 tasks.",Emerging
34877,51485,173,0,98,FFF,2013J,TMA,173.0,25.0,0.0,Last Minute,284,112,172,6,1.05,0,0.75,45.0,0,1.0,58.3,0,0,Pattern detected because the task was submitted at the last minute.,Emerging
34878,51485,175,0,94,FFF,2013J,CMA,236.0,0.0,-61.0,Early,769,625,144,7,6.99,1,0.0,40.0,0,1.0,56.7,0,0,Pattern detected because academic activity increased sharply just before the deadline.,Emerging
34879,51485,236,0,99,FFF,2013J,CMA,236.0,0.0,0.0,Last Minute,769,625,144,7,6.99,1,0.75,85.0,1,1.0,56.7,0,0,"Pattern detected because the task was submitted at the last minute, and academic activity increased sharply just before the deadline.",Emerging
34880,51485,237,0,82,FFF,2013J,CMA,236.0,0.0,1.0,Late,769,625,144,7,6.99,1,1.0,100.0,1,2.0,75.0,1,0,"Pattern detected because the task was submitted after the deadline, and academic activity increased sharply just before the deadline, and similar behaviour appeared in at least 2 of the last 3 tasks.",High
34881,51485,237,0,86,FFF,2013J,CMA,236.0,0.0,1.0,Late,769,625,144,7,6.99,1,1.0,100.0,1,3.0,95.0,1,0,"Pattern detected because the task was submitted after the deadline, and academic activity increased sharply just before the deadline, and similar behaviour appeared in at least 2 of the last 3 tasks.",High
34882,51485,237,0,89,FFF,2013J,CMA,236.0,0.0,1.0,Late,769,625,144,7,6.99,1,1.0,100.0,1,3.0,100.0,1,0,"Pattern detected because the task was submitted after the deadline, and academic activity increased sharply just before the deadline, and similar behaviour appeared in at least 2 of the last 3 tasks.",High
34883,51485,237,0,96,FFF,2013J,CMA,236.0,0.0,1.0,Late,769,625,144,7,6.99,1,1.0,100.0,1,3.0,100.0,1,0,"Pattern detected because the task was submitted after the deadline, and academic activity increased sharply just before the deadline, and similar behaviour appeared in at least 2 of the last 3 tasks.",High
34884,51485,237,0,89,FFF,2013J,CMA,236.0,0.0,1.0,Late,769,625,144,7,6.99,1,1.0,100.0,1,3.0,100.0,1,0,"Pattern detected because the task was submitted after the deadline, and academic activity increased sharply just before the deadline, and similar behaviour appeared in at least 2 of the last 3 tasks.",High
34873,51576,18,0,66,FFF,2013J,TMA,19.0,12.5,-1.0,Last Minute,349,349,0,3,116.33,1,0.75,85.0,1,,,0,0,"Pattern detected because the task was submitted at the last minute, and academic activity increased sharply just before the deadline.",Normal
34874,51576,45,0,90,FFF,2013J,TMA,47.0,12.5,-2.0,Near Deadline,216,27,189,5,0.23,0,0.35,21.0,0,1.0,53.0,0,0,Pattern detected because the task was completed close to the deadline.,Emerging
34875,51576,111,0,73,FFF,2013J,TMA,96.0,25.0,15.0,Late,296,115,181,7,1.03,0,1.0,60.0,1,2.0,55.3,1,1,"Pattern detected because the task was submitted after the deadline, and similar behaviour appeared in at least 2 of the last 3 tasks.",Emerging
34876,51576,130,0,87,FFF,2013J,TMA,131.0,25.0,-1.0,Last Minute,180,166,14,4,14.56,1,0.75,85.0,1,2.0,55.3,1,0,"Pattern detected because the task was submitted at the last minute, and academic activity increased sharply just before the deadline, and similar behaviour appeared in at least 2 of the last 3 tasks.",Emerging
34877,51576,172,0,98,FFF,2013J,TMA,173.0,25.0,-1.0,Last Minute,108,70,38,3,2.71,1,0.75,85.0,1,3.0,76.7,1,0,"Pattern detected because the task was submitted at the last minute, and academic activity increased sharply just before the deadline, and similar behaviour appeared in at least 2 of the last 3 tasks.",High
34878,51576,52,0,99,FFF,2013J,CMA,236.0,0.0,-184.0,Early,219,0,219,3,0.0,0,0.0,0.0,0,2.0,56.7,1,0,Pattern detected because similar behaviour appeared in at least 2 of the last 3 tasks.,Emerging
34879,51576,94,0,97,FFF,2013J,CMA,236.0,0.0,-142.0,Early,219,0,219,3,0.0,0,0.0,0.0,0,1.0,28.3,0,0,No strong procrastination pattern detected.,Normal
34880,51576,111,0,95,FFF,2013J,CMA,236.0,0.0,-125.0,Early,219,0,219,3,0.0,0,0.0,0.0,0,0.0,0.0,0,0,No strong procrastination pattern detected.,Normal
34881,51576,121,0,97,FFF,2013J,CMA,236.0,0.0,-115.0,Early,219,0,219,3,0.0,0,0.0,0.0,0,0.0,0.0,0,0,No strong procrastination pattern detected.,Normal
34882,51576,157,0,91,FFF,2013J,CMA,236.0,0.0,-79.0,Early,219,0,219,3,0.0,0,0.0,0.0,0,0.0,0.0,0,0,No strong procrastination pattern detected.,Normal
34883,51576,227,0,78,FFF,2013J,CMA,236.0,0.0,-9.0,Early,219,0,219,3,0.0,0,0.0,0.0,0,0.0,0.0,0,0,No strong procrastination pattern detected.,Normal
34884,51576,227,0,95,FFF,2013J,CMA,236.0,0.0,-9.0,Early,219,0,219,3,0.0,0,0.0,0.0,0,0.0,0.0,0,0,No strong procrastination pattern detected.,Normal
34873,53166,16,0,84,FFF,2013J,TMA,19.0,12.5,-3.0,Near Deadline,87,11,76,3,0.23,0,0.35,21.0,0,,,0,0,Pattern detected because the task was completed close to the deadline.,Normal
34874,53166,47,0,66,FFF,2013J,TMA,47.0,12.5,0.0,Last Minute,65,39,26,4,2.1,1,0.75,85.0,1,1.0,53.0,0,0,"Pattern detected because the task was submitted at the last minute, and academic activity increased sharply just before the deadline.",Emerging
34875,53166,95,0,72,FFF,2013J,TMA,96.0,25.0,-1.0,Last Minute,209,173,36,4,7.03,1,0.75,85.0,1,2.0,63.7,1,1,"Pattern detected because the task was submitted at the last minute, and academic activity increased sharply just before the deadline, and similar behaviour appeared in at least 2 of the last 3 tasks.",Emerging
34876,53166,131,0,40,FFF,2013J,TMA,131.0,25.0,0.0,Last Minute,264,227,37,3,9.01,1,0.75,85.0,1,3.0,85.0,1,0,"Pattern detected because the task was submitted at the last minute, and academic activity increased sharply just before the deadline, and similar behaviour appeared in at least 2 of the last 3 tasks.",High
34877,53166,173,0,76,FFF,2013J,TMA,173.0,25.0,0.0,Last Minute,274,129,145,4,1.43,0,0.75,45.0,0,2.0,71.7,1,0,"Pattern detected because the task was submitted at the last minute, and similar behaviour appeared in at least 2 of the last 3 tasks.",Emerging
34878,53166,38,0,83,FFF,2013J,CMA,236.0,0.0,-198.0,Early,274,274,0,3,91.33,1,0.0,40.0,0,1.0,56.7,0,0,Pattern detected because academic activity increased sharply just before the deadline.,Emerging
34880,53166,132,0,72,FFF,2013J,CMA,236.0,0.0,-104.0,Early,274,274,0,3,91.33,1,0.0,40.0,0,0.0,41.7,0,0,Pattern detected because academic activity increased sharply just before the deadline.,Normal
34879,53166,142,0,77,FFF,2013J,CMA,236.0,0.0,-94.0,Early,274,274,0,3,91.33,1,0.0,40.0,0,0.0,40.0,0,0,Pattern detected because academic activity increased sharply just before the deadline.,Normal
34881,53166,167,0,71,FFF,2013J,CMA,236.0,0.0,-69.0,Early,274,274,0,3,91.33,1,0.0,40.0,0,0.0,40.0,0,0,Pattern detected because academic activity increased sharply just before the deadline.,Normal
34882,53166,201,0,59,FFF,2013J,CMA,236.0,0.0,-35.0,Early,274,274,0,3,91.33,1,0.0,40.0,0,0.0,40.0,0,0,Pattern detected because academic activity increased sharply just before the deadline.,Normal
34883,53166,236,0,79,FFF,2013J,CMA,236.0,0.0,0.0,Last Minute,274,274,0,3,91.33,1,0.75,85.0,1,1.0,55.0,0,0,"Pattern detected because the task was submitted at the last minute, and academic activity increased sharply just before the deadline.",Emerging
34884,53166,236,0,69,FFF,2013J,CMA,236.0,0.0,0.0,Last Minute,274,274,0,3,91.33,1,0.75,85.0,1,2.0,70.0,1,0,"Pattern detected because the task was submitted at the last minute, and academic activity increased sharply just before the deadline, and similar behaviour appeared in at least 2 of the last 3 tasks.",Emerging
34873,54882,19,0,82,FFF,2013J,TMA,19.0,12.5,0.0,Last Minute,51,48,3,5,10.0,1,0.75,85.0,1,,,0,0,"Pattern detected because the task was submitted at the last minute, and academic activity increased sharply just before the deadline.",Normal
34874,54882,47,0,62,FFF,2013J,TMA,47.0,12.5,0.0,Last Minute,38,31,7,2,4.31,1,0.75,85.0,1,2.0,85.0,1,1,"Pattern detected because the task was submitted at the last minute, and academic activity increased sharply just before the deadline, and similar behaviour appeared in at least 2 of the last 3 tasks.",High
34875,54882,96,0,51,FFF,2013J,TMA,96.0,25.0,0.0,Last Minute,88,85,3,3,17.71,1,0.75,85.0,1,3.0,85.0,1,0,"Pattern detected because the task was submitted at the last minute, and academic activity increased sharply just before the deadline, and similar behaviour appeared in at least 2 of the last 3 tasks.",High
34876,54882,130,0,29,FFF,2013J,TMA,131.0,25.0,-1.0,Last Minute,92,67,25,4,3.72,1,0.75,85.0,1,3.0,85.0,1,0,"Pattern detected because the task was submitted at the last minute, and academic activity increased sharply just before the deadline, and similar behaviour appeared in at least 2 of the last 3 tasks.",High
34877,54882,172,0,5,FFF,2013J,TMA,173.0,25.0,-1.0,Last Minute,50,50,0,1,16.67,1,0.75,85.0,1,3.0,85.0,1,0,"Pattern detected because the task was submitted at the last minute, and academic activity increased sharply just before the deadline, and similar behaviour appeared in at least 2 of the last 3 tasks.",High
34873,55013,18,0,72,FFF,2013J,TMA,19.0,12.5,-1.0,Last Minute,63,16,47,4,0.51,0,0.75,45.0,0,,,0,0,Pattern detected because the task was submitted at the last minute.,Normal
34874,55013,46,0,56,FFF,2013J,TMA,47.0,12.5,-1.0,Last Minute,35,12,23,3,0.71,0,0.75,45.0,0,0.0,45.0,0,0,Pattern detected because the task was submitted at the last minute.,Emerging
34875,55013,101,0,47,FFF,2013J,TMA,96.0,25.0,5.0,Late,70,1,69,5,0.02,0,1.0,60.0,1,1.0,50.0,0,0,Pattern detected because the task was submitted after the deadline.,Emerging
34876,55013,130,0,38,FFF,2013J,TMA,131.0,25.0,-1.0,Last Minute,48,7,41,5,0.25,0,0.75,45.0,0,1.0,50.0,0,0,Pattern detected because the task was submitted at the last minute.,Emerging
34873,55419,17,0,70,FFF,2013J,TMA,19.0,12.5,-2.0,Near Deadline,157,155,2,2,36.9,1,0.35,61.0,1,,,0,0,"Pattern detected because the task was completed close to the deadline, and academic activity increased sharply just before the deadline.",Normal
34878,55419,19,0,86,FFF,2013J,CMA,236.0,0.0,-217.0,Early,0,0,0,0,0.0,0,0.0,0.0,0,1.0,30.5,0,0,No strong procrastination pattern detected.,Normal
34873,57844,18,0,80,FFF,2013J,TMA,19.0,12.5,-1.0,Last Minute,44,6,38,4,0.23,0,0.75,45.0,0,,,0,0,Pattern detected because the task was submitted at the last minute.,Normal
34874,57844,46,0,52,FFF,2013J,TMA,47.0,12.5,-1.0,Last Minute,42,23,19,4,1.6,1,0.75,85.0,1,1.0,65.0,0,0,"Pattern detected because the task was submitted at the last minute, and academic activity increased sharply just before the deadline.",Emerging
34875,57844,102,0,84,FFF,2013J,TMA,96.0,25.0,6.0,Late,23,10,13,2,0.93,0,1.0,60.0,1,2.0,63.3,1,1,"Pattern detected because the task was submitted after the deadline, and similar behaviour appeared in at least 2 of the last 3 tasks.",Emerging
34876,57844,144,0,77,FFF,2013J,TMA,131.0,25.0,13.0,Late,52,16,36,4,0.65,0,1.0,60.0,1,3.0,68.3,1,0,"Pattern detected because the task was submitted after the deadline, and similar behaviour appeared in at least 2 of the last 3 tasks.",Emerging
34877,57844,171,0,86,FFF,2013J,TMA,173.0,25.0,-2.0,Near Deadline,76,24,52,5,0.7,0,0.35,21.0,0,2.0,47.0,1,0,"Pattern detected because the task was completed close to the deadline, and similar behaviour appeared in at least 2 of the last 3 tasks.",Emerging
34878,57844,214,0,78,FFF,2013J,CMA,236.0,0.0,-22.0,Early,102,89,13,3,8.24,1,0.0,40.0,0,1.0,40.3,0,0,Pattern detected because academic activity increased sharply just before the deadline.,Normal
34879,57844,214,0,91,FFF,2013J,CMA,236.0,0.0,-22.0,Early,102,89,13,3,8.24,1,0.0,40.0,0,0.0,33.7,0,0,Pattern detected because academic activity increased sharply just before the deadline.,Normal
34880,57844,220,0,82,FFF,2013J,CMA,236.0,0.0,-16.0,Early,102,89,13,3,8.24,1,0.0,40.0,0,0.0,40.0,0,0,Pattern detected because academic activity increased sharply just before the deadline.,Normal
34881,57844,220,0,90,FFF,2013J,CMA,236.0,0.0,-16.0,Early,102,89,13,3,8.24,1,0.0,40.0,0,0.0,40.0,0,0,Pattern detected because academic activity increased sharply just before the deadline.,Normal
34882,57844,220,0,88,FFF,2013J,CMA,236.0,0.0,-16.0,Early,102,89,13,3,8.24,1,0.0,40.0,0,0.0,40.0,0,0,Pattern detected because academic activity increased sharply just before the deadline.,Normal
34883,57844,227,0,90,FFF,2013J,CMA,236.0,0.0,-9.0,Early,102,89,13,3,8.24,1,0.0,40.0,0,0.0,40.0,0,0,Pattern detected because academic activity increased sharply just before the deadline.,Normal
34884,57844,227,0,87,FFF,2013J,CMA,236.0,0.0,-9.0,Early,102,89,13,3,8.24,1,0.0,40.0,0,0.0,40.0,0,0,Pattern detected because academic activity increased sharply just before the deadline.,Normal
34873,58640,18,0,78,FFF,2013J,TMA,19.0,12.5,-1.0,Last Minute,175,96,79,4,1.9,1,0.75,85.0,1,,,0,0,"Pattern detected because the task was submitted at the last minute, and academic activity increased sharply just before the deadline.",Normal
34874,58640,47,0,62,FFF,2013J,TMA,47.0,12.5,0.0,Last Minute,30,17,13,5,1.57,1,0.75,85.0,1,2.0,85.0,1,1,"Pattern detected because the task was submitted at the last minute, and academic activity increased sharply just before the deadline, and similar behaviour appeared in at least 2 of the last 3 tasks.",High
34875,58640,96,0,43,FFF,2013J,TMA,96.0,25.0,0.0,Last Minute,78,32,46,4,1.05,0,0.75,45.0,0,2.0,71.7,1,0,"Pattern detected because the task was submitted at the last minute, and similar behaviour appeared in at least 2 of the last 3 tasks.",Emerging
34876,58640,131,0,60,FFF,2013J,TMA,131.0,25.0,0.0,Last Minute,68,53,15,4,4.42,1,0.75,85.0,1,2.0,71.7,1,0,"Pattern detected because the task was submitted at the last minute, and academic activity increased sharply just before the deadline, and similar behaviour appeared in at least 2 of the last 3 tasks.",Emerging
34877,58640,173,0,74,FFF,2013J,TMA,173.0,25.0,0.0,Last Minute,56,31,25,5,1.72,1,0.75,85.0,1,2.0,71.7,1,0,"Pattern detected because the task was submitted at the last minute, and academic activity increased sharply just before the deadline, and similar behaviour appeared in at least 2 of the last 3 tasks.",Emerging
34878,58640,186,0,81,FFF,2013J,CMA,236.0,0.0,-50.0,Early,61,50,11,3,5.21,1,0.0,40.0,0,2.0,70.0,1,0,"Pattern detected because academic activity increased sharply just before the deadline, and similar behaviour appeared in at least 2 of the last 3 tasks.",Emerging
34879,58640,186,0,88,FFF,2013J,CMA,236.0,0.0,-50.0,Early,61,50,11,3,5.21,1,0.0,40.0,0,1.0,55.0,0,0,Pattern detected because academic activity increased sharply just before the deadline.,Emerging
34880,58640,222,0,61,FFF,2013J,CMA,236.0,0.0,-14.0,Early,61,50,11,3,5.21,1,0.0,40.0,0,0.0,40.0,0,0,Pattern detected because academic activity increased sharply just before the deadline.,Normal
34881,58640,222,0,67,FFF,2013J,CMA,236.0,0.0,-14.0,Early,61,50,11,3,5.21,1,0.0,40.0,0,0.0,40.0,0,0,Pattern detected because academic activity increased sharply just before the deadline.,Normal
34882,58640,222,0,57,FFF,2013J,CMA,236.0,0.0,-14.0,Early,61,50,11,3,5.21,1,0.0,40.0,0,0.0,40.0,0,0,Pattern detected because academic activity increased sharply just before the deadline.,Normal
34883,58640,222,0,78,FFF,2013J,CMA,236.0,0.0,-14.0,Early,61,50,11,3,5.21,1,0.0,40.0,0,0.0,40.0,0,0,Pattern detected because academic activity increased sharply just before the deadline.,Normal
34884,58640,222,0,61,FFF,2013J,CMA,236.0,0.0,-14.0,Early,61,50,11,3,5.21,1,0.0,40.0,0,0.0,40.0,0,0,Pattern detected because academic activity increased sharply just before the deadline.,Normal
34873,63295,18,0,76,FFF,2013J,TMA,19.0,12.5,-1.0,Last Minute,155,149,6,3,22.58,1,0.75,85.0,1,,,0,0,"Pattern detected because the task was submitted at the last minute, and academic activity increased sharply just before the deadline.",Normal
34874,63295,49,0,88,FFF,2013J,TMA,47.0,12.5,2.0,Late,13,1,12,3,0.1,0,1.0,60.0,1,2.0,72.5,1,1,"Pattern detected because the task was submitted after the deadline, and similar behaviour appeared in at least 2 of the last 3 tasks.",Emerging
34875,63295,99,0,54,FFF,2013J,TMA,96.0,25.0,3.0,Late,1,1,0,1,0.33,0,1.0,60.0,1,3.0,68.3,1,0,"Pattern detected because the task was submitted after the deadline, and similar behaviour appeared in at least 2 of the last 3 tasks.",Emerging
34876,63295,134,0,55,FFF,2013J,TMA,131.0,25.0,3.0,Late,58,39,19,4,2.71,1,1.0,100.0,1,3.0,73.3,1,0,"Pattern detected because the task was submitted after the deadline, and academic activity increased sharply just before the deadline, and similar behaviour appeared in at least 2 of the last 3 tasks.",Emerging
34878,63295,185,0,80,FFF,2013J,CMA,236.0,0.0,-51.0,Early,75,44,31,3,2.04,1,0.0,40.0,0,2.0,66.7,1,0,"Pattern detected because academic activity increased sharply just before the deadline, and similar behaviour appeared in at least 2 of the last 3 tasks.",Emerging
34879,63295,209,0,70,FFF,2013J,CMA,236.0,0.0,-27.0,Early,75,44,31,3,2.04,1,0.0,40.0,0,1.0,60.0,0,0,Pattern detected because academic activity increased sharply just before the deadline.,Emerging
34883,63295,209,0,53,FFF,2013J,CMA,236.0,0.0,-27.0,Early,75,44,31,3,2.04,1,0.0,40.0,0,0.0,40.0,0,0,Pattern detected because academic activity increased sharply just before the deadline.,Normal
34880,63295,210,0,75,FFF,2013J,CMA,236.0,0.0,-26.0,Early,75,44,31,3,2.04,1,0.0,40.0,0,0.0,40.0,0,0,Pattern detected because academic activity increased sharply just before the deadline.,Normal
34881,63295,210,0,60,FFF,2013J,CMA,236.0,0.0,-26.0,Early,75,44,31,3,2.04,1,0.0,40.0,0,0.0,40.0,0,0,Pattern detected because academic activity increased sharply just before the deadline.,Normal
34882,63295,210,0,57,FFF,2013J,CMA,236.0,0.0,-26.0,Early,75,44,31,3,2.04,1,0.0,40.0,0,0.0,40.0,0,0,Pattern detected because academic activity increased sharply just before the deadline.,Normal
34884,63295,210,0,26,FFF,2013J,CMA,236.0,0.0,-26.0,Early,75,44,31,3,2.04,1,0.0,40.0,0,0.0,40.0,0,0,Pattern detected because academic activity increased sharply just before the deadline.,Normal
34873,64388,15,0,78,FFF,2013J,TMA,19.0,12.5,-4.0,Early,554,196,358,8,0.9,0,0.0,0.0,0,,,0,0,No strong procrastination pattern detected.,Normal
34874,64388,44,0,72,FFF,2013J,TMA,47.0,12.5,-3.0,Near Deadline,206,39,167,7,0.38,0,0.35,21.0,0,0.0,10.5,0,0,Pattern detected because the task was completed close to the deadline.,Normal
34875,64388,102,0,58,FFF,2013J,TMA,96.0,25.0,6.0,Late,59,6,53,4,0.17,0,1.0,60.0,1,1.0,27.0,0,0,Pattern detected because the task was submitted after the deadline.,Normal
34876,64388,149,0,42,FFF,2013J,TMA,131.0,25.0,18.0,Late,15,5,10,2,0.56,0,1.0,60.0,1,2.0,47.0,1,1,"Pattern detected because the task was submitted after the deadline, and similar behaviour appeared in at least 2 of the last 3 tasks.",Emerging
34878,64388,14,0,72,FFF,2013J,CMA,236.0,0.0,-222.0,Early,20,20,0,1,6.67,1,0.0,40.0,0,2.0,53.3,1,0,"Pattern detected because academic activity increased sharply just before the deadline, and similar behaviour appeared in at least 2 of the last 3 tasks.",Emerging
34879,64388,28,0,75,FFF,2013J,CMA,236.0,0.0,-208.0,Early,20,20,0,1,6.67,1,0.0,40.0,0,1.0,46.7,0,0,Pattern detected because academic activity increased sharply just before the deadline.,Emerging
34880,64388,67,0,55,FFF,2013J,CMA,236.0,0.0,-169.0,Early,20,20,0,1,6.67,1,0.0,40.0,0,0.0,40.0,0,0,Pattern detected because academic activity increased sharply just before the deadline.,Normal
34881,64388,136,0,57,FFF,2013J,CMA,236.0,0.0,-100.0,Early,20,20,0,1,6.67,1,0.0,40.0,0,0.0,40.0,0,0,Pattern detected because academic activity increased sharply just before the deadline.,Normal
34882,64388,168,0,65,FFF,2013J,CMA,236.0,0.0,-68.0,Early,20,20,0,1,6.67,1,0.0,40.0,0,0.0,40.0,0,0,Pattern detected because academic activity increased sharply just before the deadline.,Normal
34884,64388,220,0,66,FFF,2013J,CMA,236.0,0.0,-16.0,Early,20,20,0,1,6.67,1,0.0,40.0,0,0.0,40.0,0,0,Pattern detected because academic activity increased sharply just before the deadline.,Normal
34883,64388,221,0,64,FFF,2013J,CMA,236.0,0.0,-15.0,Early,20,20,0,1,6.67,1,0.0,40.0,0,0.0,40.0,0,0,Pattern detected because academic activity increased sharply just before the deadline.,Normal
34873,66451,17,0,82,FFF,2013J,TMA,19.0,12.5,-2.0,Near Deadline,143,33,110,4,0.48,0,0.35,21.0,0,,,0,0,Pattern detected because the task was completed close to the deadline.,Normal
34874,66451,46,0,70,FFF,2013J,TMA,47.0,12.5,-1.0,Last Minute,35,2,33,4,0.09,0,0.75,45.0,0,0.0,33.0,0,0,Pattern detected because the task was submitted at the last minute.,Normal
34875,66451,95,0,64,FFF,2013J,TMA,96.0,25.0,-1.0,Last Minute,115,36,79,3,0.71,0,0.75,45.0,0,0.0,37.0,0,0,Pattern detected because the task was submitted at the last minute.,Normal
34876,66451,130,0,83,FFF,2013J,TMA,131.0,25.0,-1.0,Last Minute,32,6,26,2,0.32,0,0.75,45.0,0,0.0,45.0,0,0,Pattern detected because the task was submitted at the last minute.,Emerging
34877,66451,184,0,87,FFF,2013J,TMA,173.0,25.0,11.0,Late,0,0,0,0,0.0,0,1.0,60.0,1,1.0,50.0,0,0,Pattern detected because the task was submitted after the deadline.,Emerging
34878,66451,227,0,78,FFF,2013J,CMA,236.0,0.0,-9.0,Early,3,2,1,2,0.56,0,0.0,0.0,0,1.0,35.0,0,0,No strong procrastination pattern detected.,Normal
34879,66451,227,0,86,FFF,2013J,CMA,236.0,0.0,-9.0,Early,3,2,1,2,0.56,0,0.0,0.0,0,1.0,20.0,0,0,No strong procrastination pattern detected.,Normal
34880,66451,228,0,56,FFF,2013J,CMA,236.0,0.0,-8.0,Early,3,2,1,2,0.56,0,0.0,0.0,0,0.0,0.0,0,0,No strong procrastination pattern detected.,Normal
34881,66451,228,0,91,FFF,2013J,CMA,236.0,0.0,-8.0,Early,3,2,1,2,0.56,0,0.0,0.0,0,0.0,0.0,0,0,No strong procrastination pattern detected.,Normal
34882,66451,228,0,87,FFF,2013J,CMA,236.0,0.0,-8.0,Early,3,2,1,2,0.56,0,0.0,0.0,0,0.0,0.0,0,0,No strong procrastination pattern detected.,Normal
34883,66451,229,0,84,FFF,2013J,CMA,236.0,0.0,-7.0,Early,3,2,1,2,0.56,0,0.0,0.0,0,0.0,0.0,0,0,No strong procrastination pattern detected.,Normal
34884,66451,229,0,80,FFF,2013J,CMA,236.0,0.0,-7.0,Early,3,2,1,2,0.56,0,0.0,0.0,0,0.0,0.0,0,0,No strong procrastination pattern detected.,Normal
34873,68107,19,0,86,FFF,2013J,TMA,19.0,12.5,0.0,Last Minute,76,75,1,4,20.83,1,0.75,85.0,1,,,0,0,"Pattern detected because the task was submitted at the last minute, and academic activity increased sharply just before the deadline.",Normal
34874,68107,61,0,84,FFF,2013J,TMA,47.0,12.5,14.0,Late,1,0,1,1,0.0,0,1.0,60.0,1,2.0,72.5,1,1,"Pattern detected because the task was submitted after the deadline, and similar behaviour appeared in at least 2 of the last 3 tasks.",Emerging
34875,68107,96,0,90,FFF,2013J,TMA,96.0,25.0,0.0,Last Minute,346,256,90,5,4.49,1,0.75,85.0,1,3.0,76.7,1,0,"Pattern detected because the task was submitted at the last minute, and academic activity increased sharply just before the deadline, and similar behaviour appeared in at least 2 of the last 3 tasks.",High
34876,68107,136,0,92,FFF,2013J,TMA,131.0,25.0,5.0,Late,46,28,18,2,2.03,1,1.0,100.0,1,3.0,81.7,1,0,"Pattern detected because the task was submitted after the deadline, and academic activity increased sharply just before the deadline, and similar behaviour appeared in at least 2 of the last 3 tasks.",High
34877,68107,172,0,95,FFF,2013J,TMA,173.0,25.0,-1.0,Last Minute,156,137,19,6,9.51,1,0.75,85.0,1,3.0,90.0,1,0,"Pattern detected because the task was submitted at the last minute, and academic activity increased sharply just before the deadline, and similar behaviour appeared in at least 2 of the last 3 tasks.",High
34878,68107,124,0,89,FFF,2013J,CMA,236.0,0.0,-112.0,Early,157,48,109,5,0.7,0,0.0,0.0,0,2.0,61.7,1,0,Pattern detected because similar behaviour appeared in at least 2 of the last 3 tasks.,Emerging
34879,68107,124,0,89,FFF,2013J,CMA,236.0,0.0,-112.0,Early,157,48,109,5,0.7,0,0.0,0.0,0,1.0,28.3,0,0,No strong procrastination pattern detected.,Normal
34881,68107,124,0,88,FFF,2013J,CMA,236.0,0.0,-112.0,Early,157,48,109,5,0.7,0,0.0,0.0,0,0.0,0.0,0,0,No strong procrastination pattern detected.,Normal
34884,68107,185,0,92,FFF,2013J,CMA,236.0,0.0,-51.0,Early,157,48,109,5,0.7,0,0.0,0.0,0,0.0,0.0,0,0,No strong procrastination pattern detected.,Normal
34880,68107,214,0,84,FFF,2013J,CMA,236.0,0.0,-22.0,Early,157,48,109,5,0.7,0,0.0,0.0,0,0.0,0.0,0,0,No strong procrastination pattern detected.,Normal
34882,68107,214,0,87,FFF,2013J,CMA,236.0,0.0,-22.0,Early,157,48,109,5,0.7,0,0.0,0.0,0,0.0,0.0,0,0,No strong procrastination pattern detected.,Normal
34883,68107,214,0,80,FFF,2013J,CMA,236.0,0.0,-22.0,Early,157,48,109,5,0.7,0,0.0,0.0,0,0.0,0.0,0,0,No strong procrastination pattern detected.,Normal
34873,69346,18,0,76,FFF,2013J,TMA,19.0,12.5,-1.0,Last Minute,733,733,0,3,244.33,1,0.75,85.0,1,,,0,0,"Pattern detected because the task was submitted at the last minute, and academic activity increased sharply just before the deadline.",Normal
34878,69346,19,0,90,FFF,2013J,CMA,236.0,0.0,-217.0,Early,0,0,0,0,0.0,0,0.0,0.0,0,1.0,42.5,0,0,No strong procrastination pattern detected.,Normal
34879,69346,20,0,97,FFF,2013J,CMA,236.0,0.0,-216.0,Early,0,0,0,0,0.0,0,0.0,0.0,0,1.0,28.3,0,0,No strong procrastination pattern detected.,Normal
34873,70495,15,0,80,FFF,2013J,TMA,19.0,12.5,-4.0,Early,373,172,201,7,1.39,0,0.0,0.0,0,,,0,0,No strong procrastination pattern detected.,Normal
34874,70495,45,0,82,FFF,2013J,TMA,47.0,12.5,-2.0,Near Deadline,332,244,88,5,4.37,1,0.35,61.0,1,1.0,30.5,0,0,"Pattern detected because the task was completed close to the deadline, and academic activity increased sharply just before the deadline.",Normal
34875,70495,92,0,86,FFF,2013J,TMA,96.0,25.0,-4.0,Early,214,162,52,5,4.74,1,0.0,40.0,0,1.0,33.7,0,0,Pattern detected because academic activity increased sharply just before the deadline.,Normal
34876,70495,127,0,89,FFF,2013J,TMA,131.0,25.0,-4.0,Early,95,55,40,4,2.04,1,0.0,40.0,0,1.0,47.0,0,0,Pattern detected because academic activity increased sharply just before the deadline.,Emerging
34877,70495,169,0,95,FFF,2013J,TMA,173.0,25.0,-4.0,Early,93,15,78,6,0.3,0,0.0,0.0,0,0.0,26.7,0,0,No strong procrastination pattern detected.,Normal
34878,70495,47,0,91,FFF,2013J,CMA,236.0,0.0,-189.0,Early,103,0,103,1,0.0,0,0.0,0.0,0,0.0,13.3,0,0,No strong procrastination pattern detected.,Normal
34879,70495,49,0,97,FFF,2013J,CMA,236.0,0.0,-187.0,Early,103,0,103,1,0.0,0,0.0,0.0,0,0.0,0.0,0,0,No strong procrastination pattern detected.,Normal
34880,70495,74,0,88,FFF,2013J,CMA,236.0,0.0,-162.0,Early,103,0,103,1,0.0,0,0.0,0.0,0,0.0,0.0,0,0,No strong procrastination pattern detected.,Normal
34881,70495,132,0,93,FFF,2013J,CMA,236.0,0.0,-104.0,Early,103,0,103,1,0.0,0,0.0,0.0,0,0.0,0.0,0,0,No strong procrastination pattern detected.,Normal
34882,70495,167,0,85,FFF,2013J,CMA,236.0,0.0,-69.0,Early,103,0,103,1,0.0,0,0.0,0.0,0,0.0,0.0,0,0,No strong procrastination pattern detected.,Normal
34883,70495,222,0,82,FFF,2013J,CMA,236.0,0.0,-14.0,Early,103,0,103,1,0.0,0,0.0,0.0,0,0.0,0.0,0,0,No strong procrastination pattern detected.,Normal
34884,70495,222,0,82,FFF,2013J,CMA,236.0,0.0,-14.0,Early,103,0,103,1,0.0,0,0.0,0.0,0,0.0,0.0,0,0,No strong procrastination pattern detected.,Normal
34873,71252,18,0,90,FFF,2013J,TMA,19.0,12.5,-1.0,Last Minute,84,20,64,4,0.48,0,0.75,45.0,0,,,0,0,Pattern detected because the task was submitted at the last minute.,Normal
34874,71252,46,0,78,FFF,2013J,TMA,47.0,12.5,-1.0,Last Minute,30,21,9,4,2.5,1,0.75,85.0,1,1.0,65.0,0,0,"Pattern detected because the task was submitted at the last minute, and academic activity increased sharply just before the deadline.",Emerging
34875,71252,96,0,70,FFF,2013J,TMA,96.0,25.0,0.0,Last Minute,39,32,7,4,4.44,1,0.75,85.0,1,2.0,71.7,1,1,"Pattern detected because the task was submitted at the last minute, and academic activity increased sharply just before the deadline, and similar behaviour appeared in at least 2 of the last 3 tasks.",Emerging
34876,71252,131,0,73,FFF,2013J,TMA,131.0,25.0,0.0,Last Minute,59,59,0,3,19.67,1,0.75,85.0,1,3.0,85.0,1,0,"Pattern detected because the task was submitted at the last minute, and academic activity increased sharply just before the deadline, and similar behaviour appeared in at least 2 of the last 3 tasks.",High
34877,71252,172,0,82,FFF,2013J,TMA,173.0,25.0,-1.0,Last Minute,85,85,0,2,28.33,1,0.75,85.0,1,3.0,85.0,1,0,"Pattern detected because the task was submitted at the last minute, and academic activity increased sharply just before the deadline, and similar behaviour appeared in at least 2 of the last 3 tasks.",High
34878,71252,236,0,88,FFF,2013J,CMA,236.0,0.0,0.0,Last Minute,812,763,49,5,23.55,1,0.75,85.0,1,3.0,85.0,1,0,"Pattern detected because the task was submitted at the last minute, and academic activity increased sharply just before the deadline, and similar behaviour appeared in at least 2 of the last 3 tasks.",High
34879,71252,236,0,92,FFF,2013J,CMA,236.0,0.0,0.0,Last Minute,812,763,49,5,23.55,1,0.75,85.0,1,3.0,85.0,1,0,"Pattern detected because the task was submitted at the last minute, and academic activity increased sharply just before the deadline, and similar behaviour appeared in at least 2 of the last 3 tasks.",High
34880,71252,236,0,66,FFF,2013J,CMA,236.0,0.0,0.0,Last Minute,812,763,49,5,23.55,1,0.75,85.0,1,3.0,85.0,1,0,"Pattern detected because the task was submitted at the last minute, and academic activity increased sharply just before the deadline, and similar behaviour appeared in at least 2 of the last 3 tasks.",High
34881,71252,236,0,90,FFF,2013J,CMA,236.0,0.0,0.0,Last Minute,812,763,49,5,23.55,1,0.75,85.0,1,3.0,85.0,1,0,"Pattern detected because the task was submitted at the last minute, and academic activity increased sharply just before the deadline, and similar behaviour appeared in at least 2 of the last 3 tasks.",High
34882,71252,236,0,71,FFF,2013J,CMA,236.0,0.0,0.0,Last Minute,812,763,49,5,23.55,1,0.75,85.0,1,3.0,85.0,1,0,"Pattern detected because the task was submitted at the last minute, and academic activity increased sharply just before the deadline, and similar behaviour appeared in at least 2 of the last 3 tasks.",High
34883,71252,236,0,77,FFF,2013J,CMA,236.0,0.0,0.0,Last Minute,812,763,49,5,23.55,1,0.75,85.0,1,3.0,85.0,1,0,"Pattern detected because the task was submitted at the last minute, and academic activity increased sharply just before the deadline, and similar behaviour appeared in at least 2 of the last 3 tasks.",High
34884,71252,236,0,63,FFF,2013J,CMA,236.0,0.0,0.0,Last Minute,812,763,49,5,23.55,1,0.75,85.0,1,3.0,85.0,1,0,"Pattern detected because the task was submitted at the last minute, and academic activity increased sharply just before the deadline, and similar behaviour appeared in at least 2 of the last 3 tasks.",High
34873,72864,17,0,96,FFF,2013J,TMA,19.0,12.5,-2.0,Near Deadline,81,10,71,4,0.22,0,0.35,21.0,0,,,0,0,Pattern detected because the task was completed close to the deadline.,Normal
34874,72864,41,0,76,FFF,2013J,TMA,47.0,12.5,-6.0,Early,56,0,56,2,0.0,0,0.0,0.0,0,0.0,10.5,0,0,No strong procrastination pattern detected.,Normal
34875,72864,95,0,59,FFF,2013J,TMA,96.0,25.0,-1.0,Last Minute,53,29,24,3,1.67,1,0.75,85.0,1,1.0,35.3,0,0,"Pattern detected because the task was submitted at the last minute, and academic activity increased sharply just before the deadline.",Normal
34876,72864,130,0,58,FFF,2013J,TMA,131.0,25.0,-1.0,Last Minute,364,301,63,4,7.38,1,0.75,85.0,1,2.0,56.7,1,1,"Pattern detected because the task was submitted at the last minute, and academic activity increased sharply just before the deadline, and similar behaviour appeared in at least 2 of the last 3 tasks.",Emerging
34878,72864,132,0,89,FFF,2013J,CMA,236.0,0.0,-104.0,Early,14,0,14,2,0.0,0,0.0,0.0,0,2.0,56.7,1,0,Pattern detected because similar behaviour appeared in at least 2 of the last 3 tasks.,Emerging
34879,72864,173,0,93,FFF,2013J,CMA,236.0,0.0,-63.0,Early,14,0,14,2,0.0,0,0.0,0.0,0,1.0,28.3,0,0,No strong procrastination pattern detected.,Normal
34880,72864,178,0,85,FFF,2013J,CMA,236.0,0.0,-58.0,Early,14,0,14,2,0.0,0,0.0,0.0,0,0.0,0.0,0,0,No strong procrastination pattern detected.,Normal
34881,72864,178,0,81,FFF,2013J,CMA,236.0,0.0,-58.0,Early,14,0,14,2,0.0,0,0.0,0.0,0,0.0,0.0,0,0,No strong procrastination pattern detected.,Normal
34883,72864,178,0,80,FFF,2013J,CMA,236.0,0.0,-58.0,Early,14,0,14,2,0.0,0,0.0,0.0,0,0.0,0.0,0,0,No strong procrastination pattern detected.,Normal
34873,77744,18,0,86,FFF,2013J,TMA,19.0,12.5,-1.0,Last Minute,131,112,19,4,7.78,1,0.75,85.0,1,,,0,0,"Pattern detected because the task was submitted at the last minute, and academic activity increased sharply just before the deadline.",Normal
34874,77744,46,0,74,FFF,2013J,TMA,47.0,12.5,-1.0,Last Minute,124,36,88,6,0.65,0,0.75,45.0,0,1.0,65.0,0,0,Pattern detected because the task was submitted at the last minute.,Emerging
34875,77744,92,0,85,FFF,2013J,TMA,96.0,25.0,-4.0,Early,14,0,14,1,0.0,0,0.0,0.0,0,1.0,43.3,0,0,No strong procrastination pattern detected.,Normal
34876,77744,127,0,80,FFF,2013J,TMA,131.0,25.0,-4.0,Early,57,0,57,2,0.0,0,0.0,0.0,0,0.0,15.0,0,0,No strong procrastination pattern detected.,Normal
34877,77744,168,0,84,FFF,2013J,TMA,173.0,25.0,-5.0,Early,47,0,47,2,0.0,0,0.0,0.0,0,0.0,0.0,0,0,No strong procrastination pattern detected.,Normal
34878,77744,52,0,83,FFF,2013J,CMA,236.0,0.0,-184.0,Early,16,0,16,1,0.0,0,0.0,0.0,0,0.0,0.0,0,0,No strong procrastination pattern detected.,Normal
34879,77744,52,0,87,FFF,2013J,CMA,236.0,0.0,-184.0,Early,16,0,16,1,0.0,0,0.0,0.0,0,0.0,0.0,0,0,No strong procrastination pattern detected.,Normal
34880,77744,136,0,87,FFF,2013J,CMA,236.0,0.0,-100.0,Early,16,0,16,1,0.0,0,0.0,0.0,0,0.0,0.0,0,0,No strong procrastination pattern detected.,Normal
34881,77744,136,0,84,FFF,2013J,CMA,236.0,0.0,-100.0,Early,16,0,16,1,0.0,0,0.0,0.0,0,0.0,0.0,0,0,No strong procrastination pattern detected.,Normal
34882,77744,164,0,86,FFF,2013J,CMA,236.0,0.0,-72.0,Early,16,0,16,1,0.0,0,0.0,0.0,0,0.0,0.0,0,0,No strong procrastination pattern detected.,Normal
34884,77744,193,0,75,FFF,2013J,CMA,236.0,0.0,-43.0,Early,16,0,16,1,0.0,0,0.0,0.0,0,0.0,0.0,0,0,No strong procrastination pattern detected.,Normal
34883,77744,199,0,86,FFF,2013J,CMA,236.0,0.0,-37.0,Early,16,0,16,1,0.0,0,0.0,0.0,0,0.0,0.0,0,0,No strong procrastination pattern detected.,Normal
34874,77746,47,0,74,FFF,2013J,TMA,47.0,12.5,0.0,Last Minute,96,83,13,5,7.69,1,0.75,85.0,1,,,0,0,"Pattern detected because the task was submitted at the last minute, and academic activity increased sharply just before the deadline.",Normal
34873,79261,18,0,82,FFF,2013J,TMA,19.0,12.5,-1.0,Last Minute,79,45,34,4,1.92,1,0.75,85.0,1,,,0,0,"Pattern detected because the task was submitted at the last minute, and academic activity increased sharply just before the deadline.",Normal
34874,79261,47,0,76,FFF,2013J,TMA,47.0,12.5,0.0,Last Minute,77,11,66,4,0.26,0,0.75,45.0,0,1.0,65.0,0,0,Pattern detected because the task was submitted at the last minute.,Emerging
34875,79261,96,0,83,FFF,2013J,TMA,96.0,25.0,0.0,Last Minute,70,15,55,5,0.42,0,0.75,45.0,0,1.0,58.3,0,0,Pattern detected because the task was submitted at the last minute.,Emerging
34876,79261,131,0,84,FFF,2013J,TMA,131.0,25.0,0.0,Last Minute,147,138,9,4,16.43,1,0.75,85.0,1,1.0,58.3,0,0,"Pattern detected because the task was submitted at the last minute, and academic activity increased sharply just before the deadline.",Emerging
34877,79261,172,0,82,FFF,2013J,TMA,173.0,25.0,-1.0,Last Minute,178,88,90,5,1.54,1,0.75,85.0,1,2.0,71.7,1,1,"Pattern detected because the task was submitted at the last minute, and academic activity increased sharply just before the deadline, and similar behaviour appeared in at least 2 of the last 3 tasks.",Emerging
34878,79261,199,0,84,FFF,2013J,CMA,236.0,0.0,-37.0,Early,559,117,442,5,0.44,0,0.0,0.0,0,2.0,56.7,1,0,Pattern detected because similar behaviour appeared in at least 2 of the last 3 tasks.,Emerging
34879,79261,199,0,95,FFF,2013J,CMA,236.0,0.0,-37.0,Early,559,117,442,5,0.44,0,0.0,0.0,0,1.0,28.3,0,0,No strong procrastination pattern detected.,Normal
34880,79261,199,0,90,FFF,2013J,CMA,236.0,0.0,-37.0,Early,559,117,442,5,0.44,0,0.0,0.0,0,0.0,0.0,0,0,No strong procrastination pattern detected.,Normal
34881,79261,199,0,81,FFF,2013J,CMA,236.0,0.0,-37.0,Early,559,117,442,5,0.44,0,0.0,0.0,0,0.0,0.0,0,0,No strong procrastination pattern detected.,Normal
34882,79261,235,0,85,FFF,2013J,CMA,236.0,0.0,-1.0,Last Minute,559,117,442,5,0.44,0,0.75,45.0,0,0.0,15.0,0,0,Pattern detected because the task was submitted at the last minute.,Normal
34883,79261,235,0,90,FFF,2013J,CMA,236.0,0.0,-1.0,Last Minute,559,117,442,5,0.44,0,0.75,45.0,0,0.0,30.0,0,0,Pattern detected because the task was submitted at the last minute.,Normal
34884,79261,235,0,88,FFF,2013J,CMA,236.0,0.0,-1.0,Last Minute,559,117,442,5,0.44,0,0.75,45.0,0,0.0,45.0,0,0,Pattern detected because the task was submitted at the last minute.,Emerging
34873,81536,19,0,64,FFF,2013J,TMA,19.0,12.5,0.0,Last Minute,135,109,26,4,5.86,1,0.75,85.0,1,,,0,0,"Pattern detected because the task was submitted at the last minute, and academic activity increased sharply just before the deadline.",Normal
34874,81536,43,0,72,FFF,2013J,TMA,47.0,12.5,-4.0,Early,17,0,17,3,0.0,0,0.0,0.0,0,1.0,42.5,0,0,No strong procrastination pattern detected.,Normal
34873,86669,19,0,92,FFF,2013J,TMA,19.0,12.5,0.0,Last Minute,230,230,0,3,76.67,1,0.75,85.0,1,,,0,0,"Pattern detected because the task was submitted at the last minute, and academic activity increased sharply just before the deadline.",Normal
34874,86669,47,0,94,FFF,2013J,TMA,47.0,12.5,0.0,Last Minute,128,117,11,3,12.19,1,0.75,85.0,1,2.0,85.0,1,1,"Pattern detected because the task was submitted at the last minute, and academic activity increased sharply just before the deadline, and similar behaviour appeared in at least 2 of the last 3 tasks.",High
34875,86669,97,0,87,FFF,2013J,TMA,96.0,25.0,1.0,Late,105,104,1,3,28.89,1,1.0,100.0,1,3.0,90.0,1,0,"Pattern detected because the task was submitted after the deadline, and academic activity increased sharply just before the deadline, and similar behaviour appeared in at least 2 of the last 3 tasks.",High
34876,86669,131,0,88,FFF,2013J,TMA,131.0,25.0,0.0,Last Minute,146,145,1,2,40.28,1,0.75,85.0,1,3.0,90.0,1,0,"Pattern detected because the task was submitted at the last minute, and academic activity increased sharply just before the deadline, and similar behaviour appeared in at least 2 of the last 3 tasks.",High
34877,86669,173,0,82,FFF,2013J,TMA,173.0,25.0,0.0,Last Minute,350,34,316,5,0.18,0,0.75,45.0,0,2.0,76.7,1,0,"Pattern detected because the task was submitted at the last minute, and similar behaviour appeared in at least 2 of the last 3 tasks.",High
34878,86669,19,0,93,FFF,2013J,CMA,236.0,0.0,-217.0,Early,75,75,0,2,25.0,1,0.0,40.0,0,1.0,56.7,0,0,Pattern detected because academic activity increased sharply just before the deadline.,Emerging
34879,86669,49,0,91,FFF,2013J,CMA,236.0,0.0,-187.0,Early,75,75,0,2,25.0,1,0.0,40.0,0,0.0,41.7,0,0,Pattern detected because academic activity increased sharply just before the deadline.,Normal
34880,86669,53,0,80,FFF,2013J,CMA,236.0,0.0,-183.0,Early,75,75,0,2,25.0,1,0.0,40.0,0,0.0,40.0,0,0,Pattern detected because academic activity increased sharply just before the deadline.,Normal
34881,86669,138,0,69,FFF,2013J,CMA,236.0,0.0,-98.0,Early,75,75,0,2,25.0,1,0.0,40.0,0,0.0,40.0,0,0,Pattern detected because academic activity increased sharply just before the deadline.,Normal
34882,86669,168,0,80,FFF,2013J,CMA,236.0,0.0,-68.0,Early,75,75,0,2,25.0,1,0.0,40.0,0,0.0,40.0,0,0,Pattern detected because academic activity increased sharply just before the deadline.,Normal
34884,86669,168,0,86,FFF,2013J,CMA,236.0,0.0,-68.0,Early,75,75,0,2,25.0,1,0.0,40.0,0,0.0,40.0,0,0,Pattern detected because academic activity increased sharply just before the deadline.,Normal
34883,86669,217,0,68,FFF,2013J,CMA,236.0,0.0,-19.0,Early,75,75,0,2,25.0,1,0.0,40.0,0,0.0,40.0,0,0,Pattern detected because academic activity increased sharply just before the deadline.,Normal
34873,88781,18,0,68,FFF,2013J,TMA,19.0,12.5,-1.0,Last Minute,146,105,41,6,3.8,1,0.75,85.0,1,,,0,0,"Pattern detected because the task was submitted at the last minute, and academic activity increased sharply just before the deadline.",Normal
34874,88781,47,0,70,FFF,2013J,TMA,47.0,12.5,0.0,Last Minute,148,146,2,3,34.76,1,0.75,85.0,1,2.0,85.0,1,1,"Pattern detected because the task was submitted at the last minute, and academic activity increased sharply just before the deadline, and similar behaviour appeared in at least 2 of the last 3 tasks.",High
34875,88781,96,0,41,FFF,2013J,TMA,96.0,25.0,0.0,Last Minute,139,83,56,5,2.27,1,0.75,85.0,1,3.0,85.0,1,0,"Pattern detected because the task was submitted at the last minute, and academic activity increased sharply just before the deadline, and similar behaviour appeared in at least 2 of the last 3 tasks.",High
34876,88781,131,0,42,FFF,2013J,TMA,131.0,25.0,0.0,Last Minute,32,32,0,2,10.67,1,0.75,85.0,1,3.0,85.0,1,0,"Pattern detected because the task was submitted at the last minute, and academic activity increased sharply just before the deadline, and similar behaviour appeared in at least 2 of the last 3 tasks.",High
34873,90901,16,0,80,FFF,2013J,TMA,19.0,12.5,-3.0,Near Deadline,149,29,120,6,0.39,0,0.35,21.0,0,,,0,0,Pattern detected because the task was completed close to the deadline.,Normal
34874,90901,46,0,88,FFF,2013J,TMA,47.0,12.5,-1.0,Last Minute,21,7,14,4,0.61,0,0.75,45.0,0,0.0,33.0,0,0,Pattern detected because the task was submitted at the last minute.,Normal
34875,90901,85,0,78,FFF,2013J,TMA,96.0,25.0,-11.0,Early,1,0,1,1,0.0,0,0.0,0.0,0,0.0,22.0,0,0,No strong procrastination pattern detected.,Normal
34876,90901,128,0,95,FFF,2013J,TMA,131.0,25.0,-3.0,Near Deadline,7,0,7,1,0.0,0,0.35,21.0,0,0.0,22.0,0,0,Pattern detected because the task was completed close to the deadline.,Normal
34877,90901,155,0,91,FFF,2013J,TMA,173.0,25.0,-18.0,Early,6,6,0,1,2.0,1,0.0,40.0,0,0.0,20.3,0,0,Pattern detected because academic activity increased sharply just before the deadline.,Normal
34878,90901,186,0,90,FFF,2013J,CMA,236.0,0.0,-50.0,Early,1,1,0,1,0.33,0,0.0,0.0,0,0.0,20.3,0,0,No strong procrastination pattern detected.,Normal
34879,90901,187,0,96,FFF,2013J,CMA,236.0,0.0,-49.0,Early,1,1,0,1,0.33,0,0.0,0.0,0,0.0,13.3,0,0,No strong procrastination pattern detected.,Normal
34880,90901,189,0,93,FFF,2013J,CMA,236.0,0.0,-47.0,Early,1,1,0,1,0.33,0,0.0,0.0,0,0.0,0.0,0,0,No strong procrastination pattern detected.,Normal
34881,90901,192,0,92,FFF,2013J,CMA,236.0,0.0,-44.0,Early,1,1,0,1,0.33,0,0.0,0.0,0,0.0,0.0,0,0,No strong procrastination pattern detected.,Normal
34882,90901,195,0,95,FFF,2013J,CMA,236.0,0.0,-41.0,Early,1,1,0,1,0.33,0,0.0,0.0,0,0.0,0.0,0,0,No strong procrastination pattern detected.,Normal
34883,90901,214,0,92,FFF,2013J,CMA,236.0,0.0,-22.0,Early,1,1,0,1,0.33,0,0.0,0.0,0,0.0,0.0,0,0,No strong procrastination pattern detected.,Normal
34884,90901,214,0,82,FFF,2013J,CMA,236.0,0.0,-22.0,Early,1,1,0,1,0.33,0,0.0,0.0,0,0.0,0.0,0,0,No strong procrastination pattern detected.,Normal
34873,91629,18,0,68,FFF,2013J,TMA,19.0,12.5,-1.0,Last Minute,100,74,26,4,3.98,1,0.75,85.0,1,,,0,0,"Pattern detected because the task was submitted at the last minute, and academic activity increased sharply just before the deadline.",Normal
34874,91629,50,0,70,FFF,2013J,TMA,47.0,12.5,3.0,Late,395,328,67,5,7.59,1,1.0,100.0,1,2.0,92.5,1,1,"Pattern detected because the task was submitted after the deadline, and academic activity increased sharply just before the deadline, and similar behaviour appeared in at least 2 of the last 3 tasks.",High
34878,91629,54,0,92,FFF,2013J,CMA,236.0,0.0,-182.0,Early,0,0,0,0,0.0,0,0.0,0.0,0,2.0,61.7,1,0,Pattern detected because similar behaviour appeared in at least 2 of the last 3 tasks.,Emerging
34875,95746,96,0,75,FFF,2013J,TMA,96.0,25.0,0.0,Last Minute,32,31,1,3,8.61,1,0.75,85.0,1,,,0,0,"Pattern detected because the task was submitted at the last minute, and academic activity increased sharply just before the deadline.",Normal
34876,95746,129,0,84,FFF,2013J,TMA,131.0,25.0,-2.0,Near Deadline,91,18,73,2,0.38,0,0.35,21.0,0,1.0,53.0,0,0,Pattern detected because the task was completed close to the deadline.,Emerging
34877,95746,169,0,82,FFF,2013J,TMA,173.0,25.0,-4.0,Early,66,0,66,3,0.0,0,0.0,0.0,0,1.0,35.3,0,0,No strong procrastination pattern detected.,Normal
34879,95746,210,0,95,FFF,2013J,CMA,236.0,0.0,-26.0,Early,58,9,49,3,0.28,0,0.0,0.0,0,0.0,7.0,0,0,No strong procrastination pattern detected.,Normal
34880,95746,210,0,83,FFF,2013J,CMA,236.0,0.0,-26.0,Early,58,9,49,3,0.28,0,0.0,0.0,0,0.0,0.0,0,0,No strong procrastination pattern detected.,Normal
34881,95746,227,0,91,FFF,2013J,CMA,236.0,0.0,-9.0,Early,58,9,49,3,0.28,0,0.0,0.0,0,0.0,0.0,0,0,No strong procrastination pattern detected.,Normal
34882,95746,227,0,79,FFF,2013J,CMA,236.0,0.0,-9.0,Early,58,9,49,3,0.28,0,0.0,0.0,0,0.0,0.0,0,0,No strong procrastination pattern detected.,Normal
34883,95746,228,0,88,FFF,2013J,CMA,236.0,0.0,-8.0,Early,58,9,49,3,0.28,0,0.0,0.0,0,0.0,0.0,0,0,No strong procrastination pattern detected.,Normal
34884,95746,228,0,80,FFF,2013J,CMA,236.0,0.0,-8.0,Early,58,9,49,3,0.28,0,0.0,0.0,0,0.0,0.0,0,0,No strong procrastination pattern detected.,Normal
34873,100064,40,0,92,FFF,2013J,TMA,19.0,12.5,21.0,Late,3,0,3,1,0.0,0,1.0,60.0,1,,,0,0,Pattern detected because the task was submitted after the deadline.,Normal
34874,100064,47,0,92,FFF,2013J,TMA,47.0,12.5,0.0,Last Minute,181,159,22,7,9.81,1,0.75,85.0,1,2.0,72.5,1,1,"Pattern detected because the task was submitted at the last minute, and academic activity increased sharply just before the deadline, and similar behaviour appeared in at least 2 of the last 3 tasks.",Emerging
34875,100064,109,0,94,FFF,2013J,TMA,96.0,25.0,13.0,Late,242,121,121,7,1.6,1,1.0,100.0,1,3.0,81.7,1,0,"Pattern detected because the task was submitted after the deadline, and academic activity increased sharply just before the deadline, and similar behaviour appeared in at least 2 of the last 3 tasks.",High
34876,100064,131,0,93,FFF,2013J,TMA,131.0,25.0,0.0,Last Minute,131,51,80,6,1.0,0,0.75,45.0,0,2.0,76.7,1,0,"Pattern detected because the task was submitted at the last minute, and similar behaviour appeared in at least 2 of the last 3 tasks.",High
34877,100064,172,0,89,FFF,2013J,TMA,173.0,25.0,-1.0,Last Minute,234,157,77,5,3.19,1,0.75,85.0,1,2.0,76.7,1,0,"Pattern detected because the task was submitted at the last minute, and academic activity increased sharply just before the deadline, and similar behaviour appeared in at least 2 of the last 3 tasks.",High
34878,100064,185,0,82,FFF,2013J,CMA,236.0,0.0,-51.0,Early,219,81,138,7,0.94,0,0.0,0.0,0,1.0,43.3,0,0,No strong procrastination pattern detected.,Normal
34879,100064,185,0,91,FFF,2013J,CMA,236.0,0.0,-51.0,Early,219,81,138,7,0.94,0,0.0,0.0,0,1.0,28.3,0,0,No strong procrastination pattern detected.,Normal
34880,100064,185,0,82,FFF,2013J,CMA,236.0,0.0,-51.0,Early,219,81,138,7,0.94,0,0.0,0.0,0,0.0,0.0,0,0,No strong procrastination pattern detected.,Normal
34881,100064,185,0,93,FFF,2013J,CMA,236.0,0.0,-51.0,Early,219,81,138,7,0.94,0,0.0,0.0,0,0.0,0.0,0,0,No strong procrastination pattern detected.,Normal
34882,100064,185,0,88,FFF,2013J,CMA,236.0,0.0,-51.0,Early,219,81,138,7,0.94,0,0.0,0.0,0,0.0,0.0,0,0,No strong procrastination pattern detected.,Normal
34884,100064,207,0,82,FFF,2013J,CMA,236.0,0.0,-29.0,Early,219,81,138,7,0.94,0,0.0,0.0,0,0.0,0.0,0,0,No strong procrastination pattern detected.,Normal
34883,100064,208,0,94,FFF,2013J,CMA,236.0,0.0,-28.0,Early,219,81,138,7,0.94,0,0.0,0.0,0,0.0,0.0,0,0,No strong procrastination pattern detected.,Normal
34873,100788,19,0,92,FFF,2013J,TMA,19.0,12.5,0.0,Last Minute,135,102,33,7,4.47,1,0.75,85.0,1,,,0,0,"Pattern detected because the task was submitted at the last minute, and academic activity increased sharply just before the deadline.",Normal
34874,100788,45,0,90,FFF,2013J,TMA,47.0,12.5,-2.0,Near Deadline,238,201,37,6,7.98,1,0.35,61.0,1,2.0,73.0,1,1,"Pattern detected because the task was completed close to the deadline, and academic activity increased sharply just before the deadline, and similar behaviour appeared in at least 2 of the last 3 tasks.",Emerging
34875,100788,96,0,89,FFF,2013J,TMA,96.0,25.0,0.0,Last Minute,115,38,77,6,0.77,0,0.75,45.0,0,2.0,63.7,1,0,"Pattern detected because the task was submitted at the last minute, and similar behaviour appeared in at least 2 of the last 3 tasks.",Emerging
34876,100788,130,0,61,FFF,2013J,TMA,131.0,25.0,-1.0,Last Minute,99,60,39,5,2.27,1,0.75,85.0,1,2.0,63.7,1,0,"Pattern detected because the task was submitted at the last minute, and academic activity increased sharply just before the deadline, and similar behaviour appeared in at least 2 of the last 3 tasks.",Emerging
34877,100788,171,0,87,FFF,2013J,TMA,173.0,25.0,-2.0,Near Deadline,305,57,248,6,0.38,0,0.35,21.0,0,1.0,50.3,0,0,Pattern detected because the task was completed close to the deadline.,Emerging
34879,100788,48,0,92,FFF,2013J,CMA,236.0,0.0,-188.0,Early,85,33,52,5,0.96,0,0.0,0.0,0,1.0,35.3,0,0,No strong procrastination pattern detected.,Normal
34878,100788,49,0,90,FFF,2013J,CMA,236.0,0.0,-187.0,Early,85,33,52,5,0.96,0,0.0,0.0,0,0.0,7.0,0,0,No strong procrastination pattern detected.,Normal
34880,100788,101,0,97,FFF,2013J,CMA,236.0,0.0,-135.0,Early,85,33,52,5,0.96,0,0.0,0.0,0,0.0,0.0,0,0,No strong procrastination pattern detected.,Normal
34881,100788,185,0,85,FFF,2013J,CMA,236.0,0.0,-51.0,Early,85,33,52,5,0.96,0,0.0,0.0,0,0.0,0.0,0,0,No strong procrastination pattern detected.,Normal
34882,100788,186,0,88,FFF,2013J,CMA,236.0,0.0,-50.0,Early,85,33,52,5,0.96,0,0.0,0.0,0,0.0,0.0,0,0,No strong procrastination pattern detected.,Normal
34883,100788,202,0,93,FFF,2013J,CMA,236.0,0.0,-34.0,Early,85,33,52,5,0.96,0,0.0,0.0,0,0.0,0.0,0,0,No strong procrastination pattern detected.,Normal
34884,100788,214,0,99,FFF,2013J,CMA,236.0,0.0,-22.0,Early,85,33,52,5,0.96,0,0.0,0.0,0,0.0,0.0,0,0,No strong procrastination pattern detected.,Normal
34873,101217,17,0,14,FFF,2013J,TMA,19.0,12.5,-2.0,Near Deadline,27,25,2,2,5.95,1,0.35,61.0,1,,,0,0,"Pattern detected because the task was completed close to the deadline, and academic activity increased sharply just before the deadline.",Normal
34873,101420,18,0,92,FFF,2013J,TMA,19.0,12.5,-1.0,Last Minute,205,47,158,7,0.48,0,0.75,45.0,0,,,0,0,Pattern detected because the task was submitted at the last minute.,Normal
34874,101420,46,0,90,FFF,2013J,TMA,47.0,12.5,-1.0,Last Minute,107,71,36,4,2.89,1,0.75,85.0,1,1.0,65.0,0,0,"Pattern detected because the task was submitted at the last minute, and academic activity increased sharply just before the deadline.",Emerging
34875,101420,95,0,97,FFF,2013J,TMA,96.0,25.0,-1.0,Last Minute,67,47,20,5,3.13,1,0.75,85.0,1,2.0,71.7,1,1,"Pattern detected because the task was submitted at the last minute, and academic activity increased sharply just before the deadline, and similar behaviour appeared in at least 2 of the last 3 tasks.",Emerging
34876,101420,130,0,89,FFF,2013J,TMA,131.0,25.0,-1.0,Last Minute,104,66,38,4,2.56,1,0.75,85.0,1,3.0,85.0,1,0,"Pattern detected because the task was submitted at the last minute, and academic activity increased sharply just before the deadline, and similar behaviour appeared in at least 2 of the last 3 tasks.",High
34877,101420,171,0,92,FFF,2013J,TMA,173.0,25.0,-2.0,Near Deadline,49,8,41,5,0.29,0,0.35,21.0,0,2.0,63.7,1,0,"Pattern detected because the task was completed close to the deadline, and similar behaviour appeared in at least 2 of the last 3 tasks.",Emerging
34878,101420,13,0,98,FFF,2013J,CMA,236.0,0.0,-223.0,Early,311,5,306,3,0.03,0,0.0,0.0,0,1.0,35.3,0,0,No strong procrastination pattern detected.,Normal
34879,101420,38,0,93,FFF,2013J,CMA,236.0,0.0,-198.0,Early,311,5,306,3,0.03,0,0.0,0.0,0,0.0,7.0,0,0,No strong procrastination pattern detected.,Normal
34880,101420,74,0,93,FFF,2013J,CMA,236.0,0.0,-162.0,Early,311,5,306,3,0.03,0,0.0,0.0,0,0.0,0.0,0,0,No strong procrastination pattern detected.,Normal
34881,101420,101,0,83,FFF,2013J,CMA,236.0,0.0,-135.0,Early,311,5,306,3,0.03,0,0.0,0.0,0,0.0,0.0,0,0,No strong procrastination pattern detected.,Normal
34882,101420,156,0,90,FFF,2013J,CMA,236.0,0.0,-80.0,Early,311,5,306,3,0.03,0,0.0,0.0,0,0.0,0.0,0,0,No strong procrastination pattern detected.,Normal
34884,101420,214,0,90,FFF,2013J,CMA,236.0,0.0,-22.0,Early,311,5,306,3,0.03,0,0.0,0.0,0,0.0,0.0,0,0,No strong procrastination pattern detected.,Normal
34883,101420,230,0,77,FFF,2013J,CMA,236.0,0.0,-6.0,Early,311,5,306,3,0.03,0,0.0,0.0,0,0.0,0.0,0,0,No strong procrastination pattern detected.,Normal
34873,102028,18,0,86,FFF,2013J,TMA,19.0,12.5,-1.0,Last Minute,187,8,179,4,0.07,0,0.75,45.0,0,,,0,0,Pattern detected because the task was submitted at the last minute.,Normal
34874,102028,46,0,80,FFF,2013J,TMA,47.0,12.5,-1.0,Last Minute,59,31,28,5,1.57,1,0.75,85.0,1,1.0,65.0,0,0,"Pattern detected because the task was submitted at the last minute, and academic activity increased sharply just before the deadline.",Emerging
34875,102028,98,0,90,FFF,2013J,TMA,96.0,25.0,2.0,Late,75,28,47,4,0.9,0,1.0,60.0,1,2.0,63.3,1,1,"Pattern detected because the task was submitted after the deadline, and similar behaviour appeared in at least 2 of the last 3 tasks.",Emerging
34876,102028,134,0,87,FFF,2013J,TMA,131.0,25.0,3.0,Late,221,24,197,7,0.2,0,1.0,60.0,1,3.0,68.3,1,0,"Pattern detected because the task was submitted after the deadline, and similar behaviour appeared in at least 2 of the last 3 tasks.",Emerging
34877,102028,172,0,83,FFF,2013J,TMA,173.0,25.0,-1.0,Last Minute,150,26,124,7,0.34,0,0.75,45.0,0,2.0,55.0,1,0,"Pattern detected because the task was submitted at the last minute, and similar behaviour appeared in at least 2 of the last 3 tasks.",Emerging
34878,102028,17,0,95,FFF,2013J,CMA,236.0,0.0,-219.0,Early,177,19,158,6,0.19,0,0.0,0.0,0,1.0,35.0,0,0,No strong procrastination pattern detected.,Normal
34879,102028,31,0,99,FFF,2013J,CMA,236.0,0.0,-205.0,Early,177,19,158,6,0.19,0,0.0,0.0,0,0.0,15.0,0,0,No strong procrastination pattern detected.,Normal
34880,102028,74,0,93,FFF,2013J,CMA,236.0,0.0,-162.0,Early,177,19,158,6,0.19,0,0.0,0.0,0,0.0,0.0,0,0,No strong procrastination pattern detected.,Normal
34881,102028,124,0,94,FFF,2013J,CMA,236.0,0.0,-112.0,Early,177,19,158,6,0.19,0,0.0,0.0,0,0.0,0.0,0,0,No strong procrastination pattern detected.,Normal
34882,102028,164,0,90,FFF,2013J,CMA,236.0,0.0,-72.0,Early,177,19,158,6,0.19,0,0.0,0.0,0,0.0,0.0,0,0,No strong procrastination pattern detected.,Normal
34883,102028,206,0,92,FFF,2013J,CMA,236.0,0.0,-30.0,Early,177,19,158,6,0.19,0,0.0,0.0,0,0.0,0.0,0,0,No strong procrastination pattern detected.,Normal
34884,102028,206,0,94,FFF,2013J,CMA,236.0,0.0,-30.0,Early,177,19,158,6,0.19,0,0.0,0.0,0,0.0,0.0,0,0,No strong procrastination pattern detected.,Normal
34874,102343,42,0,50,FFF,2013J,TMA,47.0,12.5,-5.0,Early,79,17,62,7,0.42,0,0.0,0.0,0,,,0,0,No strong procrastination pattern detected.,Normal
34875,102343,93,0,77,FFF,2013J,TMA,96.0,25.0,-3.0,Near Deadline,51,25,26,6,1.34,0,0.35,21.0,0,0.0,10.5,0,0,Pattern detected because the task was completed close to the deadline.,Normal
34876,102343,126,0,74,FFF,2013J,TMA,131.0,25.0,-5.0,Early,836,231,605,7,0.63,0,0.0,0.0,0,0.0,7.0,0,0,No strong procrastination pattern detected.,Normal
34877,102343,162,0,88,FFF,2013J,TMA,173.0,25.0,-11.0,Early,42,9,33,3,0.39,0,0.0,0.0,0,0.0,7.0,0,0,No strong procrastination pattern detected.,Normal
34878,102343,34,0,86,FFF,2013J,CMA,236.0,0.0,-202.0,Early,0,0,0,0,0.0,0,0.0,0.0,0,0.0,0.0,0,0,No strong procrastination pattern detected.,Normal
34879,102343,124,0,93,FFF,2013J,CMA,236.0,0.0,-112.0,Early,0,0,0,0,0.0,0,0.0,0.0,0,0.0,0.0,0,0,No strong procrastination pattern detected.,Normal
34881,102343,125,0,81,FFF,2013J,CMA,236.0,0.0,-111.0,Early,0,0,0,0,0.0,0,0.0,0.0,0,0.0,0.0,0,0,No strong procrastination pattern detected.,Normal
34880,102343,126,0,86,FFF,2013J,CMA,236.0,0.0,-110.0,Early,0,0,0,0,0.0,0,0.0,0.0,0,0.0,0.0,0,0,No strong procrastination pattern detected.,Normal
34882,102343,131,0,77,FFF,2013J,CMA,236.0,0.0,-105.0,Early,0,0,0,0,0.0,0,0.0,0.0,0,0.0,0.0,0,0,No strong procrastination pattern detected.,Normal
34884,102343,159,0,80,FFF,2013J,CMA,236.0,0.0,-77.0,Early,0,0,0,0,0.0,0,0.0,0.0,0,0.0,0.0,0,0,No strong procrastination pattern detected.,Normal
34883,102343,185,0,83,FFF,2013J,CMA,236.0,0.0,-51.0,Early,0,0,0,0,0.0,0,0.0,0.0,0,0.0,0.0,0,0,No strong procrastination pattern detected.,Normal
34873,104213,15,0,90,FFF,2013J,TMA,19.0,12.5,-4.0,Early,228,51,177,6,0.47,0,0.0,0.0,0,,,0,0,No strong procrastination pattern detected.,Normal
34874,104213,43,0,100,FFF,2013J,TMA,47.0,12.5,-4.0,Early,96,24,72,7,0.52,0,0.0,0.0,0,0.0,0.0,0,0,No strong procrastination pattern detected.,Normal
34875,104213,92,0,87,FFF,2013J,TMA,96.0,25.0,-4.0,Early,25,0,25,2,0.0,0,0.0,0.0,0,0.0,0.0,0,0,No strong procrastination pattern detected.,Normal
34876,104213,127,0,92,FFF,2013J,TMA,131.0,25.0,-4.0,Early,85,22,63,4,0.54,0,0.0,0.0,0,0.0,0.0,0,0,No strong procrastination pattern detected.,Normal
34877,104213,171,0,98,FFF,2013J,TMA,173.0,25.0,-2.0,Near Deadline,27,2,25,4,0.11,0,0.35,21.0,0,0.0,7.0,0,0,Pattern detected because the task was completed close to the deadline.,Normal
34878,104213,16,0,93,FFF,2013J,CMA,236.0,0.0,-220.0,Early,91,1,90,5,0.02,0,0.0,0.0,0,0.0,7.0,0,0,No strong procrastination pattern detected.,Normal
34879,104213,65,0,94,FFF,2013J,CMA,236.0,0.0,-171.0,Early,91,1,90,5,0.02,0,0.0,0.0,0,0.0,7.0,0,0,No strong procrastination pattern detected.,Normal
34880,104213,101,0,67,FFF,2013J,CMA,236.0,0.0,-135.0,Early,91,1,90,5,0.02,0,0.0,0.0,0,0.0,0.0,0,0,No strong procrastination pattern detected.,Normal
34881,104213,206,0,78,FFF,2013J,CMA,236.0,0.0,-30.0,Early,91,1,90,5,0.02,0,0.0,0.0,0,0.0,0.0,0,0,No strong procrastination pattern detected.,Normal
34882,104213,206,0,78,FFF,2013J,CMA,236.0,0.0,-30.0,Early,91,1,90,5,0.02,0,0.0,0.0,0,0.0,0.0,0,0,No strong procrastination pattern detected.,Normal
34883,104213,227,0,66,FFF,2013J,CMA,236.0,0.0,-9.0,Early,91,1,90,5,0.02,0,0.0,0.0,0,0.0,0.0,0,0,No strong procrastination pattern detected.,Normal
34884,104213,227,0,74,FFF,2013J,CMA,236.0,0.0,-9.0,Early,91,1,90,5,0.02,0,0.0,0.0,0,0.0,0.0,0,0,No strong procrastination pattern detected.,Normal
34873,105629,19,0,86,FFF,2013J,TMA,19.0,12.5,0.0,Last Minute,122,70,52,5,2.05,1,0.75,85.0,1,,,0,0,"Pattern detected because the task was submitted at the last minute, and academic activity increased sharply just before the deadline.",Normal
34874,105629,47,0,80,FFF,2013J,TMA,47.0,12.5,0.0,Last Minute,267,140,127,6,1.77,1,0.75,85.0,1,2.0,85.0,1,1,"Pattern detected because the task was submitted at the last minute, and academic activity increased sharply just before the deadline, and similar behaviour appeared in at least 2 of the last 3 tasks.",High
34875,105629,103,0,88,FFF,2013J,TMA,96.0,25.0,7.0,Late,204,71,133,5,0.86,0,1.0,60.0,1,3.0,76.7,1,0,"Pattern detected because the task was submitted after the deadline, and similar behaviour appeared in at least 2 of the last 3 tasks.",High
34876,105629,145,0,88,FFF,2013J,TMA,131.0,25.0,14.0,Late,74,41,33,6,1.8,1,1.0,100.0,1,3.0,81.7,1,0,"Pattern detected because the task was submitted after the deadline, and academic activity increased sharply just before the deadline, and similar behaviour appeared in at least 2 of the last 3 tasks.",High
34877,105629,173,0,92,FFF,2013J,TMA,173.0,25.0,0.0,Last Minute,41,30,11,6,3.12,1,0.75,85.0,1,3.0,81.7,1,0,"Pattern detected because the task was submitted at the last minute, and academic activity increased sharply just before the deadline, and similar behaviour appeared in at least 2 of the last 3 tasks.",High
34878,105629,37,0,94,FFF,2013J,CMA,236.0,0.0,-199.0,Early,87,34,53,6,0.98,0,0.0,0.0,0,2.0,61.7,1,0,Pattern detected because similar behaviour appeared in at least 2 of the last 3 tasks.,Emerging
34879,105629,37,0,93,FFF,2013J,CMA,236.0,0.0,-199.0,Early,87,34,53,6,0.98,0,0.0,0.0,0,1.0,28.3,0,0,No strong procrastination pattern detected.,Normal
34880,105629,90,0,82,FFF,2013J,CMA,236.0,0.0,-146.0,Early,87,34,53,6,0.98,0,0.0,0.0,0,0.0,0.0,0,0,No strong procrastination pattern detected.,Normal
34881,105629,116,0,91,FFF,2013J,CMA,236.0,0.0,-120.0,Early,87,34,53,6,0.98,0,0.0,0.0,0,0.0,0.0,0,0,No strong procrastination pattern detected.,Normal
34882,105629,152,0,90,FFF,2013J,CMA,236.0,0.0,-84.0,Early,87,34,53,6,0.98,0,0.0,0.0,0,0.0,0.0,0,0,No strong procrastination pattern detected.,Normal
34883,105629,193,0,80,FFF,2013J,CMA,236.0,0.0,-43.0,Early,87,34,53,6,0.98,0,0.0,0.0,0,0.0,0.0,0,0,No strong procrastination pattern detected.,Normal
34884,105629,210,0,84,FFF,2013J,CMA,236.0,0.0,-26.0,Early,87,34,53,6,0.98,0,0.0,0.0,0,0.0,0.0,0,0,No strong procrastination pattern detected.,Normal
34873,107028,18,0,80,FFF,2013J,TMA,19.0,12.5,-1.0,Last Minute,131,41,90,3,0.72,0,0.75,45.0,0,,,0,0,Pattern detected because the task was submitted at the last minute.,Normal
34874,107028,47,0,44,FFF,2013J,TMA,47.0,12.5,0.0,Last Minute,25,20,5,2,3.33,1,0.75,85.0,1,1.0,65.0,0,0,"Pattern detected because the task was submitted at the last minute, and academic activity increased sharply just before the deadline.",Emerging
34875,107028,96,0,42,FFF,2013J,TMA,96.0,25.0,0.0,Last Minute,50,16,34,3,0.68,0,0.75,45.0,0,1.0,58.3,0,0,Pattern detected because the task was submitted at the last minute.,Emerging
34876,107028,131,0,44,FFF,2013J,TMA,131.0,25.0,0.0,Last Minute,59,59,0,3,19.67,1,0.75,85.0,1,2.0,71.7,1,1,"Pattern detected because the task was submitted at the last minute, and academic activity increased sharply just before the deadline, and similar behaviour appeared in at least 2 of the last 3 tasks.",Emerging
34878,107028,17,0,77,FFF,2013J,CMA,236.0,0.0,-219.0,Early,3,3,0,1,1.0,0,0.0,0.0,0,1.0,43.3,0,0,No strong procrastination pattern detected.,Normal
34879,107028,52,0,90,FFF,2013J,CMA,236.0,0.0,-184.0,Early,3,3,0,1,1.0,0,0.0,0.0,0,1.0,28.3,0,0,No strong procrastination pattern detected.,Normal
34873,107084,19,0,48,FFF,2013J,TMA,19.0,12.5,0.0,Last Minute,73,57,16,4,4.52,1,0.75,85.0,1,,,0,0,"Pattern detected because the task was submitted at the last minute, and academic activity increased sharply just before the deadline.",Normal
34874,107084,51,0,86,FFF,2013J,TMA,47.0,12.5,4.0,Late,29,12,17,5,0.91,0,1.0,60.0,1,2.0,72.5,1,1,"Pattern detected because the task was submitted after the deadline, and similar behaviour appeared in at least 2 of the last 3 tasks.",Emerging
34876,107084,191,0,52,FFF,2013J,TMA,131.0,25.0,60.0,Late,0,0,0,0,0.0,0,1.0,60.0,1,3.0,68.3,1,0,"Pattern detected because the task was submitted after the deadline, and similar behaviour appeared in at least 2 of the last 3 tasks.",Emerging
34877,107084,222,0,47,FFF,2013J,TMA,173.0,25.0,49.0,Late,108,69,39,3,2.61,1,1.0,100.0,1,3.0,73.3,1,0,"Pattern detected because the task was submitted after the deadline, and academic activity increased sharply just before the deadline, and similar behaviour appeared in at least 2 of the last 3 tasks.",Emerging
34878,107084,234,0,56,FFF,2013J,CMA,236.0,0.0,-2.0,Near Deadline,473,392,81,6,7.6,1,0.35,61.0,1,3.0,73.7,1,0,"Pattern detected because the task was completed close to the deadline, and academic activity increased sharply just before the deadline, and similar behaviour appeared in at least 2 of the last 3 tasks.",Emerging
34880,107084,236,0,57,FFF,2013J,CMA,236.0,0.0,0.0,Last Minute,473,392,81,6,7.6,1,0.75,85.0,1,3.0,82.0,1,0,"Pattern detected because the task was submitted at the last minute, and academic activity increased sharply just before the deadline, and similar behaviour appeared in at least 2 of the last 3 tasks.",High
34881,107084,236,0,61,FFF,2013J,CMA,236.0,0.0,0.0,Last Minute,473,392,81,6,7.6,1,0.75,85.0,1,3.0,77.0,1,0,"Pattern detected because the task was submitted at the last minute, and academic activity increased sharply just before the deadline, and similar behaviour appeared in at least 2 of the last 3 tasks.",High
34879,107084,237,0,64,FFF,2013J,CMA,236.0,0.0,1.0,Late,473,392,81,6,7.6,1,1.0,100.0,1,3.0,90.0,1,0,"Pattern detected because the task was submitted after the deadline, and academic activity increased sharply just before the deadline, and similar behaviour appeared in at least 2 of the last 3 tasks.",High
34882,107084,237,0,76,FFF,2013J,CMA,236.0,0.0,1.0,Late,473,392,81,6,7.6,1,1.0,100.0,1,3.0,95.0,1,0,"Pattern detected because the task was submitted after the deadline, and academic activity increased sharply just before the deadline, and similar behaviour appeared in at least 2 of the last 3 tasks.",High
34883,107084,237,0,69,FFF,2013J,CMA,236.0,0.0,1.0,Late,473,392,81,6,7.6,1,1.0,100.0,1,3.0,100.0,1,0,"Pattern detected because the task was submitted after the deadline, and academic activity increased sharply just before the deadline, and similar behaviour appeared in at least 2 of the last 3 tasks.",High
34884,107084,237,0,50,FFF,2013J,CMA,236.0,0.0,1.0,Late,473,392,81,6,7.6,1,1.0,100.0,1,3.0,100.0,1,0,"Pattern detected because the task was submitted after the deadline, and academic activity increased sharply just before the deadline, and similar behaviour appeared in at least 2 of the last 3 tasks.",High
34873,110881,18,0,90,FFF,2013J,TMA,19.0,12.5,-1.0,Last Minute,108,28,80,5,0.55,0,0.75,45.0,0,,,0,0,Pattern detected because the task was submitted at the last minute.,Normal
34874,110881,52,0,78,FFF,2013J,TMA,47.0,12.5,5.0,Late,170,60,110,5,0.87,0,1.0,60.0,1,1.0,52.5,0,0,Pattern detected because the task was submitted after the deadline.,Emerging
34875,110881,95,0,63,FFF,2013J,TMA,96.0,25.0,-1.0,Last Minute,328,206,122,7,2.7,1,0.75,85.0,1,2.0,63.3,1,1,"Pattern detected because the task was submitted at the last minute, and academic activity increased sharply just before the deadline, and similar behaviour appeared in at least 2 of the last 3 tasks.",Emerging
34876,110881,127,0,63,FFF,2013J,TMA,131.0,25.0,-4.0,Early,65,0,65,3,0.0,0,0.0,0.0,0,2.0,48.3,1,0,Pattern detected because similar behaviour appeared in at least 2 of the last 3 tasks.,Emerging
34877,110881,172,0,82,FFF,2013J,TMA,173.0,25.0,-1.0,Last Minute,323,73,250,7,0.48,0,0.75,45.0,0,1.0,43.3,0,0,Pattern detected because the task was submitted at the last minute.,Normal
34879,110881,123,0,72,FFF,2013J,CMA,236.0,0.0,-113.0,Early,91,3,88,5,0.05,0,0.0,0.0,0,0.0,15.0,0,0,No strong procrastination pattern detected.,Normal
34878,110881,145,0,75,FFF,2013J,CMA,236.0,0.0,-91.0,Early,91,3,88,5,0.05,0,0.0,0.0,0,0.0,15.0,0,0,No strong procrastination pattern detected.,Normal
34881,110881,145,0,64,FFF,2013J,CMA,236.0,0.0,-91.0,Early,91,3,88,5,0.05,0,0.0,0.0,0,0.0,0.0,0,0,No strong procrastination pattern detected.,Normal
34880,110881,164,0,63,FFF,2013J,CMA,236.0,0.0,-72.0,Early,91,3,88,5,0.05,0,0.0,0.0,0,0.0,0.0,0,0,No strong procrastination pattern detected.,Normal
34882,110881,171,0,63,FFF,2013J,CMA,236.0,0.0,-65.0,Early,91,3,88,5,0.05,0,0.0,0.0,0,0.0,0.0,0,0,No strong procrastination pattern detected.,Normal
34883,110881,181,0,55,FFF,2013J,CMA,236.0,0.0,-55.0,Early,91,3,88,5,0.05,0,0.0,0.0,0,0.0,0.0,0,0,No strong procrastination pattern detected.,Normal
34884,110881,181,0,52,FFF,2013J,CMA,236.0,0.0,-55.0,Early,91,3,88,5,0.05,0,0.0,0.0,0,0.0,0.0,0,0,No strong procrastination pattern detected.,Normal
34873,113565,19,0,90,FFF,2013J,TMA,19.0,12.5,0.0,Last Minute,171,151,20,5,10.07,1,0.75,85.0,1,,,0,0,"Pattern detected because the task was submitted at the last minute, and academic activity increased sharply just before the deadline.",Normal
34874,113565,47,0,90,FFF,2013J,TMA,47.0,12.5,0.0,Last Minute,101,77,24,7,4.43,1,0.75,85.0,1,2.0,85.0,1,1,"Pattern detected because the task was submitted at the last minute, and academic activity increased sharply just before the deadline, and similar behaviour appeared in at least 2 of the last 3 tasks.",High
34875,113565,110,0,91,FFF,2013J,TMA,96.0,25.0,14.0,Late,33,33,0,1,11.0,1,1.0,100.0,1,3.0,90.0,1,0,"Pattern detected because the task was submitted after the deadline, and academic activity increased sharply just before the deadline, and similar behaviour appeared in at least 2 of the last 3 tasks.",High
34876,113565,149,0,87,FFF,2013J,TMA,131.0,25.0,18.0,Late,126,126,0,2,42.0,1,1.0,100.0,1,3.0,95.0,1,0,"Pattern detected because the task was submitted after the deadline, and academic activity increased sharply just before the deadline, and similar behaviour appeared in at least 2 of the last 3 tasks.",High
34877,113565,173,0,83,FFF,2013J,TMA,173.0,25.0,0.0,Last Minute,111,111,0,2,37.0,1,0.75,85.0,1,3.0,95.0,1,0,"Pattern detected because the task was submitted at the last minute, and academic activity increased sharply just before the deadline, and similar behaviour appeared in at least 2 of the last 3 tasks.",High
34878,113565,236,0,83,FFF,2013J,CMA,236.0,0.0,0.0,Last Minute,919,893,26,4,48.01,1,0.75,85.0,1,3.0,90.0,1,0,"Pattern detected because the task was submitted at the last minute, and academic activity increased sharply just before the deadline, and similar behaviour appeared in at least 2 of the last 3 tasks.",High
34881,113565,236,0,76,FFF,2013J,CMA,236.0,0.0,0.0,Last Minute,919,893,26,4,48.01,1,0.75,85.0,1,3.0,85.0,1,0,"Pattern detected because the task was submitted at the last minute, and academic activity increased sharply just before the deadline, and similar behaviour appeared in at least 2 of the last 3 tasks.",High
34882,113565,236,0,83,FFF,2013J,CMA,236.0,0.0,0.0,Last Minute,919,893,26,4,48.01,1,0.75,85.0,1,3.0,85.0,1,0,"Pattern detected because the task was submitted at the last minute, and academic activity increased sharply just before the deadline, and similar behaviour appeared in at least 2 of the last 3 tasks.",High
34884,113565,236,0,71,FFF,2013J,CMA,236.0,0.0,0.0,Last Minute,919,893,26,4,48.01,1,0.75,85.0,1,3.0,85.0,1,0,"Pattern detected because the task was submitted at the last minute, and academic activity increased sharply just before the deadline, and similar behaviour appeared in at least 2 of the last 3 tasks.",High
34879,113565,237,0,89,FFF,2013J,CMA,236.0,0.0,1.0,Late,919,893,26,4,48.01,1,1.0,100.0,1,3.0,90.0,1,0,"Pattern detected because the task was submitted after the deadline, and academic activity increased sharply just before the deadline, and similar behaviour appeared in at least 2 of the last 3 tasks.",High
34880,113565,237,0,78,FFF,2013J,CMA,236.0,0.0,1.0,Late,919,893,26,4,48.01,1,1.0,100.0,1,3.0,95.0,1,0,"Pattern detected because the task was submitted after the deadline, and academic activity increased sharply just before the deadline, and similar behaviour appeared in at least 2 of the last 3 tasks.",High
34883,113565,237,0,85,FFF,2013J,CMA,236.0,0.0,1.0,Late,919,893,26,4,48.01,1,1.0,100.0,1,3.0,100.0,1,0,"Pattern detected because the task was submitted after the deadline, and academic activity increased sharply just before the deadline, and similar behaviour appeared in at least 2 of the last 3 tasks.",High
34873,114500,29,0,54,FFF,2013J,TMA,19.0,12.5,10.0,Late,81,45,36,5,1.83,1,1.0,100.0,1,,,0,0,"Pattern detected because the task was submitted after the deadline, and academic activity increased sharply just before the deadline.",Normal
34874,114500,61,0,56,FFF,2013J,TMA,47.0,12.5,14.0,Late,33,26,7,3,3.61,1,1.0,100.0,1,2.0,100.0,1,1,"Pattern detected because the task was submitted after the deadline, and academic activity increased sharply just before the deadline, and similar behaviour appeared in at least 2 of the last 3 tasks.",High
34875,114500,117,0,15,FFF,2013J,TMA,96.0,25.0,21.0,Late,54,21,33,5,0.92,0,1.0,60.0,1,3.0,86.7,1,0,"Pattern detected because the task was submitted after the deadline, and similar behaviour appeared in at least 2 of the last 3 tasks.",High
34876,114500,141,0,35,FFF,2013J,TMA,131.0,25.0,10.0,Late,254,62,192,5,0.52,0,1.0,60.0,1,3.0,73.3,1,0,"Pattern detected because the task was submitted after the deadline, and similar behaviour appeared in at least 2 of the last 3 tasks.",Emerging
34877,114500,174,0,64,FFF,2013J,TMA,173.0,25.0,1.0,Late,131,48,83,6,0.91,0,1.0,60.0,1,3.0,60.0,1,0,"Pattern detected because the task was submitted after the deadline, and similar behaviour appeared in at least 2 of the last 3 tasks.",Emerging
34878,114500,101,0,52,FFF,2013J,CMA,236.0,0.0,-135.0,Early,37,5,32,4,0.23,0,0.0,0.0,0,2.0,40.0,1,0,Pattern detected because similar behaviour appeared in at least 2 of the last 3 tasks.,Normal
34879,114500,104,0,66,FFF,2013J,CMA,236.0,0.0,-132.0,Early,37,5,32,4,0.23,0,0.0,0.0,0,1.0,20.0,0,0,No strong procrastination pattern detected.,Normal
34880,114500,129,0,53,FFF,2013J,CMA,236.0,0.0,-107.0,Early,37,5,32,4,0.23,0,0.0,0.0,0,0.0,0.0,0,0,No strong procrastination pattern detected.,Normal
34881,114500,143,0,61,FFF,2013J,CMA,236.0,0.0,-93.0,Early,37,5,32,4,0.23,0,0.0,0.0,0,0.0,0.0,0,0,No strong procrastination pattern detected.,Normal
34882,114500,156,0,50,FFF,2013J,CMA,236.0,0.0,-80.0,Early,37,5,32,4,0.23,0,0.0,0.0,0,0.0,0.0,0,0,No strong procrastination pattern detected.,Normal
34884,114500,206,0,54,FFF,2013J,CMA,236.0,0.0,-30.0,Early,37,5,32,4,0.23,0,0.0,0.0,0,0.0,0.0,0,0,No strong procrastination pattern detected.,Normal
34883,114500,227,0,59,FFF,2013J,CMA,236.0,0.0,-9.0,Early,37,5,32,4,0.23,0,0.0,0.0,0,0.0,0.0,0,0,No strong procrastination pattern detected.,Normal
34873,116290,18,0,84,FFF,2013J,TMA,19.0,12.5,-1.0,Last Minute,65,37,28,4,1.87,1,0.75,85.0,1,,,0,0,"Pattern detected because the task was submitted at the last minute, and academic activity increased sharply just before the deadline.",Normal
34873,116529,18,0,82,FFF,2013J,TMA,19.0,12.5,-1.0,Last Minute,177,19,158,4,0.19,0,0.75,45.0,0,,,0,0,Pattern detected because the task was submitted at the last minute.,Normal
34874,116529,47,0,86,FFF,2013J,TMA,47.0,12.5,0.0,Last Minute,81,36,45,5,1.2,0,0.75,45.0,0,0.0,45.0,0,0,Pattern detected because the task was submitted at the last minute.,Emerging
34875,116529,104,0,86,FFF,2013J,TMA,96.0,25.0,8.0,Late,156,91,65,6,2.17,1,1.0,100.0,1,1.0,63.3,0,0,"Pattern detected because the task was submitted after the deadline, and academic activity increased sharply just before the deadline.",Emerging
34878,116529,27,0,95,FFF,2013J,CMA,236.0,0.0,-209.0,Early,0,0,0,0,0.0,0,0.0,0.0,0,1.0,48.3,0,0,No strong procrastination pattern detected.,Emerging
34879,116529,76,0,91,FFF,2013J,CMA,236.0,0.0,-160.0,Early,0,0,0,0,0.0,0,0.0,0.0,0,1.0,33.3,0,0,No strong procrastination pattern detected.,Normal
34873,116631,18,0,68,FFF,2013J,TMA,19.0,12.5,-1.0,Last Minute,64,21,43,4,0.73,0,0.75,45.0,0,,,0,0,Pattern detected because the task was submitted at the last minute.,Normal
34873,116808,16,0,80,FFF,2013J,TMA,19.0,12.5,-3.0,Near Deadline,880,444,436,8,1.68,1,0.35,61.0,1,,,0,0,"Pattern detected because the task was completed close to the deadline, and academic activity increased sharply just before the deadline.",Normal
34874,116808,45,0,98,FFF,2013J,TMA,47.0,12.5,-2.0,Near Deadline,399,141,258,8,0.89,0,0.35,21.0,0,1.0,41.0,0,0,Pattern detected because the task was completed close to the deadline.,Normal
34875,116808,95,0,93,FFF,2013J,TMA,96.0,25.0,-1.0,Last Minute,353,182,171,8,1.72,1,0.75,85.0,1,2.0,55.7,1,1,"Pattern detected because the task was submitted at the last minute, and academic activity increased sharply just before the deadline, and similar behaviour appeared in at least 2 of the last 3 tasks.",Emerging
34876,116808,129,0,98,FFF,2013J,TMA,131.0,25.0,-2.0,Near Deadline,159,40,119,8,0.54,0,0.35,21.0,0,1.0,42.3,0,0,Pattern detected because the task was completed close to the deadline.,Normal
34877,116808,171,0,95,FFF,2013J,TMA,173.0,25.0,-2.0,Near Deadline,391,209,182,7,1.86,1,0.35,61.0,1,2.0,55.7,1,0,"Pattern detected because the task was completed close to the deadline, and academic activity increased sharply just before the deadline, and similar behaviour appeared in at least 2 of the last 3 tasks.",Emerging
34878,116808,34,0,95,FFF,2013J,CMA,236.0,0.0,-202.0,Early,105,32,73,3,0.68,0,0.0,0.0,0,1.0,27.3,0,0,No strong procrastination pattern detected.,Normal
34879,116808,35,0,98,FFF,2013J,CMA,236.0,0.0,-201.0,Early,105,32,73,3,0.68,0,0.0,0.0,0,1.0,20.3,0,0,No strong procrastination pattern detected.,Normal
34880,116808,87,0,97,FFF,2013J,CMA,236.0,0.0,-149.0,Early,105,32,73,3,0.68,0,0.0,0.0,0,0.0,0.0,0,0,No strong procrastination pattern detected.,Normal
34881,116808,111,0,97,FFF,2013J,CMA,236.0,0.0,-125.0,Early,105,32,73,3,0.68,0,0.0,0.0,0,0.0,0.0,0,0,No strong procrastination pattern detected.,Normal
34882,116808,168,0,99,FFF,2013J,CMA,236.0,0.0,-68.0,Early,105,32,73,3,0.68,0,0.0,0.0,0,0.0,0.0,0,0,No strong procrastination pattern detected.,Normal
34884,116808,206,0,98,FFF,2013J,CMA,236.0,0.0,-30.0,Early,105,32,73,3,0.68,0,0.0,0.0,0,0.0,0.0,0,0,No strong procrastination pattern detected.,Normal
34883,116808,207,0,97,FFF,2013J,CMA,236.0,0.0,-29.0,Early,105,32,73,3,0.68,0,0.0,0.0,0,0.0,0.0,0,0,No strong procrastination pattern detected.,Normal
34873,117232,19,0,78,FFF,2013J,TMA,19.0,12.5,0.0,Last Minute,82,55,27,3,2.86,1,0.75,85.0,1,,,0,0,"Pattern detected because the task was submitted at the last minute, and academic activity increased sharply just before the deadline.",Normal
34874,117232,44,0,80,FFF,2013J,TMA,47.0,12.5,-3.0,Near Deadline,31,12,19,4,0.83,0,0.35,21.0,0,1.0,53.0,0,0,Pattern detected because the task was completed close to the deadline.,Emerging
34875,117232,95,0,74,FFF,2013J,TMA,96.0,25.0,-1.0,Last Minute,99,64,35,5,2.67,1,0.75,85.0,1,2.0,63.7,1,1,"Pattern detected because the task was submitted at the last minute, and academic activity increased sharply just before the deadline, and similar behaviour appeared in at least 2 of the last 3 tasks.",Emerging
34876,117232,131,0,83,FFF,2013J,TMA,131.0,25.0,0.0,Last Minute,40,9,31,5,0.42,0,0.75,45.0,0,1.0,50.3,0,0,Pattern detected because the task was submitted at the last minute.,Emerging
34877,117232,180,0,76,FFF,2013J,TMA,173.0,25.0,7.0,Late,11,4,7,2,0.56,0,1.0,60.0,1,2.0,63.3,1,0,"Pattern detected because the task was submitted after the deadline, and similar behaviour appeared in at least 2 of the last 3 tasks.",Emerging
34878,117232,63,0,75,FFF,2013J,CMA,236.0,0.0,-173.0,Early,476,239,237,7,1.65,1,0.0,40.0,0,1.0,48.3,0,0,Pattern detected because academic activity increased sharply just before the deadline.,Emerging
34879,117232,102,0,92,FFF,2013J,CMA,236.0,0.0,-134.0,Early,476,239,237,7,1.65,1,0.0,40.0,0,1.0,46.7,0,0,Pattern detected because academic activity increased sharply just before the deadline.,Emerging
34880,117232,153,0,69,FFF,2013J,CMA,236.0,0.0,-83.0,Early,476,239,237,7,1.65,1,0.0,40.0,0,0.0,40.0,0,0,Pattern detected because academic activity increased sharply just before the deadline.,Normal
34881,117232,158,0,78,FFF,2013J,CMA,236.0,0.0,-78.0,Early,476,239,237,7,1.65,1,0.0,40.0,0,0.0,40.0,0,0,Pattern detected because academic activity increased sharply just before the deadline.,Normal
34882,117232,234,0,77,FFF,2013J,CMA,236.0,0.0,-2.0,Near Deadline,476,239,237,7,1.65,1,0.35,61.0,1,1.0,47.0,0,0,"Pattern detected because the task was completed close to the deadline, and academic activity increased sharply just before the deadline.",Emerging
34883,117232,236,0,78,FFF,2013J,CMA,236.0,0.0,0.0,Last Minute,476,239,237,7,1.65,1,0.75,85.0,1,2.0,62.0,1,0,"Pattern detected because the task was submitted at the last minute, and academic activity increased sharply just before the deadline, and similar behaviour appeared in at least 2 of the last 3 tasks.",Emerging
34884,117232,236,0,56,FFF,2013J,CMA,236.0,0.0,0.0,Last Minute,476,239,237,7,1.65,1,0.75,85.0,1,3.0,77.0,1,0,"Pattern detected because the task was submitted at the last minute, and academic activity increased sharply just before the deadline, and similar behaviour appeared in at least 2 of the last 3 tasks.",High
34873,118050,19,0,80,FFF,2013J,TMA,19.0,12.5,0.0,Last Minute,54,6,48,2,0.19,0,0.75,45.0,0,,,0,0,Pattern detected because the task was submitted at the last minute.,Normal
34874,118050,47,0,44,FFF,2013J,TMA,47.0,12.5,0.0,Last Minute,90,70,20,4,4.67,1,0.75,85.0,1,1.0,65.0,0,0,"Pattern detected because the task was submitted at the last minute, and academic activity increased sharply just before the deadline.",Emerging
34875,118050,103,0,68,FFF,2013J,TMA,96.0,25.0,7.0,Late,25,18,7,3,2.5,1,1.0,100.0,1,2.0,76.7,1,1,"Pattern detected because the task was submitted after the deadline, and academic activity increased sharply just before the deadline, and similar behaviour appeared in at least 2 of the last 3 tasks.",High
34876,118050,144,0,69,FFF,2013J,TMA,131.0,25.0,13.0,Late,28,22,6,5,3.33,1,1.0,100.0,1,3.0,95.0,1,0,"Pattern detected because the task was submitted after the deadline, and academic activity increased sharply just before the deadline, and similar behaviour appeared in at least 2 of the last 3 tasks.",High
34877,118050,180,0,80,FFF,2013J,TMA,173.0,25.0,7.0,Late,18,9,9,3,1.07,0,1.0,60.0,1,3.0,86.7,1,0,"Pattern detected because the task was submitted after the deadline, and similar behaviour appeared in at least 2 of the last 3 tasks.",High
34878,118050,3,0,86,FFF,2013J,CMA,236.0,0.0,-233.0,Early,426,420,6,3,63.64,1,0.0,40.0,0,2.0,66.7,1,0,"Pattern detected because academic activity increased sharply just before the deadline, and similar behaviour appeared in at least 2 of the last 3 tasks.",Emerging
34879,118050,181,0,97,FFF,2013J,CMA,236.0,0.0,-55.0,Early,426,420,6,3,63.64,1,0.0,40.0,0,1.0,46.7,0,0,Pattern detected because academic activity increased sharply just before the deadline.,Emerging
34880,118050,237,0,74,FFF,2013J,CMA,236.0,0.0,1.0,Late,426,420,6,3,63.64,1,1.0,100.0,1,1.0,60.0,0,0,"Pattern detected because the task was submitted after the deadline, and academic activity increased sharply just before the deadline.",Emerging
34881,118050,237,0,79,FFF,2013J,CMA,236.0,0.0,1.0,Late,426,420,6,3,63.64,1,1.0,100.0,1,2.0,80.0,1,0,"Pattern detected because the task was submitted after the deadline, and academic activity increased sharply just before the deadline, and similar behaviour appeared in at least 2 of the last 3 tasks.",High
34882,118050,237,0,71,FFF,2013J,CMA,236.0,0.0,1.0,Late,426,420,6,3,63.64,1,1.0,100.0,1,3.0,100.0,1,0,"Pattern detected because the task was submitted after the deadline, and academic activity increased sharply just before the deadline, and similar behaviour appeared in at least 2 of the last 3 tasks.",High
34883,118050,237,0,75,FFF,2013J,CMA,236.0,0.0,1.0,Late,426,420,6,3,63.64,1,1.0,100.0,1,3.0,100.0,1,0,"Pattern detected because the task was submitted after the deadline, and academic activity increased sharply just before the deadline, and similar behaviour appeared in at least 2 of the last 3 tasks.",High
34873,126074,20,0,?,FFF,2013J,TMA,19.0,12.5,1.0,Late,0,0,0,0,0.0,0,1.0,60.0,1,,,0,0,Pattern detected because the task was submitted after the deadline.,Normal
34873,127642,18,0,86,FFF,2013J,TMA,19.0,12.5,-1.0,Last Minute,51,41,10,3,4.56,1,0.75,85.0,1,,,0,0,"Pattern detected because the task was submitted at the last minute, and academic activity increased sharply just before the deadline.",Normal
34874,127642,47,0,80,FFF,2013J,TMA,47.0,12.5,0.0,Last Minute,105,34,71,7,0.75,0,0.75,45.0,0,1.0,65.0,0,0,Pattern detected because the task was submitted at the last minute.,Emerging
34875,127642,102,0,87,FFF,2013J,TMA,96.0,25.0,6.0,Late,156,83,73,4,1.77,1,1.0,100.0,1,2.0,76.7,1,1,"Pattern detected because the task was submitted after the deadline, and academic activity increased sharply just before the deadline, and similar behaviour appeared in at least 2 of the last 3 tasks.",High
34876,127642,138,0,73,FFF,2013J,TMA,131.0,25.0,7.0,Late,2,0,2,1,0.0,0,1.0,60.0,1,2.0,68.3,1,0,"Pattern detected because the task was submitted after the deadline, and similar behaviour appeared in at least 2 of the last 3 tasks.",Emerging
34877,127642,172,0,88,FFF,2013J,TMA,173.0,25.0,-1.0,Last Minute,74,1,73,5,0.02,0,0.75,45.0,0,2.0,68.3,1,0,"Pattern detected because the task was submitted at the last minute, and similar behaviour appeared in at least 2 of the last 3 tasks.",Emerging
34878,127642,185,0,94,FFF,2013J,CMA,236.0,0.0,-51.0,Early,359,359,0,2,119.67,1,0.0,40.0,0,1.0,48.3,0,0,Pattern detected because academic activity increased sharply just before the deadline.,Emerging
34879,127642,185,0,81,FFF,2013J,CMA,236.0,0.0,-51.0,Early,359,359,0,2,119.67,1,0.0,40.0,0,0.0,41.7,0,0,Pattern detected because academic activity increased sharply just before the deadline.,Normal
34880,127642,185,0,84,FFF,2013J,CMA,236.0,0.0,-51.0,Early,359,359,0,2,119.67,1,0.0,40.0,0,0.0,40.0,0,0,Pattern detected because academic activity increased sharply just before the deadline.,Normal
34881,127642,185,0,93,FFF,2013J,CMA,236.0,0.0,-51.0,Early,359,359,0,2,119.67,1,0.0,40.0,0,0.0,40.0,0,0,Pattern detected because academic activity increased sharply just before the deadline.,Normal
34883,127642,214,0,97,FFF,2013J,CMA,236.0,0.0,-22.0,Early,359,359,0,2,119.67,1,0.0,40.0,0,0.0,40.0,0,0,Pattern detected because academic activity increased sharply just before the deadline.,Normal
34882,127642,237,0,88,FFF,2013J,CMA,236.0,0.0,1.0,Late,359,359,0,2,119.67,1,1.0,100.0,1,1.0,60.0,0,0,"Pattern detected because the task was submitted after the deadline, and academic activity increased sharply just before the deadline.",Emerging
34884,127642,237,0,76,FFF,2013J,CMA,236.0,0.0,1.0,Late,359,359,0,2,119.67,1,1.0,100.0,1,2.0,80.0,1,0,"Pattern detected because the task was submitted after the deadline, and academic activity increased sharply just before the deadline, and similar behaviour appeared in at least 2 of the last 3 tasks.",High
34873,130658,15,0,78,FFF,2013J,TMA,19.0,12.5,-4.0,Early,260,131,129,6,1.63,1,0.0,40.0,0,,,0,0,Pattern detected because academic activity increased sharply just before the deadline.,Normal
34874,130658,27,0,78,FFF,2013J,TMA,47.0,12.5,-20.0,Early,1,1,0,1,0.33,0,0.0,0.0,0,0.0,20.0,0,0,No strong procrastination pattern detected.,Normal
34875,130658,94,0,61,FFF,2013J,TMA,96.0,25.0,-2.0,Near Deadline,11,11,0,1,3.67,1,0.35,61.0,1,1.0,33.7,0,0,"Pattern detected because the task was completed close to the deadline, and academic activity increased sharply just before the deadline.",Normal
34876,130658,108,0,66,FFF,2013J,TMA,131.0,25.0,-23.0,Early,0,0,0,0,0.0,0,0.0,0.0,0,1.0,20.3,0,0,No strong procrastination pattern detected.,Normal
34878,130658,19,0,79,FFF,2013J,CMA,236.0,0.0,-217.0,Early,1,0,1,1,0.0,0,0.0,0.0,0,1.0,20.3,0,0,No strong procrastination pattern detected.,Normal
34879,130658,28,0,76,FFF,2013J,CMA,236.0,0.0,-208.0,Early,1,0,1,1,0.0,0,0.0,0.0,0,0.0,0.0,0,0,No strong procrastination pattern detected.,Normal
34880,130658,70,0,72,FFF,2013J,CMA,236.0,0.0,-166.0,Early,1,0,1,1,0.0,0,0.0,0.0,0,0.0,0.0,0,0,No strong procrastination pattern detected.,Normal
34881,130658,110,0,61,FFF,2013J,CMA,236.0,0.0,-126.0,Early,1,0,1,1,0.0,0,0.0,0.0,0,0.0,0.0,0,0,No strong procrastination pattern detected.,Normal
34882,130658,206,0,66,FFF,2013J,CMA,236.0,0.0,-30.0,Early,1,0,1,1,0.0,0,0.0,0.0,0,0.0,0.0,0,0,No strong procrastination pattern detected.,Normal
34884,130658,206,0,68,FFF,2013J,CMA,236.0,0.0,-30.0,Early,1,0,1,1,0.0,0,0.0,0.0,0,0.0,0.0,0,0,No strong procrastination pattern detected.,Normal
34883,130658,207,0,64,FFF,2013J,CMA,236.0,0.0,-29.0,Early,1,0,1,1,0.0,0,0.0,0.0,0,0.0,0.0,0,0,No strong procrastination pattern detected.,Normal
34873,132453,12,0,58,FFF,2013J,TMA,19.0,12.5,-7.0,Early,21,0,21,1,0.0,0,0.0,0.0,0,,,0,0,No strong procrastination pattern detected.,Normal
34874,132453,47,0,34,FFF,2013J,TMA,47.0,12.5,0.0,Last Minute,46,18,28,5,0.91,0,0.75,45.0,0,0.0,22.5,0,0,Pattern detected because the task was submitted at the last minute.,Normal
34875,132453,95,0,60,FFF,2013J,TMA,96.0,25.0,-1.0,Last Minute,17,11,6,3,1.67,1,0.75,85.0,1,1.0,43.3,0,0,"Pattern detected because the task was submitted at the last minute, and academic activity increased sharply just before the deadline.",Normal
34876,132453,130,0,59,FFF,2013J,TMA,131.0,25.0,-1.0,Last Minute,117,86,31,5,3.98,1,0.75,85.0,1,2.0,71.7,1,1,"Pattern detected because the task was submitted at the last minute, and academic activity increased sharply just before the deadline, and similar behaviour appeared in at least 2 of the last 3 tasks.",Emerging
34877,132453,169,0,66,FFF,2013J,TMA,173.0,25.0,-4.0,Early,265,0,265,4,0.0,0,0.0,0.0,0,2.0,56.7,1,0,Pattern detected because similar behaviour appeared in at least 2 of the last 3 tasks.,Emerging
34878,132453,178,0,75,FFF,2013J,CMA,236.0,0.0,-58.0,Early,117,74,43,6,2.57,1,0.0,40.0,0,1.0,41.7,0,0,Pattern detected because academic activity increased sharply just before the deadline.,Normal
34879,132453,178,0,96,FFF,2013J,CMA,236.0,0.0,-58.0,Early,117,74,43,6,2.57,1,0.0,40.0,0,0.0,26.7,0,0,Pattern detected because academic activity increased sharply just before the deadline.,Normal
34880,132453,199,0,76,FFF,2013J,CMA,236.0,0.0,-37.0,Early,117,74,43,6,2.57,1,0.0,40.0,0,0.0,40.0,0,0,Pattern detected because academic activity increased sharply just before the deadline.,Normal
34881,132453,201,0,73,FFF,2013J,CMA,236.0,0.0,-35.0,Early,117,74,43,6,2.57,1,0.0,40.0,0,0.0,40.0,0,0,Pattern detected because academic activity increased sharply just before the deadline.,Normal
34882,132453,209,0,82,FFF,2013J,CMA,236.0,0.0,-27.0,Early,117,74,43,6,2.57,1,0.0,40.0,0,0.0,40.0,0,0,Pattern detected because academic activity increased sharply just before the deadline.,Normal
34884,132453,222,0,69,FFF,2013J,CMA,236.0,0.0,-14.0,Early,117,74,43,6,2.57,1,0.0,40.0,0,0.0,40.0,0,0,Pattern detected because academic activity increased sharply just before the deadline.,Normal
34883,132453,227,0,74,FFF,2013J,CMA,236.0,0.0,-9.0,Early,117,74,43,6,2.57,1,0.0,40.0,0,0.0,40.0,0,0,Pattern detected because academic activity increased sharply just before the deadline.,Normal
34873,133019,17,0,84,FFF,2013J,TMA,19.0,12.5,-2.0,Near Deadline,195,108,87,4,1.96,1,0.35,61.0,1,,,0,0,"Pattern detected because the task was completed close to the deadline, and academic activity increased sharply just before the deadline.",Normal
34874,133019,45,0,58,FFF,2013J,TMA,47.0,12.5,-2.0,Near Deadline,127,53,74,7,1.12,0,0.35,21.0,0,1.0,41.0,0,0,Pattern detected because the task was completed close to the deadline.,Normal
34875,133019,97,0,75,FFF,2013J,TMA,96.0,25.0,1.0,Late,186,125,61,5,3.16,1,1.0,100.0,1,2.0,60.7,1,1,"Pattern detected because the task was submitted after the deadline, and academic activity increased sharply just before the deadline, and similar behaviour appeared in at least 2 of the last 3 tasks.",Emerging
34876,133019,129,0,86,FFF,2013J,TMA,131.0,25.0,-2.0,Near Deadline,85,41,44,4,1.39,0,0.35,21.0,0,1.0,47.3,0,0,Pattern detected because the task was completed close to the deadline.,Emerging
34877,133019,172,0,94,FFF,2013J,TMA,173.0,25.0,-1.0,Last Minute,272,111,161,7,1.11,0,0.75,45.0,0,1.0,55.3,0,0,Pattern detected because the task was submitted at the last minute.,Emerging
34878,133019,44,0,81,FFF,2013J,CMA,236.0,0.0,-192.0,Early,116,0,116,3,0.0,0,0.0,0.0,0,0.0,22.0,0,0,No strong procrastination pattern detected.,Normal
34879,133019,67,0,93,FFF,2013J,CMA,236.0,0.0,-169.0,Early,116,0,116,3,0.0,0,0.0,0.0,0,0.0,15.0,0,0,No strong procrastination pattern detected.,Normal
34880,133019,98,0,81,FFF,2013J,CMA,236.0,0.0,-138.0,Early,116,0,116,3,0.0,0,0.0,0.0,0,0.0,0.0,0,0,No strong procrastination pattern detected.,Normal
34881,133019,116,0,79,FFF,2013J,CMA,236.0,0.0,-120.0,Early,116,0,116,3,0.0,0,0.0,0.0,0,0.0,0.0,0,0,No strong procrastination pattern detected.,Normal
34882,133019,171,0,85,FFF,2013J,CMA,236.0,0.0,-65.0,Early,116,0,116,3,0.0,0,0.0,0.0,0,0.0,0.0,0,0,No strong procrastination pattern detected.,Normal
34884,133019,206,0,78,FFF,2013J,CMA,236.0,0.0,-30.0,Early,116,0,116,3,0.0,0,0.0,0.0,0,0.0,0.0,0,0,No strong procrastination pattern detected.,Normal
34883,133019,207,0,77,FFF,2013J,CMA,236.0,0.0,-29.0,Early,116,0,116,3,0.0,0,0.0,0.0,0,0.0,0.0,0,0,No strong procrastination pattern detected.,Normal
34873,133185,17,0,88,FFF,2013J,TMA,19.0,12.5,-2.0,Near Deadline,265,139,126,6,1.77,1,0.35,61.0,1,,,0,0,"Pattern detected because the task was completed close to the deadline, and academic activity increased sharply just before the deadline.",Normal
34874,133185,46,0,84,FFF,2013J,TMA,47.0,12.5,-1.0,Last Minute,96,85,11,3,8.85,1,0.75,85.0,1,2.0,73.0,1,1,"Pattern detected because the task was submitted at the last minute, and academic activity increased sharply just before the deadline, and similar behaviour appeared in at least 2 of the last 3 tasks.",Emerging
34875,133185,96,0,81,FFF,2013J,TMA,96.0,25.0,0.0,Last Minute,151,115,36,3,4.67,1,0.75,85.0,1,3.0,77.0,1,0,"Pattern detected because the task was submitted at the last minute, and academic activity increased sharply just before the deadline, and similar behaviour appeared in at least 2 of the last 3 tasks.",High
34876,133185,131,0,89,FFF,2013J,TMA,131.0,25.0,0.0,Last Minute,218,116,102,4,1.81,1,0.75,85.0,1,3.0,85.0,1,0,"Pattern detected because the task was submitted at the last minute, and academic activity increased sharply just before the deadline, and similar behaviour appeared in at least 2 of the last 3 tasks.",High
34877,133185,172,0,79,FFF,2013J,TMA,173.0,25.0,-1.0,Last Minute,167,111,56,5,3.03,1,0.75,85.0,1,3.0,85.0,1,0,"Pattern detected because the task was submitted at the last minute, and academic activity increased sharply just before the deadline, and similar behaviour appeared in at least 2 of the last 3 tasks.",High
34878,133185,25,0,84,FFF,2013J,CMA,236.0,0.0,-211.0,Early,183,122,61,7,3.08,1,0.0,40.0,0,2.0,70.0,1,0,"Pattern detected because academic activity increased sharply just before the deadline, and similar behaviour appeared in at least 2 of the last 3 tasks.",Emerging
34879,133185,65,0,89,FFF,2013J,CMA,236.0,0.0,-171.0,Early,183,122,61,7,3.08,1,0.0,40.0,0,1.0,55.0,0,0,Pattern detected because academic activity increased sharply just before the deadline.,Emerging
34880,133185,111,0,80,FFF,2013J,CMA,236.0,0.0,-125.0,Early,183,122,61,7,3.08,1,0.0,40.0,0,0.0,40.0,0,0,Pattern detected because academic activity increased sharply just before the deadline.,Normal
34881,133185,111,0,86,FFF,2013J,CMA,236.0,0.0,-125.0,Early,183,122,61,7,3.08,1,0.0,40.0,0,0.0,40.0,0,0,Pattern detected because academic activity increased sharply just before the deadline.,Normal
34882,133185,157,0,83,FFF,2013J,CMA,236.0,0.0,-79.0,Early,183,122,61,7,3.08,1,0.0,40.0,0,0.0,40.0,0,0,Pattern detected because academic activity increased sharply just before the deadline.,Normal
34884,133185,157,0,73,FFF,2013J,CMA,236.0,0.0,-79.0,Early,183,122,61,7,3.08,1,0.0,40.0,0,0.0,40.0,0,0,Pattern detected because academic activity increased sharply just before the deadline.,Normal
34883,133185,200,0,72,FFF,2013J,CMA,236.0,0.0,-36.0,Early,183,122,61,7,3.08,1,0.0,40.0,0,0.0,40.0,0,0,Pattern detected because academic activity increased sharply just before the deadline.,Normal
34873,133718,18,0,74,FFF,2013J,TMA,19.0,12.5,-1.0,Last Minute,167,56,111,5,0.8,0,0.75,45.0,0,,,0,0,Pattern detected because the task was submitted at the last minute.,Normal
34874,133718,46,0,64,FFF,2013J,TMA,47.0,12.5,-1.0,Last Minute,56,3,53,5,0.09,0,0.75,45.0,0,0.0,45.0,0,0,Pattern detected because the task was submitted at the last minute.,Emerging
34873,134847,19,0,62,FFF,2013J,TMA,19.0,12.5,0.0,Last Minute,85,32,53,3,0.92,0,0.75,45.0,0,,,0,0,Pattern detected because the task was submitted at the last minute.,Normal
34878,134847,312,0,97,FFF,2013J,CMA,236.0,0.0,76.0,Late,0,0,0,0,0.0,0,1.0,60.0,1,1.0,52.5,0,0,Pattern detected because the task was submitted after the deadline.,Emerging
34873,136894,11,0,82,FFF,2013J,TMA,19.0,12.5,-8.0,Early,426,378,48,3,11.89,1,0.0,40.0,0,,,0,0,Pattern detected because academic activity increased sharply just before the deadline.,Normal
34874,136894,44,0,70,FFF,2013J,TMA,47.0,12.5,-3.0,Near Deadline,51,26,25,4,1.44,0,0.35,21.0,0,0.0,30.5,0,0,Pattern detected because the task was completed close to the deadline.,Normal
34875,136894,95,0,69,FFF,2013J,TMA,96.0,25.0,-1.0,Last Minute,18,16,2,2,3.81,1,0.75,85.0,1,1.0,48.7,0,0,"Pattern detected because the task was submitted at the last minute, and academic activity increased sharply just before the deadline.",Emerging
34876,136894,131,0,62,FFF,2013J,TMA,131.0,25.0,0.0,Last Minute,86,21,65,5,0.5,0,0.75,45.0,0,1.0,50.3,0,0,Pattern detected because the task was submitted at the last minute.,Emerging
34877,136894,173,0,53,FFF,2013J,TMA,173.0,25.0,0.0,Last Minute,65,21,44,5,0.71,0,0.75,45.0,0,1.0,58.3,0,0,Pattern detected because the task was submitted at the last minute.,Emerging
34878,136894,4,0,85,FFF,2013J,CMA,236.0,0.0,-232.0,Early,48,24,24,3,1.38,0,0.0,0.0,0,0.0,30.0,0,0,No strong procrastination pattern detected.,Normal
34879,136894,111,0,78,FFF,2013J,CMA,236.0,0.0,-125.0,Early,48,24,24,3,1.38,0,0.0,0.0,0,0.0,15.0,0,0,No strong procrastination pattern detected.,Normal
34881,136894,111,0,66,FFF,2013J,CMA,236.0,0.0,-125.0,Early,48,24,24,3,1.38,0,0.0,0.0,0,0.0,0.0,0,0,No strong procrastination pattern detected.,Normal
34880,136894,153,0,63,FFF,2013J,CMA,236.0,0.0,-83.0,Early,48,24,24,3,1.38,0,0.0,0.0,0,0.0,0.0,0,0,No strong procrastination pattern detected.,Normal
34882,136894,153,0,54,FFF,2013J,CMA,236.0,0.0,-83.0,Early,48,24,24,3,1.38,0,0.0,0.0,0,0.0,0.0,0,0,No strong procrastination pattern detected.,Normal
34883,136894,202,0,57,FFF,2013J,CMA,236.0,0.0,-34.0,Early,48,24,24,3,1.38,0,0.0,0.0,0,0.0,0.0,0,0,No strong procrastination pattern detected.,Normal
34873,137903,17,0,66,FFF,2013J,TMA,19.0,12.5,-2.0,Near Deadline,152,23,129,4,0.29,0,0.35,21.0,0,,,0,0,Pattern detected because the task was completed close to the deadline.,Normal
34874,137903,45,0,64,FFF,2013J,TMA,47.0,12.5,-2.0,Near Deadline,168,37,131,6,0.45,0,0.35,21.0,0,0.0,21.0,0,0,Pattern detected because the task was completed close to the deadline.,Normal
34875,137903,99,0,48,FFF,2013J,TMA,96.0,25.0,3.0,Late,219,25,194,4,0.21,0,1.0,60.0,1,1.0,34.0,0,0,Pattern detected because the task was submitted after the deadline.,Normal
34876,137903,134,0,53,FFF,2013J,TMA,131.0,25.0,3.0,Late,164,34,130,7,0.42,0,1.0,60.0,1,2.0,47.0,1,1,"Pattern detected because the task was submitted after the deadline, and similar behaviour appeared in at least 2 of the last 3 tasks.",Emerging
34877,137903,178,0,51,FFF,2013J,TMA,173.0,25.0,5.0,Late,164,77,87,7,1.39,0,1.0,60.0,1,3.0,60.0,1,0,"Pattern detected because the task was submitted after the deadline, and similar behaviour appeared in at least 2 of the last 3 tasks.",Emerging
34881,137903,227,0,88,FFF,2013J,CMA,236.0,0.0,-9.0,Early,232,45,187,7,0.39,0,0.0,0.0,0,2.0,40.0,1,0,Pattern detected because similar behaviour appeared in at least 2 of the last 3 tasks.,Normal
34882,137903,227,0,87,FFF,2013J,CMA,236.0,0.0,-9.0,Early,232,45,187,7,0.39,0,0.0,0.0,0,1.0,20.0,0,0,No strong procrastination pattern detected.,Normal
34884,137903,227,0,78,FFF,2013J,CMA,236.0,0.0,-9.0,Early,232,45,187,7,0.39,0,0.0,0.0,0,0.0,0.0,0,0,No strong procrastination pattern detected.,Normal
34878,137903,228,0,85,FFF,2013J,CMA,236.0,0.0,-8.0,Early,232,45,187,7,0.39,0,0.0,0.0,0,0.0,0.0,0,0,No strong procrastination pattern detected.,Normal
34879,137903,229,0,95,FFF,2013J,CMA,236.0,0.0,-7.0,Early,232,45,187,7,0.39,0,0.0,0.0,0,0.0,0.0,0,0,No strong procrastination pattern detected.,Normal
34883,137903,229,0,77,FFF,2013J,CMA,236.0,0.0,-7.0,Early,232,45,187,7,0.39,0,0.0,0.0,0,0.0,0.0,0,0,No strong procrastination pattern detected.,Normal
34880,137903,231,0,78,FFF,2013J,CMA,236.0,0.0,-5.0,Early,232,45,187,7,0.39,0,0.0,0.0,0,0.0,0.0,0,0,No strong procrastination pattern detected.,Normal
34873,139190,17,0,94,FFF,2013J,TMA,19.0,12.5,-2.0,Near Deadline,128,79,49,5,2.44,1,0.35,61.0,1,,,0,0,"Pattern detected because the task was completed close to the deadline, and academic activity increased sharply just before the deadline.",Normal
34874,139190,45,0,82,FFF,2013J,TMA,47.0,12.5,-2.0,Near Deadline,119,10,109,6,0.15,0,0.35,21.0,0,1.0,41.0,0,0,Pattern detected because the task was completed close to the deadline.,Normal
34875,139190,95,0,90,FFF,2013J,TMA,96.0,25.0,-1.0,Last Minute,46,43,3,2,8.96,1,0.75,85.0,1,2.0,55.7,1,1,"Pattern detected because the task was submitted at the last minute, and academic activity increased sharply just before the deadline, and similar behaviour appeared in at least 2 of the last 3 tasks.",Emerging
34876,139190,131,0,74,FFF,2013J,TMA,131.0,25.0,0.0,Last Minute,98,69,29,5,3.38,1,0.75,85.0,1,2.0,63.7,1,0,"Pattern detected because the task was submitted at the last minute, and academic activity increased sharply just before the deadline, and similar behaviour appeared in at least 2 of the last 3 tasks.",Emerging
34877,139190,173,0,91,FFF,2013J,TMA,173.0,25.0,0.0,Last Minute,82,76,6,5,11.52,1,0.75,85.0,1,3.0,85.0,1,0,"Pattern detected because the task was submitted at the last minute, and academic activity increased sharply just before the deadline, and similar behaviour appeared in at least 2 of the last 3 tasks.",High
34878,139190,3,0,95,FFF,2013J,CMA,236.0,0.0,-233.0,Early,130,38,92,6,0.65,0,0.0,0.0,0,2.0,56.7,1,0,Pattern detected because similar behaviour appeared in at least 2 of the last 3 tasks.,Emerging
34879,139190,41,0,92,FFF,2013J,CMA,236.0,0.0,-195.0,Early,130,38,92,6,0.65,0,0.0,0.0,0,1.0,28.3,0,0,No strong procrastination pattern detected.,Normal
34880,139190,70,0,84,FFF,2013J,CMA,236.0,0.0,-166.0,Early,130,38,92,6,0.65,0,0.0,0.0,0,0.0,0.0,0,0,No strong procrastination pattern detected.,Normal
34881,139190,118,0,90,FFF,2013J,CMA,236.0,0.0,-118.0,Early,130,38,92,6,0.65,0,0.0,0.0,0,0.0,0.0,0,0,No strong procrastination pattern detected.,Normal
34882,139190,142,0,80,FFF,2013J,CMA,236.0,0.0,-94.0,Early,130,38,92,6,0.65,0,0.0,0.0,0,0.0,0.0,0,0,No strong procrastination pattern detected.,Normal
34884,139190,206,0,79,FFF,2013J,CMA,236.0,0.0,-30.0,Early,130,38,92,6,0.65,0,0.0,0.0,0,0.0,0.0,0,0,No strong procrastination pattern detected.,Normal
34883,139190,214,0,82,FFF,2013J,CMA,236.0,0.0,-22.0,Early,130,38,92,6,0.65,0,0.0,0.0,0,0.0,0.0,0,0,No strong procrastination pattern detected.,Normal
34873,139278,19,0,90,FFF,2013J,TMA,19.0,12.5,0.0,Last Minute,150,87,63,5,2.13,1,0.75,85.0,1,,,0,0,"Pattern detected because the task was submitted at the last minute, and academic activity increased sharply just before the deadline.",Normal
34874,139278,45,0,90,FFF,2013J,TMA,47.0,12.5,-2.0,Near Deadline,71,8,63,3,0.2,0,0.35,21.0,0,1.0,53.0,0,0,Pattern detected because the task was completed close to the deadline.,Emerging
34875,139278,95,0,85,FFF,2013J,TMA,96.0,25.0,-1.0,Last Minute,114,83,31,4,3.84,1,0.75,85.0,1,2.0,63.7,1,1,"Pattern detected because the task was submitted at the last minute, and academic activity increased sharply just before the deadline, and similar behaviour appeared in at least 2 of the last 3 tasks.",Emerging
34876,139278,131,0,85,FFF,2013J,TMA,131.0,25.0,0.0,Last Minute,99,87,12,4,8.53,1,0.75,85.0,1,2.0,63.7,1,0,"Pattern detected because the task was submitted at the last minute, and academic activity increased sharply just before the deadline, and similar behaviour appeared in at least 2 of the last 3 tasks.",Emerging
34878,139278,52,0,94,FFF,2013J,CMA,236.0,0.0,-184.0,Early,7,7,0,1,2.33,1,0.0,40.0,0,2.0,70.0,1,0,"Pattern detected because academic activity increased sharply just before the deadline, and similar behaviour appeared in at least 2 of the last 3 tasks.",Emerging
34879,139278,52,0,98,FFF,2013J,CMA,236.0,0.0,-184.0,Early,7,7,0,1,2.33,1,0.0,40.0,0,1.0,55.0,0,0,Pattern detected because academic activity increased sharply just before the deadline.,Emerging
34880,139278,116,0,88,FFF,2013J,CMA,236.0,0.0,-120.0,Early,7,7,0,1,2.33,1,0.0,40.0,0,0.0,40.0,0,0,Pattern detected because academic activity increased sharply just before the deadline.,Normal
34881,139278,133,0,86,FFF,2013J,CMA,236.0,0.0,-103.0,Early,7,7,0,1,2.33,1,0.0,40.0,0,0.0,40.0,0,0,Pattern detected because academic activity increased sharply just before the deadline.,Normal
34882,139278,202,0,67,FFF,2013J,CMA,236.0,0.0,-34.0,Early,7,7,0,1,2.33,1,0.0,40.0,0,0.0,40.0,0,0,Pattern detected because academic activity increased sharply just before the deadline.,Normal
34883,139278,202,0,87,FFF,2013J,CMA,236.0,0.0,-34.0,Early,7,7,0,1,2.33,1,0.0,40.0,0,0.0,40.0,0,0,Pattern detected because academic activity increased sharply just before the deadline.,Normal
34884,139278,206,0,87,FFF,2013J,CMA,236.0,0.0,-30.0,Early,7,7,0,1,2.33,1,0.0,40.0,0,0.0,40.0,0,0,Pattern detected because academic activity increased sharply just before the deadline.,Normal
34873,139701,13,0,86,FFF,2013J,TMA,19.0,12.5,-6.0,Early,358,0,358,3,0.0,0,0.0,0.0,0,,,0,0,No strong procrastination pattern detected.,Normal
34878,139701,14,0,86,FFF,2013J,CMA,236.0,0.0,-222.0,Early,0,0,0,0,0.0,0,0.0,0.0,0,0.0,0.0,0,0,No strong procrastination pattern detected.,Normal
34879,139701,112,0,93,FFF,2013J,CMA,236.0,0.0,-124.0,Early,0,0,0,0,0.0,0,0.0,0.0,0,0.0,0.0,0,0,No strong procrastination pattern detected.,Normal
34873,141648,11,0,96,FFF,2013J,TMA,19.0,12.5,-8.0,Early,396,71,325,7,0.36,0,0.0,0.0,0,,,0,0,No strong procrastination pattern detected.,Normal
34874,141648,43,0,86,FFF,2013J,TMA,47.0,12.5,-4.0,Early,333,28,305,8,0.15,0,0.0,0.0,0,0.0,0.0,0,0,No strong procrastination pattern detected.,Normal
34875,141648,102,0,75,FFF,2013J,TMA,96.0,25.0,6.0,Late,80,28,52,7,0.82,0,1.0,60.0,1,1.0,20.0,0,0,Pattern detected because the task was submitted after the deadline.,Normal
34876,141648,129,0,81,FFF,2013J,TMA,131.0,25.0,-2.0,Near Deadline,162,124,38,6,4.81,1,0.35,61.0,1,2.0,40.3,1,1,"Pattern detected because the task was completed close to the deadline, and academic activity increased sharply just before the deadline, and similar behaviour appeared in at least 2 of the last 3 tasks.",Normal
34877,141648,173,0,85,FFF,2013J,TMA,173.0,25.0,0.0,Last Minute,26,14,12,3,1.37,0,0.75,45.0,0,2.0,55.3,1,0,"Pattern detected because the task was submitted at the last minute, and similar behaviour appeared in at least 2 of the last 3 tasks.",Emerging
34878,141648,44,0,96,FFF,2013J,CMA,236.0,0.0,-192.0,Early,111,7,104,5,0.11,0,0.0,0.0,0,1.0,35.3,0,0,No strong procrastination pattern detected.,Normal
34879,141648,52,0,91,FFF,2013J,CMA,236.0,0.0,-184.0,Early,111,7,104,5,0.11,0,0.0,0.0,0,0.0,15.0,0,0,No strong procrastination pattern detected.,Normal
34880,141648,214,0,85,FFF,2013J,CMA,236.0,0.0,-22.0,Early,111,7,104,5,0.11,0,0.0,0.0,0,0.0,0.0,0,0,No strong procrastination pattern detected.,Normal
34881,141648,214,0,79,FFF,2013J,CMA,236.0,0.0,-22.0,Early,111,7,104,5,0.11,0,0.0,0.0,0,0.0,0.0,0,0,No strong procrastination pattern detected.,Normal
34882,141648,220,0,91,FFF,2013J,CMA,236.0,0.0,-16.0,Early,111,7,104,5,0.11,0,0.0,0.0,0,0.0,0.0,0,0,No strong procrastination pattern detected.,Normal
34883,141648,223,0,78,FFF,2013J,CMA,236.0,0.0,-13.0,Early,111,7,104,5,0.11,0,0.0,0.0,0,0.0,0.0,0,0,No strong procrastination pattern detected.,Normal
34884,141648,230,0,79,FFF,2013J,CMA,236.0,0.0,-6.0,Early,111,7,104,5,0.11,0,0.0,0.0,0,0.0,0.0,0,0,No strong procrastination pattern detected.,Normal
34873,144562,18,0,74,FFF,2013J,TMA,19.0,12.5,-1.0,Last Minute,178,85,93,5,1.45,0,0.75,45.0,0,,,0,0,Pattern detected because the task was submitted at the last minute.,Normal
34874,144562,48,0,80,FFF,2013J,TMA,47.0,12.5,1.0,Late,99,36,63,4,0.88,0,1.0,60.0,1,1.0,52.5,0,0,Pattern detected because the task was submitted after the deadline.,Emerging
34875,144562,105,0,73,FFF,2013J,TMA,96.0,25.0,9.0,Late,228,92,136,5,1.09,0,1.0,60.0,1,2.0,55.0,1,1,"Pattern detected because the task was submitted after the deadline, and similar behaviour appeared in at least 2 of the last 3 tasks.",Emerging
34876,144562,138,0,74,FFF,2013J,TMA,131.0,25.0,7.0,Late,120,68,52,6,1.99,1,1.0,100.0,1,3.0,73.3,1,0,"Pattern detected because the task was submitted after the deadline, and academic activity increased sharply just before the deadline, and similar behaviour appeared in at least 2 of the last 3 tasks.",Emerging
34873,144959,19,0,88,FFF,2013J,TMA,19.0,12.5,0.0,Last Minute,68,27,41,3,0.98,0,0.75,45.0,0,,,0,0,Pattern detected because the task was submitted at the last minute.,Normal
34873,146738,18,0,82,FFF,2013J,TMA,19.0,12.5,-1.0,Last Minute,224,109,115,6,1.51,1,0.75,85.0,1,,,0,0,"Pattern detected because the task was submitted at the last minute, and academic activity increased sharply just before the deadline.",Normal
34874,146738,46,0,80,FFF,2013J,TMA,47.0,12.5,-1.0,Last Minute,177,46,131,5,0.56,0,0.75,45.0,0,1.0,65.0,0,0,Pattern detected because the task was submitted at the last minute.,Emerging
34875,146738,96,0,87,FFF,2013J,TMA,96.0,25.0,0.0,Last Minute,205,32,173,6,0.3,0,0.75,45.0,0,1.0,58.3,0,0,Pattern detected because the task was submitted at the last minute.,Emerging
34876,146738,130,0,95,FFF,2013J,TMA,131.0,25.0,-1.0,Last Minute,375,36,339,7,0.17,0,0.75,45.0,0,0.0,45.0,0,0,Pattern detected because the task was submitted at the last minute.,Emerging
34877,146738,165,0,93,FFF,2013J,TMA,173.0,25.0,-8.0,Early,0,0,0,0,0.0,0,0.0,0.0,0,0.0,30.0,0,0,No strong procrastination pattern detected.,Normal
34878,146738,74,0,85,FFF,2013J,CMA,236.0,0.0,-162.0,Early,83,35,48,3,1.1,0,0.0,0.0,0,0.0,15.0,0,0,No strong procrastination pattern detected.,Normal
34879,146738,126,0,88,FFF,2013J,CMA,236.0,0.0,-110.0,Early,83,35,48,3,1.1,0,0.0,0.0,0,0.0,0.0,0,0,No strong procrastination pattern detected.,Normal
34880,146738,126,0,83,FFF,2013J,CMA,236.0,0.0,-110.0,Early,83,35,48,3,1.1,0,0.0,0.0,0,0.0,0.0,0,0,No strong procrastination pattern detected.,Normal
34881,146738,126,0,86,FFF,2013J,CMA,236.0,0.0,-110.0,Early,83,35,48,3,1.1,0,0.0,0.0,0,0.0,0.0,0,0,No strong procrastination pattern detected.,Normal
34882,146738,200,0,86,FFF,2013J,CMA,236.0,0.0,-36.0,Early,83,35,48,3,1.1,0,0.0,0.0,0,0.0,0.0,0,0,No strong procrastination pattern detected.,Normal
34884,146738,214,0,87,FFF,2013J,CMA,236.0,0.0,-22.0,Early,83,35,48,3,1.1,0,0.0,0.0,0,0.0,0.0,0,0,No strong procrastination pattern detected.,Normal
34883,146738,215,0,75,FFF,2013J,CMA,236.0,0.0,-21.0,Early,83,35,48,3,1.1,0,0.0,0.0,0,0.0,0.0,0,0,No strong procrastination pattern detected.,Normal
34873,148328,19,0,84,FFF,2013J,TMA,19.0,12.5,0.0,Last Minute,189,42,147,6,0.46,0,0.75,45.0,0,,,0,0,Pattern detected because the task was submitted at the last minute.,Normal
34874,148328,46,0,84,FFF,2013J,TMA,47.0,12.5,-1.0,Last Minute,177,94,83,7,1.78,1,0.75,85.0,1,1.0,65.0,0,0,"Pattern detected because the task was submitted at the last minute, and academic activity increased sharply just before the deadline.",Emerging
34878,148328,56,0,89,FFF,2013J,CMA,236.0,0.0,-180.0,Early,0,0,0,0,0.0,0,0.0,0.0,0,1.0,43.3,0,0,No strong procrastination pattern detected.,Normal
34873,152587,1,0,74,FFF,2013J,TMA,19.0,12.5,-18.0,Early,155,29,126,6,0.37,0,0.0,0.0,0,,,0,0,No strong procrastination pattern detected.,Normal
34874,152587,44,0,86,FFF,2013J,TMA,47.0,12.5,-3.0,Near Deadline,366,84,282,7,0.49,0,0.35,21.0,0,0.0,10.5,0,0,Pattern detected because the task was completed close to the deadline.,Normal
34875,152587,99,0,93,FFF,2013J,TMA,96.0,25.0,3.0,Late,28,27,1,3,7.5,1,1.0,100.0,1,1.0,40.3,0,0,"Pattern detected because the task was submitted after the deadline, and academic activity increased sharply just before the deadline.",Normal
34876,152587,130,0,52,FFF,2013J,TMA,131.0,25.0,-1.0,Last Minute,44,30,14,5,2.63,1,0.75,85.0,1,2.0,68.7,1,1,"Pattern detected because the task was submitted at the last minute, and academic activity increased sharply just before the deadline, and similar behaviour appeared in at least 2 of the last 3 tasks.",Emerging
34877,152587,171,0,81,FFF,2013J,TMA,173.0,25.0,-2.0,Near Deadline,10,10,0,1,3.33,1,0.35,61.0,1,3.0,82.0,1,0,"Pattern detected because the task was completed close to the deadline, and academic activity increased sharply just before the deadline, and similar behaviour appeared in at least 2 of the last 3 tasks.",High
34878,152587,3,0,88,FFF,2013J,CMA,236.0,0.0,-233.0,Early,136,40,96,5,0.66,0,0.0,0.0,0,2.0,48.7,1,0,Pattern detected because similar behaviour appeared in at least 2 of the last 3 tasks.,Emerging
34879,152587,58,0,92,FFF,2013J,CMA,236.0,0.0,-178.0,Early,136,40,96,5,0.66,0,0.0,0.0,0,1.0,20.3,0,0,No strong procrastination pattern detected.,Normal
34880,152587,74,0,92,FFF,2013J,CMA,236.0,0.0,-162.0,Early,136,40,96,5,0.66,0,0.0,0.0,0,0.0,0.0,0,0,No strong procrastination pattern detected.,Normal
34881,152587,102,0,88,FFF,2013J,CMA,236.0,0.0,-134.0,Early,136,40,96,5,0.66,0,0.0,0.0,0,0.0,0.0,0,0,No strong procrastination pattern detected.,Normal
34882,152587,199,0,81,FFF,2013J,CMA,236.0,0.0,-37.0,Early,136,40,96,5,0.66,0,0.0,0.0,0,0.0,0.0,0,0,No strong procrastination pattern detected.,Normal
34883,152587,220,0,80,FFF,2013J,CMA,236.0,0.0,-16.0,Early,136,40,96,5,0.66,0,0.0,0.0,0,0.0,0.0,0,0,No strong procrastination pattern detected.,Normal
34884,152587,227,0,82,FFF,2013J,CMA,236.0,0.0,-9.0,Early,136,40,96,5,0.66,0,0.0,0.0,0,0.0,0.0,0,0,No strong procrastination pattern detected.,Normal
34873,152887,19,0,92,FFF,2013J,TMA,19.0,12.5,0.0,Last Minute,62,62,0,3,20.67,1,0.75,85.0,1,,,0,0,"Pattern detected because the task was submitted at the last minute, and academic activity increased sharply just before the deadline.",Normal
34874,152887,54,0,60,FFF,2013J,TMA,47.0,12.5,7.0,Late,11,11,0,1,3.67,1,1.0,100.0,1,2.0,92.5,1,1,"Pattern detected because the task was submitted after the deadline, and academic activity increased sharply just before the deadline, and similar behaviour appeared in at least 2 of the last 3 tasks.",High
34873,154057,17,0,94,FFF,2013J,TMA,19.0,12.5,-2.0,Near Deadline,191,48,143,8,0.54,0,0.35,21.0,0,,,0,0,Pattern detected because the task was completed close to the deadline.,Normal
34874,154057,54,0,52,FFF,2013J,TMA,47.0,12.5,7.0,Late,35,1,34,5,0.04,0,1.0,60.0,1,1.0,40.5,0,0,Pattern detected because the task was submitted after the deadline.,Normal
34878,154057,5,0,81,FFF,2013J,CMA,236.0,0.0,-231.0,Early,0,0,0,0,0.0,0,0.0,0.0,0,1.0,27.0,0,0,No strong procrastination pattern detected.,Normal
34879,154057,55,0,72,FFF,2013J,CMA,236.0,0.0,-181.0,Early,0,0,0,0,0.0,0,0.0,0.0,0,1.0,20.0,0,0,No strong procrastination pattern detected.,Normal
34873,154059,19,0,62,FFF,2013J,TMA,19.0,12.5,0.0,Last Minute,66,17,49,5,0.52,0,0.75,45.0,0,,,0,0,Pattern detected because the task was submitted at the last minute.,Normal
34874,154059,50,0,38,FFF,2013J,TMA,47.0,12.5,3.0,Late,49,25,24,5,1.44,0,1.0,60.0,1,1.0,52.5,0,0,Pattern detected because the task was submitted after the deadline.,Emerging
34875,154059,102,0,50,FFF,2013J,TMA,96.0,25.0,6.0,Late,32,0,32,2,0.0,0,1.0,60.0,1,2.0,55.0,1,1,"Pattern detected because the task was submitted after the deadline, and similar behaviour appeared in at least 2 of the last 3 tasks.",Emerging
34876,154059,143,0,49,FFF,2013J,TMA,131.0,25.0,12.0,Late,0,0,0,0,0.0,0,1.0,60.0,1,3.0,60.0,1,0,"Pattern detected because the task was submitted after the deadline, and similar behaviour appeared in at least 2 of the last 3 tasks.",Emerging
34877,154059,173,0,63,FFF,2013J,TMA,173.0,25.0,0.0,Last Minute,120,56,64,5,1.35,0,0.75,45.0,0,2.0,55.0,1,0,"Pattern detected because the task was submitted at the last minute, and similar behaviour appeared in at least 2 of the last 3 tasks.",Emerging
34878,154059,220,0,71,FFF,2013J,CMA,236.0,0.0,-16.0,Early,213,105,108,4,1.55,1,0.0,40.0,0,1.0,48.3,0,0,Pattern detected because academic activity increased sharply just before the deadline.,Emerging
34879,154059,220,0,58,FFF,2013J,CMA,236.0,0.0,-16.0,Early,213,105,108,4,1.55,1,0.0,40.0,0,0.0,41.7,0,0,Pattern detected because academic activity increased sharply just before the deadline.,Normal
34880,154059,220,0,61,FFF,2013J,CMA,236.0,0.0,-16.0,Early,213,105,108,4,1.55,1,0.0,40.0,0,0.0,40.0,0,0,Pattern detected because academic activity increased sharply just before the deadline.,Normal
34881,154059,220,0,55,FFF,2013J,CMA,236.0,0.0,-16.0,Early,213,105,108,4,1.55,1,0.0,40.0,0,0.0,40.0,0,0,Pattern detected because academic activity increased sharply just before the deadline.,Normal
34882,154059,220,0,76,FFF,2013J,CMA,236.0,0.0,-16.0,Early,213,105,108,4,1.55,1,0.0,40.0,0,0.0,40.0,0,0,Pattern detected because academic activity increased sharply just before the deadline.,Normal
34883,154059,220,0,55,FFF,2013J,CMA,236.0,0.0,-16.0,Early,213,105,108,4,1.55,1,0.0,40.0,0,0.0,40.0,0,0,Pattern detected because academic activity increased sharply just before the deadline.,Normal
34884,154059,220,0,68,FFF,2013J,CMA,236.0,0.0,-16.0,Early,213,105,108,4,1.55,1,0.0,40.0,0,0.0,40.0,0,0,Pattern detected because academic activity increased sharply just before the deadline.,Normal
34873,154191,17,0,82,FFF,2013J,TMA,19.0,12.5,-2.0,Near Deadline,66,5,61,3,0.13,0,0.35,21.0,0,,,0,0,Pattern detected because the task was completed close to the deadline.,Normal
34874,154191,46,0,84,FFF,2013J,TMA,47.0,12.5,-1.0,Last Minute,145,15,130,3,0.19,0,0.75,45.0,0,0.0,33.0,0,0,Pattern detected because the task was submitted at the last minute.,Normal
34875,154191,94,0,88,FFF,2013J,TMA,96.0,25.0,-2.0,Near Deadline,126,60,66,4,1.41,0,0.35,21.0,0,0.0,29.0,0,0,Pattern detected because the task was completed close to the deadline.,Normal
34876,154191,130,0,88,FFF,2013J,TMA,131.0,25.0,-1.0,Last Minute,163,151,12,3,14.8,1,0.75,85.0,1,1.0,50.3,0,0,"Pattern detected because the task was submitted at the last minute, and academic activity increased sharply just before the deadline.",Emerging
34877,154191,171,0,89,FFF,2013J,TMA,173.0,25.0,-2.0,Near Deadline,41,35,6,2,5.3,1,0.35,61.0,1,2.0,55.7,1,1,"Pattern detected because the task was completed close to the deadline, and academic activity increased sharply just before the deadline, and similar behaviour appeared in at least 2 of the last 3 tasks.",Emerging
34878,154191,42,0,97,FFF,2013J,CMA,236.0,0.0,-194.0,Early,212,22,190,5,0.19,0,0.0,0.0,0,2.0,48.7,1,0,Pattern detected because similar behaviour appeared in at least 2 of the last 3 tasks.,Emerging
34879,154191,60,0,97,FFF,2013J,CMA,236.0,0.0,-176.0,Early,212,22,190,5,0.19,0,0.0,0.0,0,1.0,20.3,0,0,No strong procrastination pattern detected.,Normal
34881,154191,108,0,94,FFF,2013J,CMA,236.0,0.0,-128.0,Early,212,22,190,5,0.19,0,0.0,0.0,0,0.0,0.0,0,0,No strong procrastination pattern detected.,Normal
34880,154191,146,0,86,FFF,2013J,CMA,236.0,0.0,-90.0,Early,212,22,190,5,0.19,0,0.0,0.0,0,0.0,0.0,0,0,No strong procrastination pattern detected.,Normal
34882,154191,223,0,90,FFF,2013J,CMA,236.0,0.0,-13.0,Early,212,22,190,5,0.19,0,0.0,0.0,0,0.0,0.0,0,0,No strong procrastination pattern detected.,Normal
34884,154191,224,0,76,FFF,2013J,CMA,236.0,0.0,-12.0,Early,212,22,190,5,0.19,0,0.0,0.0,0,0.0,0.0,0,0,No strong procrastination pattern detected.,Normal
34883,154191,235,0,92,FFF,2013J,CMA,236.0,0.0,-1.0,Last Minute,212,22,190,5,0.19,0,0.75,45.0,0,0.0,15.0,0,0,Pattern detected because the task was submitted at the last minute.,Normal
34873,155298,18,0,66,FFF,2013J,TMA,19.0,12.5,-1.0,Last Minute,57,19,38,2,0.74,0,0.75,45.0,0,,,0,0,Pattern detected because the task was submitted at the last minute.,Normal
34874,155298,45,0,80,FFF,2013J,TMA,47.0,12.5,-2.0,Near Deadline,58,6,52,5,0.18,0,0.35,21.0,0,0.0,33.0,0,0,Pattern detected because the task was completed close to the deadline.,Normal
34875,155298,92,0,78,FFF,2013J,TMA,96.0,25.0,-4.0,Early,20,0,20,2,0.0,0,0.0,0.0,0,0.0,22.0,0,0,No strong procrastination pattern detected.,Normal
34876,155298,129,0,88,FFF,2013J,TMA,131.0,25.0,-2.0,Near Deadline,37,15,22,2,0.93,0,0.35,21.0,0,0.0,14.0,0,0,Pattern detected because the task was completed close to the deadline.,Normal
34877,155298,172,0,83,FFF,2013J,TMA,173.0,25.0,-1.0,Last Minute,18,6,12,3,0.59,0,0.75,45.0,0,0.0,22.0,0,0,Pattern detected because the task was submitted at the last minute.,Normal
34878,155298,37,0,92,FFF,2013J,CMA,236.0,0.0,-199.0,Early,48,34,14,3,2.98,1,0.0,40.0,0,0.0,35.3,0,0,Pattern detected because academic activity increased sharply just before the deadline.,Normal
34879,155298,74,0,97,FFF,2013J,CMA,236.0,0.0,-162.0,Early,48,34,14,3,2.98,1,0.0,40.0,0,0.0,41.7,0,0,Pattern detected because academic activity increased sharply just before the deadline.,Normal
34880,155298,90,0,94,FFF,2013J,CMA,236.0,0.0,-146.0,Early,48,34,14,3,2.98,1,0.0,40.0,0,0.0,40.0,0,0,Pattern detected because academic activity increased sharply just before the deadline.,Normal
34881,155298,150,0,81,FFF,2013J,CMA,236.0,0.0,-86.0,Early,48,34,14,3,2.98,1,0.0,40.0,0,0.0,40.0,0,0,Pattern detected because academic activity increased sharply just before the deadline.,Normal
34882,155298,214,0,83,FFF,2013J,CMA,236.0,0.0,-22.0,Early,48,34,14,3,2.98,1,0.0,40.0,0,0.0,40.0,0,0,Pattern detected because academic activity increased sharply just before the deadline.,Normal
34884,155298,220,0,80,FFF,2013J,CMA,236.0,0.0,-16.0,Early,48,34,14,3,2.98,1,0.0,40.0,0,0.0,40.0,0,0,Pattern detected because academic activity increased sharply just before the deadline.,Normal
34883,155298,227,0,81,FFF,2013J,CMA,236.0,0.0,-9.0,Early,48,34,14,3,2.98,1,0.0,40.0,0,0.0,40.0,0,0,Pattern detected because academic activity increased sharply just before the deadline.,Normal
34873,156171,5,0,74,FFF,2013J,TMA,19.0,12.5,-14.0,Early,306,123,183,6,1.09,0,0.0,0.0,0,,,0,0,No strong procrastination pattern detected.,Normal
34874,156171,32,0,78,FFF,2013J,TMA,47.0,12.5,-15.0,Early,70,70,0,1,23.33,1,0.0,40.0,0,0.0,20.0,0,0,Pattern detected because academic activity increased sharply just before the deadline.,Normal
34875,156171,94,0,69,FFF,2013J,TMA,96.0,25.0,-2.0,Near Deadline,22,22,0,1,7.33,1,0.35,61.0,1,1.0,33.7,0,0,"Pattern detected because the task was completed close to the deadline, and academic activity increased sharply just before the deadline.",Normal
34876,156171,127,0,67,FFF,2013J,TMA,131.0,25.0,-4.0,Early,138,0,138,1,0.0,0,0.0,0.0,0,1.0,33.7,0,0,No strong procrastination pattern detected.,Normal
34877,156171,167,0,76,FFF,2013J,TMA,173.0,25.0,-6.0,Early,327,257,70,3,5.71,1,0.0,40.0,0,1.0,33.7,0,0,Pattern detected because academic activity increased sharply just before the deadline.,Normal
34878,156171,6,0,89,FFF,2013J,CMA,236.0,0.0,-230.0,Early,99,3,96,3,0.05,0,0.0,0.0,0,0.0,13.3,0,0,No strong procrastination pattern detected.,Normal
34879,156171,6,0,95,FFF,2013J,CMA,236.0,0.0,-230.0,Early,99,3,96,3,0.05,0,0.0,0.0,0,0.0,13.3,0,0,No strong procrastination pattern detected.,Normal
34880,156171,129,0,74,FFF,2013J,CMA,236.0,0.0,-107.0,Early,99,3,96,3,0.05,0,0.0,0.0,0,0.0,0.0,0,0,No strong procrastination pattern detected.,Normal
34881,156171,166,0,76,FFF,2013J,CMA,236.0,0.0,-70.0,Early,99,3,96,3,0.05,0,0.0,0.0,0,0.0,0.0,0,0,No strong procrastination pattern detected.,Normal
34882,156171,174,0,71,FFF,2013J,CMA,236.0,0.0,-62.0,Early,99,3,96,3,0.05,0,0.0,0.0,0,0.0,0.0,0,0,No strong procrastination pattern detected.,Normal
34884,156171,174,0,73,FFF,2013J,CMA,236.0,0.0,-62.0,Early,99,3,96,3,0.05,0,0.0,0.0,0,0.0,0.0,0,0,No strong procrastination pattern detected.,Normal
34883,156171,175,0,81,FFF,2013J,CMA,236.0,0.0,-61.0,Early,99,3,96,3,0.05,0,0.0,0.0,0,0.0,0.0,0,0,No strong procrastination pattern detected.,Normal
34873,160310,24,0,40,FFF,2013J,TMA,19.0,12.5,5.0,Late,138,66,72,6,1.43,0,1.0,60.0,1,,,0,0,Pattern detected because the task was submitted after the deadline.,Normal
34874,160310,46,0,38,FFF,2013J,TMA,47.0,12.5,-1.0,Last Minute,193,142,51,6,4.23,1,0.75,85.0,1,2.0,72.5,1,1,"Pattern detected because the task was submitted at the last minute, and academic activity increased sharply just before the deadline, and similar behaviour appeared in at least 2 of the last 3 tasks.",Emerging
34875,160310,110,0,40,FFF,2013J,TMA,96.0,25.0,14.0,Late,166,105,61,6,2.65,1,1.0,100.0,1,3.0,81.7,1,0,"Pattern detected because the task was submitted after the deadline, and academic activity increased sharply just before the deadline, and similar behaviour appeared in at least 2 of the last 3 tasks.",High
34876,160310,143,0,25,FFF,2013J,TMA,131.0,25.0,12.0,Late,77,0,77,4,0.0,0,1.0,60.0,1,3.0,81.7,1,0,"Pattern detected because the task was submitted after the deadline, and similar behaviour appeared in at least 2 of the last 3 tasks.",High
34878,160310,27,0,73,FFF,2013J,CMA,236.0,0.0,-209.0,Early,179,30,149,7,0.32,0,0.0,0.0,0,2.0,53.3,1,0,Pattern detected because similar behaviour appeared in at least 2 of the last 3 tasks.,Emerging
34879,160310,115,0,68,FFF,2013J,CMA,236.0,0.0,-121.0,Early,179,30,149,7,0.32,0,0.0,0.0,0,1.0,20.0,0,0,No strong procrastination pattern detected.,Normal
34880,160310,115,0,67,FFF,2013J,CMA,236.0,0.0,-121.0,Early,179,30,149,7,0.32,0,0.0,0.0,0,0.0,0.0,0,0,No strong procrastination pattern detected.,Normal
34881,160310,150,0,49,FFF,2013J,CMA,236.0,0.0,-86.0,Early,179,30,149,7,0.32,0,0.0,0.0,0,0.0,0.0,0,0,No strong procrastination pattern detected.,Normal
34882,160310,214,0,61,FFF,2013J,CMA,236.0,0.0,-22.0,Early,179,30,149,7,0.32,0,0.0,0.0,0,0.0,0.0,0,0,No strong procrastination pattern detected.,Normal
34883,160310,227,0,51,FFF,2013J,CMA,236.0,0.0,-9.0,Early,179,30,149,7,0.32,0,0.0,0.0,0,0.0,0.0,0,0,No strong procrastination pattern detected.,Normal
34884,160310,228,0,56,FFF,2013J,CMA,236.0,0.0,-8.0,Early,179,30,149,7,0.32,0,0.0,0.0,0,0.0,0.0,0,0,No strong procrastination pattern detected.,Normal
34873,160934,18,0,80,FFF,2013J,TMA,19.0,12.5,-1.0,Last Minute,25,10,15,2,0.83,0,0.75,45.0,0,,,0,0,Pattern detected because the task was submitted at the last minute.,Normal
34874,160934,46,0,52,FFF,2013J,TMA,47.0,12.5,-1.0,Last Minute,13,12,1,3,3.33,1,0.75,85.0,1,1.0,65.0,0,0,"Pattern detected because the task was submitted at the last minute, and academic activity increased sharply just before the deadline.",Emerging
34873,160946,18,0,88,FFF,2013J,TMA,19.0,12.5,-1.0,Last Minute,49,49,0,2,16.33,1,0.75,85.0,1,,,0,0,"Pattern detected because the task was submitted at the last minute, and academic activity increased sharply just before the deadline.",Normal
34874,160946,46,0,68,FFF,2013J,TMA,47.0,12.5,-1.0,Last Minute,50,49,1,3,13.61,1,0.75,85.0,1,2.0,85.0,1,1,"Pattern detected because the task was submitted at the last minute, and academic activity increased sharply just before the deadline, and similar behaviour appeared in at least 2 of the last 3 tasks.",High
34875,160946,95,0,88,FFF,2013J,TMA,96.0,25.0,-1.0,Last Minute,124,94,30,3,4.48,1,0.75,85.0,1,3.0,85.0,1,0,"Pattern detected because the task was submitted at the last minute, and academic activity increased sharply just before the deadline, and similar behaviour appeared in at least 2 of the last 3 tasks.",High
34876,160946,130,0,77,FFF,2013J,TMA,131.0,25.0,-1.0,Last Minute,159,120,39,5,4.55,1,0.75,85.0,1,3.0,85.0,1,0,"Pattern detected because the task was submitted at the last minute, and academic activity increased sharply just before the deadline, and similar behaviour appeared in at least 2 of the last 3 tasks.",High
34877,160946,171,0,77,FFF,2013J,TMA,173.0,25.0,-2.0,Near Deadline,116,115,1,2,31.94,1,0.35,61.0,1,3.0,77.0,1,0,"Pattern detected because the task was completed close to the deadline, and academic activity increased sharply just before the deadline, and similar behaviour appeared in at least 2 of the last 3 tasks.",High
34878,160946,158,0,93,FFF,2013J,CMA,236.0,0.0,-78.0,Early,231,0,231,3,0.0,0,0.0,0.0,0,2.0,48.7,1,0,Pattern detected because similar behaviour appeared in at least 2 of the last 3 tasks.,Emerging
34879,160946,172,0,95,FFF,2013J,CMA,236.0,0.0,-64.0,Early,231,0,231,3,0.0,0,0.0,0.0,0,1.0,20.3,0,0,No strong procrastination pattern detected.,Normal
34880,160946,217,0,86,FFF,2013J,CMA,236.0,0.0,-19.0,Early,231,0,231,3,0.0,0,0.0,0.0,0,0.0,0.0,0,0,No strong procrastination pattern detected.,Normal
34881,160946,221,0,94,FFF,2013J,CMA,236.0,0.0,-15.0,Early,231,0,231,3,0.0,0,0.0,0.0,0,0.0,0.0,0,0,No strong procrastination pattern detected.,Normal
34882,160946,221,0,87,FFF,2013J,CMA,236.0,0.0,-15.0,Early,231,0,231,3,0.0,0,0.0,0.0,0,0.0,0.0,0,0,No strong procrastination pattern detected.,Normal
34883,160946,223,0,91,FFF,2013J,CMA,236.0,0.0,-13.0,Early,231,0,231,3,0.0,0,0.0,0.0,0,0.0,0.0,0,0,No strong procrastination pattern detected.,Normal
34884,160946,229,0,81,FFF,2013J,CMA,236.0,0.0,-7.0,Early,231,0,231,3,0.0,0,0.0,0.0,0,0.0,0.0,0,0,No strong procrastination pattern detected.,Normal
34873,162809,18,0,84,FFF,2013J,TMA,19.0,12.5,-1.0,Last Minute,202,42,160,6,0.42,0,0.75,45.0,0,,,0,0,Pattern detected because the task was submitted at the last minute.,Normal
34874,162809,45,0,68,FFF,2013J,TMA,47.0,12.5,-2.0,Near Deadline,68,35,33,5,1.54,1,0.35,61.0,1,1.0,53.0,0,0,"Pattern detected because the task was completed close to the deadline, and academic activity increased sharply just before the deadline.",Emerging
34875,162809,95,0,83,FFF,2013J,TMA,96.0,25.0,-1.0,Last Minute,224,202,22,6,12.47,1,0.75,85.0,1,2.0,63.7,1,1,"Pattern detected because the task was submitted at the last minute, and academic activity increased sharply just before the deadline, and similar behaviour appeared in at least 2 of the last 3 tasks.",Emerging
34876,162809,130,0,75,FFF,2013J,TMA,131.0,25.0,-1.0,Last Minute,47,30,17,5,2.27,1,0.75,85.0,1,3.0,77.0,1,0,"Pattern detected because the task was submitted at the last minute, and academic activity increased sharply just before the deadline, and similar behaviour appeared in at least 2 of the last 3 tasks.",High
34877,162809,170,0,89,FFF,2013J,TMA,173.0,25.0,-3.0,Near Deadline,287,13,274,3,0.08,0,0.35,21.0,0,2.0,63.7,1,0,"Pattern detected because the task was completed close to the deadline, and similar behaviour appeared in at least 2 of the last 3 tasks.",Emerging
34878,162809,14,0,84,FFF,2013J,CMA,236.0,0.0,-222.0,Early,6,0,6,2,0.0,0,0.0,0.0,0,1.0,35.3,0,0,No strong procrastination pattern detected.,Normal
34879,162809,27,0,93,FFF,2013J,CMA,236.0,0.0,-209.0,Early,6,0,6,2,0.0,0,0.0,0.0,0,0.0,7.0,0,0,No strong procrastination pattern detected.,Normal
34880,162809,55,0,77,FFF,2013J,CMA,236.0,0.0,-181.0,Early,6,0,6,2,0.0,0,0.0,0.0,0,0.0,0.0,0,0,No strong procrastination pattern detected.,Normal
34881,162809,98,0,82,FFF,2013J,CMA,236.0,0.0,-138.0,Early,6,0,6,2,0.0,0,0.0,0.0,0,0.0,0.0,0,0,No strong procrastination pattern detected.,Normal
34882,162809,136,0,88,FFF,2013J,CMA,236.0,0.0,-100.0,Early,6,0,6,2,0.0,0,0.0,0.0,0,0.0,0.0,0,0,No strong procrastination pattern detected.,Normal
34883,162809,171,0,82,FFF,2013J,CMA,236.0,0.0,-65.0,Early,6,0,6,2,0.0,0,0.0,0.0,0,0.0,0.0,0,0,No strong procrastination pattern detected.,Normal
34884,162809,171,0,84,FFF,2013J,CMA,236.0,0.0,-65.0,Early,6,0,6,2,0.0,0,0.0,0.0,0,0.0,0.0,0,0,No strong procrastination pattern detected.,Normal
34873,163120,16,0,88,FFF,2013J,TMA,19.0,12.5,-3.0,Near Deadline,429,173,256,7,1.1,0,0.35,21.0,0,,,0,0,Pattern detected because the task was completed close to the deadline.,Normal
34874,163120,45,0,84,FFF,2013J,TMA,47.0,12.5,-2.0,Near Deadline,156,21,135,7,0.25,0,0.35,21.0,0,0.0,21.0,0,0,Pattern detected because the task was completed close to the deadline.,Normal
34875,163120,92,0,67,FFF,2013J,TMA,96.0,25.0,-4.0,Early,85,37,48,5,1.16,0,0.0,0.0,0,0.0,14.0,0,0,No strong procrastination pattern detected.,Normal
34876,163120,130,0,74,FFF,2013J,TMA,131.0,25.0,-1.0,Last Minute,61,22,39,5,0.83,0,0.75,45.0,0,0.0,22.0,0,0,Pattern detected because the task was submitted at the last minute.,Normal
34877,163120,172,0,86,FFF,2013J,TMA,173.0,25.0,-1.0,Last Minute,87,36,51,4,1.07,0,0.75,45.0,0,0.0,30.0,0,0,Pattern detected because the task was submitted at the last minute.,Normal
34878,163120,101,0,83,FFF,2013J,CMA,236.0,0.0,-135.0,Early,134,16,118,5,0.22,0,0.0,0.0,0,0.0,30.0,0,0,No strong procrastination pattern detected.,Normal
34879,163120,101,0,90,FFF,2013J,CMA,236.0,0.0,-135.0,Early,134,16,118,5,0.22,0,0.0,0.0,0,0.0,15.0,0,0,No strong procrastination pattern detected.,Normal
34880,163120,200,0,75,FFF,2013J,CMA,236.0,0.0,-36.0,Early,134,16,118,5,0.22,0,0.0,0.0,0,0.0,0.0,0,0,No strong procrastination pattern detected.,Normal
34881,163120,206,0,89,FFF,2013J,CMA,236.0,0.0,-30.0,Early,134,16,118,5,0.22,0,0.0,0.0,0,0.0,0.0,0,0,No strong procrastination pattern detected.,Normal
34882,163120,207,0,75,FFF,2013J,CMA,236.0,0.0,-29.0,Early,134,16,118,5,0.22,0,0.0,0.0,0,0.0,0.0,0,0,No strong procrastination pattern detected.,Normal
34884,163120,214,0,84,FFF,2013J,CMA,236.0,0.0,-22.0,Early,134,16,118,5,0.22,0,0.0,0.0,0,0.0,0.0,0,0,No strong procrastination pattern detected.,Normal
34883,163120,227,0,79,FFF,2013J,CMA,236.0,0.0,-9.0,Early,134,16,118,5,0.22,0,0.0,0.0,0,0.0,0.0,0,0,No strong procrastination pattern detected.,Normal
34873,168229,19,0,88,FFF,2013J,TMA,19.0,12.5,0.0,Last Minute,196,24,172,5,0.23,0,0.75,45.0,0,,,0,0,Pattern detected because the task was submitted at the last minute.,Normal
34874,168229,47,0,94,FFF,2013J,TMA,47.0,12.5,0.0,Last Minute,92,52,40,4,1.93,1,0.75,85.0,1,1.0,65.0,0,0,"Pattern detected because the task was submitted at the last minute, and academic activity increased sharply just before the deadline.",Emerging
34875,168229,96,0,98,FFF,2013J,TMA,96.0,25.0,0.0,Last Minute,157,117,40,6,4.33,1,0.75,85.0,1,2.0,71.7,1,1,"Pattern detected because the task was submitted at the last minute, and academic activity increased sharply just before the deadline, and similar behaviour appeared in at least 2 of the last 3 tasks.",Emerging
34876,168229,131,0,93,FFF,2013J,TMA,131.0,25.0,0.0,Last Minute,205,165,40,6,6.11,1,0.75,85.0,1,3.0,85.0,1,0,"Pattern detected because the task was submitted at the last minute, and academic activity increased sharply just before the deadline, and similar behaviour appeared in at least 2 of the last 3 tasks.",High
34877,168229,171,0,98,FFF,2013J,TMA,173.0,25.0,-2.0,Near Deadline,749,479,270,6,2.9,1,0.35,61.0,1,3.0,77.0,1,0,"Pattern detected because the task was completed close to the deadline, and academic activity increased sharply just before the deadline, and similar behaviour appeared in at least 2 of the last 3 tasks.",High
34878,168229,60,0,84,FFF,2013J,CMA,236.0,0.0,-176.0,Early,100,58,42,5,2.06,1,0.0,40.0,0,2.0,62.0,1,0,"Pattern detected because academic activity increased sharply just before the deadline, and similar behaviour appeared in at least 2 of the last 3 tasks.",Emerging
34879,168229,101,0,96,FFF,2013J,CMA,236.0,0.0,-135.0,Early,100,58,42,5,2.06,1,0.0,40.0,0,1.0,47.0,0,0,Pattern detected because academic activity increased sharply just before the deadline.,Emerging
34880,168229,111,0,95,FFF,2013J,CMA,236.0,0.0,-125.0,Early,100,58,42,5,2.06,1,0.0,40.0,0,0.0,40.0,0,0,Pattern detected because academic activity increased sharply just before the deadline.,Normal
34881,168229,111,0,94,FFF,2013J,CMA,236.0,0.0,-125.0,Early,100,58,42,5,2.06,1,0.0,40.0,0,0.0,40.0,0,0,Pattern detected because academic activity increased sharply just before the deadline.,Normal
34882,168229,165,0,96,FFF,2013J,CMA,236.0,0.0,-71.0,Early,100,58,42,5,2.06,1,0.0,40.0,0,0.0,40.0,0,0,Pattern detected because academic activity increased sharply just before the deadline.,Normal
34883,168229,174,0,98,FFF,2013J,CMA,236.0,0.0,-62.0,Early,100,58,42,5,2.06,1,0.0,40.0,0,0.0,40.0,0,0,Pattern detected because academic activity increased sharply just before the deadline.,Normal
34884,168229,181,0,91,FFF,2013J,CMA,236.0,0.0,-55.0,Early,100,58,42,5,2.06,1,0.0,40.0,0,0.0,40.0,0,0,Pattern detected because academic activity increased sharply just before the deadline.,Normal
34873,169908,17,0,74,FFF,2013J,TMA,19.0,12.5,-2.0,Near Deadline,58,15,43,4,0.52,0,0.35,21.0,0,,,0,0,Pattern detected because the task was completed close to the deadline.,Normal
34874,169908,46,0,72,FFF,2013J,TMA,47.0,12.5,-1.0,Last Minute,63,12,51,7,0.36,0,0.75,45.0,0,0.0,33.0,0,0,Pattern detected because the task was submitted at the last minute.,Normal
34878,169908,24,0,67,FFF,2013J,CMA,236.0,0.0,-212.0,Early,0,0,0,0,0.0,0,0.0,0.0,0,0.0,22.0,0,0,No strong procrastination pattern detected.,Normal
34873,170030,19,0,80,FFF,2013J,TMA,19.0,12.5,0.0,Last Minute,70,22,48,3,0.69,0,0.75,45.0,0,,,0,0,Pattern detected because the task was submitted at the last minute.,Normal
34874,170030,47,0,100,FFF,2013J,TMA,47.0,12.5,0.0,Last Minute,162,106,56,5,2.9,1,0.75,85.0,1,1.0,65.0,0,0,"Pattern detected because the task was submitted at the last minute, and academic activity increased sharply just before the deadline.",Emerging
34875,170030,96,0,94,FFF,2013J,TMA,96.0,25.0,0.0,Last Minute,107,106,1,4,29.44,1,0.75,85.0,1,2.0,71.7,1,1,"Pattern detected because the task was submitted at the last minute, and academic activity increased sharply just before the deadline, and similar behaviour appeared in at least 2 of the last 3 tasks.",Emerging
34876,170030,138,0,92,FFF,2013J,TMA,131.0,25.0,7.0,Late,61,46,15,5,3.83,1,1.0,100.0,1,3.0,90.0,1,0,"Pattern detected because the task was submitted after the deadline, and academic activity increased sharply just before the deadline, and similar behaviour appeared in at least 2 of the last 3 tasks.",High
34877,170030,181,0,73,FFF,2013J,TMA,173.0,25.0,8.0,Late,46,45,1,4,12.5,1,1.0,100.0,1,3.0,95.0,1,0,"Pattern detected because the task was submitted after the deadline, and academic activity increased sharply just before the deadline, and similar behaviour appeared in at least 2 of the last 3 tasks.",High
34878,170030,234,0,91,FFF,2013J,CMA,236.0,0.0,-2.0,Near Deadline,793,224,569,5,0.65,0,0.35,21.0,0,2.0,73.7,1,0,"Pattern detected because the task was completed close to the deadline, and similar behaviour appeared in at least 2 of the last 3 tasks.",Emerging
34879,170030,234,0,95,FFF,2013J,CMA,236.0,0.0,-2.0,Near Deadline,793,224,569,5,0.65,0,0.35,21.0,0,1.0,47.3,0,0,Pattern detected because the task was completed close to the deadline.,Emerging
34880,170030,235,0,88,FFF,2013J,CMA,236.0,0.0,-1.0,Last Minute,793,224,569,5,0.65,0,0.75,45.0,0,0.0,29.0,0,0,Pattern detected because the task was submitted at the last minute.,Normal
34881,170030,235,0,72,FFF,2013J,CMA,236.0,0.0,-1.0,Last Minute,793,224,569,5,0.65,0,0.75,45.0,0,0.0,37.0,0,0,Pattern detected because the task was submitted at the last minute.,Normal
34882,170030,235,0,92,FFF,2013J,CMA,236.0,0.0,-1.0,Last Minute,793,224,569,5,0.65,0,0.75,45.0,0,0.0,45.0,0,0,Pattern detected because the task was submitted at the last minute.,Emerging
34883,170030,235,0,88,FFF,2013J,CMA,236.0,0.0,-1.0,Last Minute,793,224,569,5,0.65,0,0.75,45.0,0,0.0,45.0,0,0,Pattern detected because the task was submitted at the last minute.,Emerging
34884,170030,235,0,81,FFF,2013J,CMA,236.0,0.0,-1.0,Last Minute,793,224,569,5,0.65,0,0.75,45.0,0,0.0,45.0,0,0,Pattern detected because the task was submitted at the last minute.,Emerging
34873,170943,18,0,76,FFF,2013J,TMA,19.0,12.5,-1.0,Last Minute,131,92,39,6,3.48,1,0.75,85.0,1,,,0,0,"Pattern detected because the task was submitted at the last minute, and academic activity increased sharply just before the deadline.",Normal
34874,170943,45,0,74,FFF,2013J,TMA,47.0,12.5,-2.0,Near Deadline,84,47,37,3,1.87,1,0.35,61.0,1,2.0,73.0,1,1,"Pattern detected because the task was completed close to the deadline, and academic activity increased sharply just before the deadline, and similar behaviour appeared in at least 2 of the last 3 tasks.",Emerging
34875,170943,87,0,79,FFF,2013J,TMA,96.0,25.0,-9.0,Early,88,56,32,3,2.52,1,0.0,40.0,0,2.0,62.0,1,0,"Pattern detected because academic activity increased sharply just before the deadline, and similar behaviour appeared in at least 2 of the last 3 tasks.",Emerging
34876,170943,123,0,81,FFF,2013J,TMA,131.0,25.0,-8.0,Early,34,2,32,3,0.09,0,0.0,0.0,0,1.0,33.7,0,0,No strong procrastination pattern detected.,Normal
34877,170943,166,0,81,FFF,2013J,TMA,173.0,25.0,-7.0,Early,26,9,17,2,0.68,0,0.0,0.0,0,0.0,13.3,0,0,No strong procrastination pattern detected.,Normal
34878,170943,21,0,96,FFF,2013J,CMA,236.0,0.0,-215.0,Early,53,35,18,4,2.54,1,0.0,40.0,0,0.0,13.3,0,0,Pattern detected because academic activity increased sharply just before the deadline.,Normal
34879,170943,31,0,96,FFF,2013J,CMA,236.0,0.0,-205.0,Early,53,35,18,4,2.54,1,0.0,40.0,0,0.0,26.7,0,0,Pattern detected because academic activity increased sharply just before the deadline.,Normal
34880,170943,101,0,82,FFF,2013J,CMA,236.0,0.0,-135.0,Early,53,35,18,4,2.54,1,0.0,40.0,0,0.0,40.0,0,0,Pattern detected because academic activity increased sharply just before the deadline.,Normal
34881,170943,101,0,71,FFF,2013J,CMA,236.0,0.0,-135.0,Early,53,35,18,4,2.54,1,0.0,40.0,0,0.0,40.0,0,0,Pattern detected because academic activity increased sharply just before the deadline.,Normal
34882,170943,151,0,78,FFF,2013J,CMA,236.0,0.0,-85.0,Early,53,35,18,4,2.54,1,0.0,40.0,0,0.0,40.0,0,0,Pattern detected because academic activity increased sharply just before the deadline.,Normal
34884,170943,154,0,74,FFF,2013J,CMA,236.0,0.0,-82.0,Early,53,35,18,4,2.54,1,0.0,40.0,0,0.0,40.0,0,0,Pattern detected because academic activity increased sharply just before the deadline.,Normal
34883,170943,194,0,88,FFF,2013J,CMA,236.0,0.0,-42.0,Early,53,35,18,4,2.54,1,0.0,40.0,0,0.0,40.0,0,0,Pattern detected because academic activity increased sharply just before the deadline.,Normal
34873,171304,18,0,74,FFF,2013J,TMA,19.0,12.5,-1.0,Last Minute,40,11,29,5,0.54,0,0.75,45.0,0,,,0,0,Pattern detected because the task was submitted at the last minute.,Normal
34874,171304,60,0,40,FFF,2013J,TMA,47.0,12.5,13.0,Late,26,0,26,1,0.0,0,1.0,60.0,1,1.0,52.5,0,0,Pattern detected because the task was submitted after the deadline.,Emerging
34875,171304,116,0,49,FFF,2013J,TMA,96.0,25.0,20.0,Late,90,90,0,2,30.0,1,1.0,100.0,1,2.0,68.3,1,1,"Pattern detected because the task was submitted after the deadline, and academic activity increased sharply just before the deadline, and similar behaviour appeared in at least 2 of the last 3 tasks.",Emerging
34873,171549,12,0,84,FFF,2013J,TMA,19.0,12.5,-7.0,Early,191,145,46,6,4.74,1,0.0,40.0,0,,,0,0,Pattern detected because academic activity increased sharply just before the deadline.,Normal
34874,171549,43,0,66,FFF,2013J,TMA,47.0,12.5,-4.0,Early,85,43,42,4,1.52,1,0.0,40.0,0,0.0,40.0,0,0,Pattern detected because academic activity increased sharply just before the deadline.,Normal
34875,171549,91,0,80,FFF,2013J,TMA,96.0,25.0,-5.0,Early,136,0,136,2,0.0,0,0.0,0.0,0,0.0,26.7,0,0,No strong procrastination pattern detected.,Normal
34878,171549,27,0,83,FFF,2013J,CMA,236.0,0.0,-209.0,Early,0,0,0,0,0.0,0,0.0,0.0,0,0.0,13.3,0,0,No strong procrastination pattern detected.,Normal
34879,171549,53,0,97,FFF,2013J,CMA,236.0,0.0,-183.0,Early,0,0,0,0,0.0,0,0.0,0.0,0,0.0,0.0,0,0,No strong procrastination pattern detected.,Normal
34880,171549,94,0,75,FFF,2013J,CMA,236.0,0.0,-142.0,Early,0,0,0,0,0.0,0,0.0,0.0,0,0.0,0.0,0,0,No strong procrastination pattern detected.,Normal
34873,171692,18,0,82,FFF,2013J,TMA,19.0,12.5,-1.0,Last Minute,104,72,32,5,3.24,1,0.75,85.0,1,,,0,0,"Pattern detected because the task was submitted at the last minute, and academic activity increased sharply just before the deadline.",Normal
34874,171692,48,0,54,FFF,2013J,TMA,47.0,12.5,1.0,Late,117,13,104,5,0.2,0,1.0,60.0,1,2.0,72.5,1,1,"Pattern detected because the task was submitted after the deadline, and similar behaviour appeared in at least 2 of the last 3 tasks.",Emerging
34875,171692,96,0,31,FFF,2013J,TMA,96.0,25.0,0.0,Last Minute,50,26,24,6,1.49,0,0.75,45.0,0,2.0,63.3,1,0,"Pattern detected because the task was submitted at the last minute, and similar behaviour appeared in at least 2 of the last 3 tasks.",Emerging
34876,171692,131,0,40,FFF,2013J,TMA,131.0,25.0,0.0,Last Minute,36,35,1,4,9.72,1,0.75,85.0,1,2.0,63.3,1,0,"Pattern detected because the task was submitted at the last minute, and academic activity increased sharply just before the deadline, and similar behaviour appeared in at least 2 of the last 3 tasks.",Emerging
34877,171692,180,0,65,FFF,2013J,TMA,173.0,25.0,7.0,Late,44,18,26,4,0.97,0,1.0,60.0,1,2.0,63.3,1,0,"Pattern detected because the task was submitted after the deadline, and similar behaviour appeared in at least 2 of the last 3 tasks.",Emerging
34878,171692,33,0,71,FFF,2013J,CMA,236.0,0.0,-203.0,Early,596,447,149,4,4.84,1,0.0,40.0,0,2.0,61.7,1,0,"Pattern detected because academic activity increased sharply just before the deadline, and similar behaviour appeared in at least 2 of the last 3 tasks.",Emerging
34879,171692,228,0,82,FFF,2013J,CMA,236.0,0.0,-8.0,Early,596,447,149,4,4.84,1,0.0,40.0,0,1.0,46.7,0,0,Pattern detected because academic activity increased sharply just before the deadline.,Emerging
34880,171692,238,0,71,FFF,2013J,CMA,236.0,0.0,2.0,Late,596,447,149,4,4.84,1,1.0,100.0,1,1.0,60.0,0,0,"Pattern detected because the task was submitted after the deadline, and academic activity increased sharply just before the deadline.",Emerging
34881,171692,238,0,63,FFF,2013J,CMA,236.0,0.0,2.0,Late,596,447,149,4,4.84,1,1.0,100.0,1,2.0,80.0,1,0,"Pattern detected because the task was submitted after the deadline, and academic activity increased sharply just before the deadline, and similar behaviour appeared in at least 2 of the last 3 tasks.",High
34882,171692,238,0,54,FFF,2013J,CMA,236.0,0.0,2.0,Late,596,447,149,4,4.84,1,1.0,100.0,1,3.0,100.0,1,0,"Pattern detected because the task was submitted after the deadline, and academic activity increased sharply just before the deadline, and similar behaviour appeared in at least 2 of the last 3 tasks.",High
34883,171692,238,0,53,FFF,2013J,CMA,236.0,0.0,2.0,Late,596,447,149,4,4.84,1,1.0,100.0,1,3.0,100.0,1,0,"Pattern detected because the task was submitted after the deadline, and academic activity increased sharply just before the deadline, and similar behaviour appeared in at least 2 of the last 3 tasks.",High
34884,171692,238,0,47,FFF,2013J,CMA,236.0,0.0,2.0,Late,596,447,149,4,4.84,1,1.0,100.0,1,3.0,100.0,1,0,"Pattern detected because the task was submitted after the deadline, and academic activity increased sharply just before the deadline, and similar behaviour appeared in at least 2 of the last 3 tasks.",High
34873,173412,17,0,92,FFF,2013J,TMA,19.0,12.5,-2.0,Near Deadline,197,63,134,4,0.76,0,0.35,21.0,0,,,0,0,Pattern detected because the task was completed close to the deadline.,Normal
34874,173412,47,0,76,FFF,2013J,TMA,47.0,12.5,0.0,Last Minute,163,31,132,7,0.38,0,0.75,45.0,0,0.0,33.0,0,0,Pattern detected because the task was submitted at the last minute.,Normal
34875,173412,110,0,89,FFF,2013J,TMA,96.0,25.0,14.0,Late,198,192,6,4,29.09,1,1.0,100.0,1,1.0,55.3,0,0,"Pattern detected because the task was submitted after the deadline, and academic activity increased sharply just before the deadline.",Emerging
34878,173412,97,0,86,FFF,2013J,CMA,236.0,0.0,-139.0,Early,0,0,0,0,0.0,0,0.0,0.0,0,1.0,48.3,0,0,No strong procrastination pattern detected.,Emerging
34879,173412,469,0,91,FFF,2013J,CMA,236.0,0.0,233.0,Late,0,0,0,0,0.0,0,1.0,60.0,1,2.0,53.3,1,1,"Pattern detected because the task was submitted after the deadline, and similar behaviour appeared in at least 2 of the last 3 tasks.",Emerging
34880,173412,469,0,79,FFF,2013J,CMA,236.0,0.0,233.0,Late,0,0,0,0,0.0,0,1.0,60.0,1,2.0,40.0,1,0,"Pattern detected because the task was submitted after the deadline, and similar behaviour appeared in at least 2 of the last 3 tasks.",Normal
34873,175453,18,0,64,FFF,2013J,TMA,19.0,12.5,-1.0,Last Minute,37,4,33,4,0.18,0,0.75,45.0,0,,,0,0,Pattern detected because the task was submitted at the last minute.,Normal
34874,175453,43,0,68,FFF,2013J,TMA,47.0,12.5,-4.0,Early,10,0,10,2,0.0,0,0.0,0.0,0,0.0,22.5,0,0,No strong procrastination pattern detected.,Normal
34875,175453,95,0,75,FFF,2013J,TMA,96.0,25.0,-1.0,Last Minute,25,1,24,4,0.06,0,0.75,45.0,0,0.0,30.0,0,0,Pattern detected because the task was submitted at the last minute.,Normal
34876,175453,137,0,54,FFF,2013J,TMA,131.0,25.0,6.0,Late,6,0,6,1,0.0,0,1.0,60.0,1,1.0,35.0,0,0,Pattern detected because the task was submitted after the deadline.,Normal
34877,175453,170,0,62,FFF,2013J,TMA,173.0,25.0,-3.0,Near Deadline,226,12,214,6,0.09,0,0.35,21.0,0,1.0,42.0,0,0,Pattern detected because the task was completed close to the deadline.,Normal
34878,175453,6,0,91,FFF,2013J,CMA,236.0,0.0,-230.0,Early,0,0,0,0,0.0,0,0.0,0.0,0,1.0,27.0,0,0,No strong procrastination pattern detected.,Normal
34879,175453,80,0,84,FFF,2013J,CMA,236.0,0.0,-156.0,Early,0,0,0,0,0.0,0,0.0,0.0,0,0.0,7.0,0,0,No strong procrastination pattern detected.,Normal
34880,175453,87,0,64,FFF,2013J,CMA,236.0,0.0,-149.0,Early,0,0,0,0,0.0,0,0.0,0.0,0,0.0,0.0,0,0,No strong procrastination pattern detected.,Normal
34881,175453,102,0,68,FFF,2013J,CMA,236.0,0.0,-134.0,Early,0,0,0,0,0.0,0,0.0,0.0,0,0.0,0.0,0,0,No strong procrastination pattern detected.,Normal
34882,175453,136,0,80,FFF,2013J,CMA,236.0,0.0,-100.0,Early,0,0,0,0,0.0,0,0.0,0.0,0,0.0,0.0,0,0,No strong procrastination pattern detected.,Normal
34884,175453,171,0,70,FFF,2013J,CMA,236.0,0.0,-65.0,Early,0,0,0,0,0.0,0,0.0,0.0,0,0.0,0.0,0,0,No strong procrastination pattern detected.,Normal
34883,175453,172,0,72,FFF,2013J,CMA,236.0,0.0,-64.0,Early,0,0,0,0,0.0,0,0.0,0.0,0,0.0,0.0,0,0,No strong procrastination pattern detected.,Normal
34873,177568,21,0,78,FFF,2013J,TMA,19.0,12.5,2.0,Late,0,0,0,0,0.0,0,1.0,60.0,1,,,0,0,Pattern detected because the task was submitted after the deadline.,Normal
34874,177568,46,0,84,FFF,2013J,TMA,47.0,12.5,-1.0,Last Minute,38,38,0,1,12.67,1,0.75,85.0,1,2.0,72.5,1,1,"Pattern detected because the task was submitted at the last minute, and academic activity increased sharply just before the deadline, and similar behaviour appeared in at least 2 of the last 3 tasks.",Emerging
34875,177568,96,0,75,FFF,2013J,TMA,96.0,25.0,0.0,Last Minute,63,63,0,2,21.0,1,0.75,85.0,1,3.0,76.7,1,0,"Pattern detected because the task was submitted at the last minute, and academic activity increased sharply just before the deadline, and similar behaviour appeared in at least 2 of the last 3 tasks.",High
34876,177568,131,0,86,FFF,2013J,TMA,131.0,25.0,0.0,Last Minute,66,66,0,1,22.0,1,0.75,85.0,1,3.0,85.0,1,0,"Pattern detected because the task was submitted at the last minute, and academic activity increased sharply just before the deadline, and similar behaviour appeared in at least 2 of the last 3 tasks.",High
34877,177568,173,0,45,FFF,2013J,TMA,173.0,25.0,0.0,Last Minute,84,84,0,1,28.0,1,0.75,85.0,1,3.0,85.0,1,0,"Pattern detected because the task was submitted at the last minute, and academic activity increased sharply just before the deadline, and similar behaviour appeared in at least 2 of the last 3 tasks.",High
34878,177568,208,0,96,FFF,2013J,CMA,236.0,0.0,-28.0,Early,266,230,36,5,9.35,1,0.0,40.0,0,2.0,70.0,1,0,"Pattern detected because academic activity increased sharply just before the deadline, and similar behaviour appeared in at least 2 of the last 3 tasks.",Emerging
34879,177568,214,0,100,FFF,2013J,CMA,236.0,0.0,-22.0,Early,266,230,36,5,9.35,1,0.0,40.0,0,1.0,55.0,0,0,Pattern detected because academic activity increased sharply just before the deadline.,Emerging
34880,177568,217,0,92,FFF,2013J,CMA,236.0,0.0,-19.0,Early,266,230,36,5,9.35,1,0.0,40.0,0,0.0,40.0,0,0,Pattern detected because academic activity increased sharply just before the deadline.,Normal
34881,177568,221,0,91,FFF,2013J,CMA,236.0,0.0,-15.0,Early,266,230,36,5,9.35,1,0.0,40.0,0,0.0,40.0,0,0,Pattern detected because academic activity increased sharply just before the deadline.,Normal
34882,177568,227,0,91,FFF,2013J,CMA,236.0,0.0,-9.0,Early,266,230,36,5,9.35,1,0.0,40.0,0,0.0,40.0,0,0,Pattern detected because academic activity increased sharply just before the deadline.,Normal
34884,177568,227,0,96,FFF,2013J,CMA,236.0,0.0,-9.0,Early,266,230,36,5,9.35,1,0.0,40.0,0,0.0,40.0,0,0,Pattern detected because academic activity increased sharply just before the deadline.,Normal
34883,177568,236,0,95,FFF,2013J,CMA,236.0,0.0,0.0,Last Minute,266,230,36,5,9.35,1,0.75,85.0,1,1.0,55.0,0,0,"Pattern detected because the task was submitted at the last minute, and academic activity increased sharply just before the deadline.",Emerging
34873,178118,9,0,86,FFF,2013J,TMA,19.0,12.5,-10.0,Early,88,0,88,2,0.0,0,0.0,0.0,0,,,0,0,No strong procrastination pattern detected.,Normal
34874,178118,44,0,44,FFF,2013J,TMA,47.0,12.5,-3.0,Near Deadline,62,0,62,2,0.0,0,0.35,21.0,0,0.0,10.5,0,0,Pattern detected because the task was completed close to the deadline.,Normal
34875,178118,83,0,58,FFF,2013J,TMA,96.0,25.0,-13.0,Early,2,2,0,1,0.67,0,0.0,0.0,0,0.0,7.0,0,0,No strong procrastination pattern detected.,Normal
34878,178118,11,0,88,FFF,2013J,CMA,236.0,0.0,-225.0,Early,0,0,0,0,0.0,0,0.0,0.0,0,0.0,7.0,0,0,No strong procrastination pattern detected.,Normal
34879,178118,14,0,78,FFF,2013J,CMA,236.0,0.0,-222.0,Early,0,0,0,0,0.0,0,0.0,0.0,0,0.0,0.0,0,0,No strong procrastination pattern detected.,Normal
34880,178118,137,0,42,FFF,2013J,CMA,236.0,0.0,-99.0,Early,0,0,0,0,0.0,0,0.0,0.0,0,0.0,0.0,0,0,No strong procrastination pattern detected.,Normal
34876,180974,131,0,62,FFF,2013J,TMA,131.0,25.0,0.0,Last Minute,221,131,90,8,2.3,1,0.75,85.0,1,,,0,0,"Pattern detected because the task was submitted at the last minute, and academic activity increased sharply just before the deadline.",Normal
34877,180974,173,0,82,FFF,2013J,TMA,173.0,25.0,0.0,Last Minute,56,31,25,4,1.72,1,0.75,85.0,1,2.0,85.0,1,1,"Pattern detected because the task was submitted at the last minute, and academic activity increased sharply just before the deadline, and similar behaviour appeared in at least 2 of the last 3 tasks.",High
34880,180974,103,0,71,FFF,2013J,CMA,236.0,0.0,-133.0,Early,222,120,102,8,1.87,1,0.0,40.0,0,2.0,70.0,1,0,"Pattern detected because academic activity increased sharply just before the deadline, and similar behaviour appeared in at least 2 of the last 3 tasks.",Emerging
34881,180974,130,0,71,FFF,2013J,CMA,236.0,0.0,-106.0,Early,222,120,102,8,1.87,1,0.0,40.0,0,1.0,55.0,0,0,Pattern detected because academic activity increased sharply just before the deadline.,Emerging
34882,180974,220,0,68,FFF,2013J,CMA,236.0,0.0,-16.0,Early,222,120,102,8,1.87,1,0.0,40.0,0,0.0,40.0,0,0,Pattern detected because academic activity increased sharply just before the deadline.,Normal
34883,180974,224,0,86,FFF,2013J,CMA,236.0,0.0,-12.0,Early,222,120,102,8,1.87,1,0.0,40.0,0,0.0,40.0,0,0,Pattern detected because academic activity increased sharply just before the deadline.,Normal
34884,180974,224,0,69,FFF,2013J,CMA,236.0,0.0,-12.0,Early,222,120,102,8,1.87,1,0.0,40.0,0,0.0,40.0,0,0,Pattern detected because academic activity increased sharply just before the deadline.,Normal
34873,184473,19,0,42,FFF,2013J,TMA,19.0,12.5,0.0,Last Minute,67,60,7,2,8.33,1,0.75,85.0,1,,,0,0,"Pattern detected because the task was submitted at the last minute, and academic activity increased sharply just before the deadline.",Normal
34874,184473,46,0,26,FFF,2013J,TMA,47.0,12.5,-1.0,Last Minute,38,38,0,1,12.67,1,0.75,85.0,1,2.0,85.0,1,1,"Pattern detected because the task was submitted at the last minute, and academic activity increased sharply just before the deadline, and similar behaviour appeared in at least 2 of the last 3 tasks.",High
34875,184473,96,0,51,FFF,2013J,TMA,96.0,25.0,0.0,Last Minute,96,84,12,4,8.24,1,0.75,85.0,1,3.0,85.0,1,0,"Pattern detected because the task was submitted at the last minute, and academic activity increased sharply just before the deadline, and similar behaviour appeared in at least 2 of the last 3 tasks.",High
34876,184473,131,0,48,FFF,2013J,TMA,131.0,25.0,0.0,Last Minute,169,169,0,2,56.33,1,0.75,85.0,1,3.0,85.0,1,0,"Pattern detected because the task was submitted at the last minute, and academic activity increased sharply just before the deadline, and similar behaviour appeared in at least 2 of the last 3 tasks.",High
34877,184473,171,0,51,FFF,2013J,TMA,173.0,25.0,-2.0,Near Deadline,146,47,99,4,0.75,0,0.35,21.0,0,2.0,63.7,1,0,"Pattern detected because the task was completed close to the deadline, and similar behaviour appeared in at least 2 of the last 3 tasks.",Emerging
34878,184473,230,0,86,FFF,2013J,CMA,236.0,0.0,-6.0,Early,743,164,579,6,0.47,0,0.0,0.0,0,1.0,35.3,0,0,No strong procrastination pattern detected.,Normal
34879,184473,231,0,99,FFF,2013J,CMA,236.0,0.0,-5.0,Early,743,164,579,6,0.47,0,0.0,0.0,0,0.0,7.0,0,0,No strong procrastination pattern detected.,Normal
34880,184473,231,0,84,FFF,2013J,CMA,236.0,0.0,-5.0,Early,743,164,579,6,0.47,0,0.0,0.0,0,0.0,0.0,0,0,No strong procrastination pattern detected.,Normal
34881,184473,231,0,89,FFF,2013J,CMA,236.0,0.0,-5.0,Early,743,164,579,6,0.47,0,0.0,0.0,0,0.0,0.0,0,0,No strong procrastination pattern detected.,Normal
34882,184473,231,0,89,FFF,2013J,CMA,236.0,0.0,-5.0,Early,743,164,579,6,0.47,0,0.0,0.0,0,0.0,0.0,0,0,No strong procrastination pattern detected.,Normal
34883,184473,234,0,91,FFF,2013J,CMA,236.0,0.0,-2.0,Near Deadline,743,164,579,6,0.47,0,0.35,21.0,0,0.0,7.0,0,0,Pattern detected because the task was completed close to the deadline.,Normal
34884,184473,234,0,96,FFF,2013J,CMA,236.0,0.0,-2.0,Near Deadline,743,164,579,6,0.47,0,0.35,21.0,0,0.0,14.0,0,0,Pattern detected because the task was completed close to the deadline.,Normal
34873,184720,19,0,46,FFF,2013J,TMA,19.0,12.5,0.0,Last Minute,127,108,19,5,7.5,1,0.75,85.0,1,,,0,0,"Pattern detected because the task was submitted at the last minute, and academic activity increased sharply just before the deadline.",Normal
34873,187199,18,0,84,FFF,2013J,TMA,19.0,12.5,-1.0,Last Minute,78,12,66,4,0.28,0,0.75,45.0,0,,,0,0,Pattern detected because the task was submitted at the last minute.,Normal
34874,187199,44,0,62,FFF,2013J,TMA,47.0,12.5,-3.0,Near Deadline,35,23,12,2,2.25,1,0.35,61.0,1,1.0,53.0,0,0,"Pattern detected because the task was completed close to the deadline, and academic activity increased sharply just before the deadline.",Emerging
34875,187199,95,0,77,FFF,2013J,TMA,96.0,25.0,-1.0,Last Minute,2,2,0,2,0.67,0,0.75,45.0,0,1.0,50.3,0,0,Pattern detected because the task was submitted at the last minute.,Emerging
34876,187199,127,0,81,FFF,2013J,TMA,131.0,25.0,-4.0,Early,102,0,102,3,0.0,0,0.0,0.0,0,1.0,35.3,0,0,No strong procrastination pattern detected.,Normal
34877,187199,172,0,83,FFF,2013J,TMA,173.0,25.0,-1.0,Last Minute,245,3,242,3,0.02,0,0.75,45.0,0,0.0,30.0,0,0,Pattern detected because the task was submitted at the last minute.,Normal
34878,187199,10,0,78,FFF,2013J,CMA,236.0,0.0,-226.0,Early,84,5,79,3,0.1,0,0.0,0.0,0,0.0,15.0,0,0,No strong procrastination pattern detected.,Normal
34879,187199,41,0,93,FFF,2013J,CMA,236.0,0.0,-195.0,Early,84,5,79,3,0.1,0,0.0,0.0,0,0.0,15.0,0,0,No strong procrastination pattern detected.,Normal
34880,187199,80,0,76,FFF,2013J,CMA,236.0,0.0,-156.0,Early,84,5,79,3,0.1,0,0.0,0.0,0,0.0,0.0,0,0,No strong procrastination pattern detected.,Normal
34881,187199,171,0,65,FFF,2013J,CMA,236.0,0.0,-65.0,Early,84,5,79,3,0.1,0,0.0,0.0,0,0.0,0.0,0,0,No strong procrastination pattern detected.,Normal
34882,187199,171,0,75,FFF,2013J,CMA,236.0,0.0,-65.0,Early,84,5,79,3,0.1,0,0.0,0.0,0,0.0,0.0,0,0,No strong procrastination pattern detected.,Normal
34883,187199,229,0,73,FFF,2013J,CMA,236.0,0.0,-7.0,Early,84,5,79,3,0.1,0,0.0,0.0,0,0.0,0.0,0,0,No strong procrastination pattern detected.,Normal
34884,187199,229,0,78,FFF,2013J,CMA,236.0,0.0,-7.0,Early,84,5,79,3,0.1,0,0.0,0.0,0,0.0,0.0,0,0,No strong procrastination pattern detected.,Normal
34873,188524,26,0,56,FFF,2013J,TMA,19.0,12.5,7.0,Late,0,0,0,0,0.0,0,1.0,60.0,1,,,0,0,Pattern detected because the task was submitted after the deadline.,Normal
34874,188524,46,0,54,FFF,2013J,TMA,47.0,12.5,-1.0,Last Minute,88,20,68,5,0.46,0,0.75,45.0,0,1.0,52.5,0,0,Pattern detected because the task was submitted at the last minute.,Emerging
34875,188524,101,0,13,FFF,2013J,TMA,96.0,25.0,5.0,Late,13,13,0,1,4.33,1,1.0,100.0,1,2.0,68.3,1,1,"Pattern detected because the task was submitted after the deadline, and academic activity increased sharply just before the deadline, and similar behaviour appeared in at least 2 of the last 3 tasks.",Emerging
34873,190910,19,0,82,FFF,2013J,TMA,19.0,12.5,0.0,Last Minute,65,38,27,4,1.98,1,0.75,85.0,1,,,0,0,"Pattern detected because the task was submitted at the last minute, and academic activity increased sharply just before the deadline.",Normal
34874,190910,47,0,64,FFF,2013J,TMA,47.0,12.5,0.0,Last Minute,45,44,1,3,12.22,1,0.75,85.0,1,2.0,85.0,1,1,"Pattern detected because the task was submitted at the last minute, and academic activity increased sharply just before the deadline, and similar behaviour appeared in at least 2 of the last 3 tasks.",High
34873,192680,18,0,84,FFF,2013J,TMA,19.0,12.5,-1.0,Last Minute,125,84,41,6,3.04,1,0.75,85.0,1,,,0,0,"Pattern detected because the task was submitted at the last minute, and academic activity increased sharply just before the deadline.",Normal
34874,192680,46,0,88,FFF,2013J,TMA,47.0,12.5,-1.0,Last Minute,269,108,161,7,1.08,0,0.75,45.0,0,1.0,65.0,0,0,Pattern detected because the task was submitted at the last minute.,Emerging
34875,192680,95,0,88,FFF,2013J,TMA,96.0,25.0,-1.0,Last Minute,113,27,86,6,0.49,0,0.75,45.0,0,1.0,58.3,0,0,Pattern detected because the task was submitted at the last minute.,Emerging
34876,192680,130,0,73,FFF,2013J,TMA,131.0,25.0,-1.0,Last Minute,81,36,45,3,1.2,0,0.75,45.0,0,0.0,45.0,0,0,Pattern detected because the task was submitted at the last minute.,Emerging
34877,192680,176,0,95,FFF,2013J,TMA,173.0,25.0,3.0,Late,79,38,41,3,1.38,0,1.0,60.0,1,1.0,50.0,0,0,Pattern detected because the task was submitted after the deadline.,Emerging
34878,192680,47,0,92,FFF,2013J,CMA,236.0,0.0,-189.0,Early,9,0,9,1,0.0,0,0.0,0.0,0,1.0,35.0,0,0,No strong procrastination pattern detected.,Normal
34879,192680,72,0,98,FFF,2013J,CMA,236.0,0.0,-164.0,Early,9,0,9,1,0.0,0,0.0,0.0,0,1.0,20.0,0,0,No strong procrastination pattern detected.,Normal
34880,192680,83,0,87,FFF,2013J,CMA,236.0,0.0,-153.0,Early,9,0,9,1,0.0,0,0.0,0.0,0,0.0,0.0,0,0,No strong procrastination pattern detected.,Normal
34881,192680,116,0,83,FFF,2013J,CMA,236.0,0.0,-120.0,Early,9,0,9,1,0.0,0,0.0,0.0,0,0.0,0.0,0,0,No strong procrastination pattern detected.,Normal
34882,192680,180,0,89,FFF,2013J,CMA,236.0,0.0,-56.0,Early,9,0,9,1,0.0,0,0.0,0.0,0,0.0,0.0,0,0,No strong procrastination pattern detected.,Normal
34884,192680,181,0,77,FFF,2013J,CMA,236.0,0.0,-55.0,Early,9,0,9,1,0.0,0,0.0,0.0,0,0.0,0.0,0,0,No strong procrastination pattern detected.,Normal
34883,192680,182,0,83,FFF,2013J,CMA,236.0,0.0,-54.0,Early,9,0,9,1,0.0,0,0.0,0.0,0,0.0,0.0,0,0,No strong procrastination pattern detected.,Normal
34873,198691,21,0,14,FFF,2013J,TMA,19.0,12.5,2.0,Late,70,52,18,3,3.77,1,1.0,100.0,1,,,0,0,"Pattern detected because the task was submitted after the deadline, and academic activity increased sharply just before the deadline.",Normal
34873,199361,18,0,90,FFF,2013J,TMA,19.0,12.5,-1.0,Last Minute,128,37,91,6,0.64,0,0.75,45.0,0,,,0,0,Pattern detected because the task was submitted at the last minute.,Normal
34874,199361,46,0,82,FFF,2013J,TMA,47.0,12.5,-1.0,Last Minute,413,60,353,7,0.28,0,0.75,45.0,0,0.0,45.0,0,0,Pattern detected because the task was submitted at the last minute.,Emerging
34875,199361,96,0,85,FFF,2013J,TMA,96.0,25.0,0.0,Last Minute,369,188,181,8,1.68,1,0.75,85.0,1,1.0,58.3,0,0,"Pattern detected because the task was submitted at the last minute, and academic activity increased sharply just before the deadline.",Emerging
34876,199361,130,0,91,FFF,2013J,TMA,131.0,25.0,-1.0,Last Minute,634,322,312,8,1.69,1,0.75,85.0,1,2.0,71.7,1,1,"Pattern detected because the task was submitted at the last minute, and academic activity increased sharply just before the deadline, and similar behaviour appeared in at least 2 of the last 3 tasks.",Emerging
34877,199361,173,0,87,FFF,2013J,TMA,173.0,25.0,0.0,Last Minute,44,25,19,6,1.74,1,0.75,85.0,1,3.0,85.0,1,0,"Pattern detected because the task was submitted at the last minute, and academic activity increased sharply just before the deadline, and similar behaviour appeared in at least 2 of the last 3 tasks.",High
34878,199361,45,0,93,FFF,2013J,CMA,236.0,0.0,-191.0,Early,217,156,61,5,3.94,1,0.0,40.0,0,2.0,70.0,1,0,"Pattern detected because academic activity increased sharply just before the deadline, and similar behaviour appeared in at least 2 of the last 3 tasks.",Emerging
34879,199361,45,0,93,FFF,2013J,CMA,236.0,0.0,-191.0,Early,217,156,61,5,3.94,1,0.0,40.0,0,1.0,55.0,0,0,Pattern detected because academic activity increased sharply just before the deadline.,Emerging
34880,199361,129,0,86,FFF,2013J,CMA,236.0,0.0,-107.0,Early,217,156,61,5,3.94,1,0.0,40.0,0,0.0,40.0,0,0,Pattern detected because academic activity increased sharply just before the deadline.,Normal
34881,199361,129,0,96,FFF,2013J,CMA,236.0,0.0,-107.0,Early,217,156,61,5,3.94,1,0.0,40.0,0,0.0,40.0,0,0,Pattern detected because academic activity increased sharply just before the deadline.,Normal
34882,199361,131,0,91,FFF,2013J,CMA,236.0,0.0,-105.0,Early,217,156,61,5,3.94,1,0.0,40.0,0,0.0,40.0,0,0,Pattern detected because academic activity increased sharply just before the deadline.,Normal
34883,199361,217,0,92,FFF,2013J,CMA,236.0,0.0,-19.0,Early,217,156,61,5,3.94,1,0.0,40.0,0,0.0,40.0,0,0,Pattern detected because academic activity increased sharply just before the deadline.,Normal
34884,199361,217,0,93,FFF,2013J,CMA,236.0,0.0,-19.0,Early,217,156,61,5,3.94,1,0.0,40.0,0,0.0,40.0,0,0,Pattern detected because academic activity increased sharply just before the deadline.,Normal
34873,200278,18,0,40,FFF,2013J,TMA,19.0,12.5,-1.0,Last Minute,12,12,0,1,4.0,1,0.75,85.0,1,,,0,0,"Pattern detected because the task was submitted at the last minute, and academic activity increased sharply just before the deadline.",Normal
34878,202713,39,0,59,FFF,2013J,CMA,236.0,0.0,-197.0,Early,0,0,0,0,0.0,0,0.0,0.0,0,,,0,0,No strong procrastination pattern detected.,Normal
34879,202713,39,0,79,FFF,2013J,CMA,236.0,0.0,-197.0,Early,0,0,0,0,0.0,0,0.0,0.0,0,0.0,0.0,0,0,No strong procrastination pattern detected.,Normal
34873,206342,19,0,94,FFF,2013J,TMA,19.0,12.5,0.0,Last Minute,95,95,0,3,31.67,1,0.75,85.0,1,,,0,0,"Pattern detected because the task was submitted at the last minute, and academic activity increased sharply just before the deadline.",Normal
34874,206342,46,0,24,FFF,2013J,TMA,47.0,12.5,-1.0,Last Minute,71,71,0,3,23.67,1,0.75,85.0,1,2.0,85.0,1,1,"Pattern detected because the task was submitted at the last minute, and academic activity increased sharply just before the deadline, and similar behaviour appeared in at least 2 of the last 3 tasks.",High
34873,206599,19,0,98,FFF,2013J,TMA,19.0,12.5,0.0,Last Minute,120,68,52,5,1.99,1,0.75,85.0,1,,,0,0,"Pattern detected because the task was submitted at the last minute, and academic activity increased sharply just before the deadline.",Normal
34874,206599,47,0,84,FFF,2013J,TMA,47.0,12.5,0.0,Last Minute,44,20,24,5,1.15,0,0.75,45.0,0,1.0,65.0,0,0,Pattern detected because the task was submitted at the last minute.,Emerging
34875,206599,95,0,69,FFF,2013J,TMA,96.0,25.0,-1.0,Last Minute,72,63,9,4,7.5,1,0.75,85.0,1,2.0,71.7,1,1,"Pattern detected because the task was submitted at the last minute, and academic activity increased sharply just before the deadline, and similar behaviour appeared in at least 2 of the last 3 tasks.",Emerging
34876,206599,131,0,73,FFF,2013J,TMA,131.0,25.0,0.0,Last Minute,120,119,1,4,33.06,1,0.75,85.0,1,2.0,71.7,1,0,"Pattern detected because the task was submitted at the last minute, and academic activity increased sharply just before the deadline, and similar behaviour appeared in at least 2 of the last 3 tasks.",Emerging
34878,206599,7,0,82,FFF,2013J,CMA,236.0,0.0,-229.0,Early,589,215,374,3,0.95,0,0.0,0.0,0,2.0,56.7,1,0,Pattern detected because similar behaviour appeared in at least 2 of the last 3 tasks.,Emerging
34879,206599,25,0,87,FFF,2013J,CMA,236.0,0.0,-211.0,Early,589,215,374,3,0.95,0,0.0,0.0,0,1.0,28.3,0,0,No strong procrastination pattern detected.,Normal
34880,206599,235,0,74,FFF,2013J,CMA,236.0,0.0,-1.0,Last Minute,589,215,374,3,0.95,0,0.75,45.0,0,0.0,15.0,0,0,Pattern detected because the task was submitted at the last minute.,Normal
34881,206599,235,0,83,FFF,2013J,CMA,236.0,0.0,-1.0,Last Minute,589,215,374,3,0.95,0,0.75,45.0,0,0.0,30.0,0,0,Pattern detected because the task was submitted at the last minute.,Normal
34882,206599,235,0,73,FFF,2013J,CMA,236.0,0.0,-1.0,Last Minute,589,215,374,3,0.95,0,0.75,45.0,0,0.0,45.0,0,0,Pattern detected because the task was submitted at the last minute.,Emerging
34883,206599,237,0,84,FFF,2013J,CMA,236.0,0.0,1.0,Late,589,215,374,3,0.95,0,1.0,60.0,1,1.0,50.0,0,0,Pattern detected because the task was submitted after the deadline.,Emerging
34884,206599,237,0,71,FFF,2013J,CMA,236.0,0.0,1.0,Late,589,215,374,3,0.95,0,1.0,60.0,1,2.0,55.0,1,0,"Pattern detected because the task was submitted after the deadline, and similar behaviour appeared in at least 2 of the last 3 tasks.",Emerging
34873,228695,18,0,68,FFF,2013J,TMA,19.0,12.5,-1.0,Last Minute,61,48,13,3,4.44,1,0.75,85.0,1,,,0,0,"Pattern detected because the task was submitted at the last minute, and academic activity increased sharply just before the deadline.",Normal
34874,228695,47,0,66,FFF,2013J,TMA,47.0,12.5,0.0,Last Minute,76,76,0,3,25.33,1,0.75,85.0,1,2.0,85.0,1,1,"Pattern detected because the task was submitted at the last minute, and academic activity increased sharply just before the deadline, and similar behaviour appeared in at least 2 of the last 3 tasks.",High
34875,228695,98,0,78,FFF,2013J,TMA,96.0,25.0,2.0,Late,73,20,53,2,0.57,0,1.0,60.0,1,3.0,76.7,1,0,"Pattern detected because the task was submitted after the deadline, and similar behaviour appeared in at least 2 of the last 3 tasks.",High
34876,228695,131,0,57,FFF,2013J,TMA,131.0,25.0,0.0,Last Minute,126,90,36,6,3.66,1,0.75,85.0,1,3.0,76.7,1,0,"Pattern detected because the task was submitted at the last minute, and academic activity increased sharply just before the deadline, and similar behaviour appeared in at least 2 of the last 3 tasks.",High
34877,228695,173,0,56,FFF,2013J,TMA,173.0,25.0,0.0,Last Minute,61,15,46,4,0.49,0,0.75,45.0,0,2.0,63.3,1,0,"Pattern detected because the task was submitted at the last minute, and similar behaviour appeared in at least 2 of the last 3 tasks.",Emerging
34878,228695,159,0,71,FFF,2013J,CMA,236.0,0.0,-77.0,Early,36,36,0,2,12.0,1,0.0,40.0,0,1.0,56.7,0,0,Pattern detected because academic activity increased sharply just before the deadline.,Emerging
34879,228695,160,0,82,FFF,2013J,CMA,236.0,0.0,-76.0,Early,36,36,0,2,12.0,1,0.0,40.0,0,0.0,41.7,0,0,Pattern detected because academic activity increased sharply just before the deadline.,Normal
34880,228695,202,0,76,FFF,2013J,CMA,236.0,0.0,-34.0,Early,36,36,0,2,12.0,1,0.0,40.0,0,0.0,40.0,0,0,Pattern detected because academic activity increased sharply just before the deadline.,Normal
34881,228695,203,0,65,FFF,2013J,CMA,236.0,0.0,-33.0,Early,36,36,0,2,12.0,1,0.0,40.0,0,0.0,40.0,0,0,Pattern detected because academic activity increased sharply just before the deadline.,Normal
34882,228695,214,0,79,FFF,2013J,CMA,236.0,0.0,-22.0,Early,36,36,0,2,12.0,1,0.0,40.0,0,0.0,40.0,0,0,Pattern detected because academic activity increased sharply just before the deadline.,Normal
34883,228695,214,0,75,FFF,2013J,CMA,236.0,0.0,-22.0,Early,36,36,0,2,12.0,1,0.0,40.0,0,0.0,40.0,0,0,Pattern detected because academic activity increased sharply just before the deadline.,Normal
34884,228695,214,0,78,FFF,2013J,CMA,236.0,0.0,-22.0,Early,36,36,0,2,12.0,1,0.0,40.0,0,0.0,40.0,0,0,Pattern detected because academic activity increased sharply just before the deadline.,Normal
34873,229417,17,0,66,FFF,2013J,TMA,19.0,12.5,-2.0,Near Deadline,27,9,18,2,0.65,0,0.35,21.0,0,,,0,0,Pattern detected because the task was completed close to the deadline.,Normal
34874,229417,46,0,50,FFF,2013J,TMA,47.0,12.5,-1.0,Last Minute,48,19,29,4,0.93,0,0.75,45.0,0,0.0,33.0,0,0,Pattern detected because the task was submitted at the last minute.,Normal
34873,231024,19,0,62,FFF,2013J,TMA,19.0,12.5,0.0,Last Minute,122,104,18,3,7.54,1,0.75,85.0,1,,,0,0,"Pattern detected because the task was submitted at the last minute, and academic activity increased sharply just before the deadline.",Normal
34874,231024,53,0,72,FFF,2013J,TMA,47.0,12.5,6.0,Late,56,50,6,3,7.58,1,1.0,100.0,1,2.0,92.5,1,1,"Pattern detected because the task was submitted after the deadline, and academic activity increased sharply just before the deadline, and similar behaviour appeared in at least 2 of the last 3 tasks.",High
34875,231024,126,0,22,FFF,2013J,TMA,96.0,25.0,30.0,Late,0,0,0,0,0.0,0,1.0,60.0,1,3.0,81.7,1,0,"Pattern detected because the task was submitted after the deadline, and similar behaviour appeared in at least 2 of the last 3 tasks.",High
34876,231024,164,0,60,FFF,2013J,TMA,131.0,25.0,33.0,Late,74,0,74,1,0.0,0,1.0,60.0,1,3.0,73.3,1,0,"Pattern detected because the task was submitted after the deadline, and similar behaviour appeared in at least 2 of the last 3 tasks.",Emerging
34877,231024,179,0,48,FFF,2013J,TMA,173.0,25.0,6.0,Late,1113,794,319,5,4.08,1,1.0,100.0,1,3.0,73.3,1,0,"Pattern detected because the task was submitted after the deadline, and academic activity increased sharply just before the deadline, and similar behaviour appeared in at least 2 of the last 3 tasks.",Emerging
34879,231024,171,0,94,FFF,2013J,CMA,236.0,0.0,-65.0,Early,6,6,0,3,2.0,1,0.0,40.0,0,2.0,66.7,1,0,"Pattern detected because academic activity increased sharply just before the deadline, and similar behaviour appeared in at least 2 of the last 3 tasks.",Emerging
34878,231024,173,0,77,FFF,2013J,CMA,236.0,0.0,-63.0,Early,6,6,0,3,2.0,1,0.0,40.0,0,1.0,60.0,0,0,Pattern detected because academic activity increased sharply just before the deadline.,Emerging
34882,231024,174,0,84,FFF,2013J,CMA,236.0,0.0,-62.0,Early,6,6,0,3,2.0,1,0.0,40.0,0,0.0,40.0,0,0,Pattern detected because academic activity increased sharply just before the deadline.,Normal
34880,231024,178,0,60,FFF,2013J,CMA,236.0,0.0,-58.0,Early,6,6,0,3,2.0,1,0.0,40.0,0,0.0,40.0,0,0,Pattern detected because academic activity increased sharply just before the deadline.,Normal
34881,231024,178,0,63,FFF,2013J,CMA,236.0,0.0,-58.0,Early,6,6,0,3,2.0,1,0.0,40.0,0,0.0,40.0,0,0,Pattern detected because academic activity increased sharply just before the deadline.,Normal
34883,231024,179,0,82,FFF,2013J,CMA,236.0,0.0,-57.0,Early,6,6,0,3,2.0,1,0.0,40.0,0,0.0,40.0,0,0,Pattern detected because academic activity increased sharply just before the deadline.,Normal
34884,231024,179,0,64,FFF,2013J,CMA,236.0,0.0,-57.0,Early,6,6,0,3,2.0,1,0.0,40.0,0,0.0,40.0,0,0,Pattern detected because academic activity increased sharply just before the deadline.,Normal
34873,231320,18,0,94,FFF,2013J,TMA,19.0,12.5,-1.0,Last Minute,216,64,152,7,0.68,0,0.75,45.0,0,,,0,0,Pattern detected because the task was submitted at the last minute.,Normal
34873,231606,17,0,54,FFF,2013J,TMA,19.0,12.5,-2.0,Near Deadline,323,181,142,7,2.05,1,0.35,61.0,1,,,0,0,"Pattern detected because the task was completed close to the deadline, and academic activity increased sharply just before the deadline.",Normal
34874,231606,46,0,76,FFF,2013J,TMA,47.0,12.5,-1.0,Last Minute,270,72,198,8,0.59,0,0.75,45.0,0,1.0,53.0,0,0,Pattern detected because the task was submitted at the last minute.,Emerging
34875,231606,99,0,50,FFF,2013J,TMA,96.0,25.0,3.0,Late,149,82,67,8,1.9,1,1.0,100.0,1,2.0,68.7,1,1,"Pattern detected because the task was submitted after the deadline, and academic activity increased sharply just before the deadline, and similar behaviour appeared in at least 2 of the last 3 tasks.",Emerging
34876,231606,138,0,72,FFF,2013J,TMA,131.0,25.0,7.0,Late,221,147,74,8,3.1,1,1.0,100.0,1,2.0,81.7,1,0,"Pattern detected because the task was submitted after the deadline, and academic activity increased sharply just before the deadline, and similar behaviour appeared in at least 2 of the last 3 tasks.",High
34877,231606,173,0,65,FFF,2013J,TMA,173.0,25.0,0.0,Last Minute,314,94,220,6,0.7,0,0.75,45.0,0,2.0,81.7,1,0,"Pattern detected because the task was submitted at the last minute, and similar behaviour appeared in at least 2 of the last 3 tasks.",High
34878,231606,65,0,75,FFF,2013J,CMA,236.0,0.0,-171.0,Early,31,22,9,3,2.62,1,0.0,40.0,0,1.0,61.7,0,0,Pattern detected because academic activity increased sharply just before the deadline.,Emerging
34879,231606,65,0,78,FFF,2013J,CMA,236.0,0.0,-171.0,Early,31,22,9,3,2.62,1,0.0,40.0,0,0.0,41.7,0,0,Pattern detected because academic activity increased sharply just before the deadline.,Normal
34880,231606,133,0,66,FFF,2013J,CMA,236.0,0.0,-103.0,Early,31,22,9,3,2.62,1,0.0,40.0,0,0.0,40.0,0,0,Pattern detected because academic activity increased sharply just before the deadline.,Normal
34881,231606,133,0,80,FFF,2013J,CMA,236.0,0.0,-103.0,Early,31,22,9,3,2.62,1,0.0,40.0,0,0.0,40.0,0,0,Pattern detected because academic activity increased sharply just before the deadline.,Normal
34882,231606,144,0,71,FFF,2013J,CMA,236.0,0.0,-92.0,Early,31,22,9,3,2.62,1,0.0,40.0,0,0.0,40.0,0,0,Pattern detected because academic activity increased sharply just before the deadline.,Normal
34884,231606,171,0,79,FFF,2013J,CMA,236.0,0.0,-65.0,Early,31,22,9,3,2.62,1,0.0,40.0,0,0.0,40.0,0,0,Pattern detected because academic activity increased sharply just before the deadline.,Normal
34883,231606,175,0,63,FFF,2013J,CMA,236.0,0.0,-61.0,Early,31,22,9,3,2.62,1,0.0,40.0,0,0.0,40.0,0,0,Pattern detected because academic activity increased sharply just before the deadline.,Normal
34873,232347,17,0,84,FFF,2013J,TMA,19.0,12.5,-2.0,Near Deadline,64,11,53,5,0.32,0,0.35,21.0,0,,,0,0,Pattern detected because the task was completed close to the deadline.,Normal
34874,232347,46,0,78,FFF,2013J,TMA,47.0,12.5,-1.0,Last Minute,69,36,33,4,1.58,1,0.75,85.0,1,1.0,53.0,0,0,"Pattern detected because the task was submitted at the last minute, and academic activity increased sharply just before the deadline.",Emerging
34875,232347,95,0,75,FFF,2013J,TMA,96.0,25.0,-1.0,Last Minute,200,64,136,8,0.76,0,0.75,45.0,0,1.0,50.3,0,0,Pattern detected because the task was submitted at the last minute.,Emerging
34876,232347,126,0,89,FFF,2013J,TMA,131.0,25.0,-5.0,Early,33,2,31,5,0.09,0,0.0,0.0,0,1.0,43.3,0,0,No strong procrastination pattern detected.,Normal
34877,232347,172,0,81,FFF,2013J,TMA,173.0,25.0,-1.0,Last Minute,594,14,580,6,0.04,0,0.75,45.0,0,0.0,30.0,0,0,Pattern detected because the task was submitted at the last minute.,Normal
34878,232347,167,0,79,FFF,2013J,CMA,236.0,0.0,-69.0,Early,13,5,8,3,0.64,0,0.0,0.0,0,0.0,15.0,0,0,No strong procrastination pattern detected.,Normal
34879,232347,167,0,84,FFF,2013J,CMA,236.0,0.0,-69.0,Early,13,5,8,3,0.64,0,0.0,0.0,0,0.0,15.0,0,0,No strong procrastination pattern detected.,Normal
34880,232347,171,0,83,FFF,2013J,CMA,236.0,0.0,-65.0,Early,13,5,8,3,0.64,0,0.0,0.0,0,0.0,0.0,0,0,No strong procrastination pattern detected.,Normal
34881,232347,171,0,68,FFF,2013J,CMA,236.0,0.0,-65.0,Early,13,5,8,3,0.64,0,0.0,0.0,0,0.0,0.0,0,0,No strong procrastination pattern detected.,Normal
34882,232347,171,0,71,FFF,2013J,CMA,236.0,0.0,-65.0,Early,13,5,8,3,0.64,0,0.0,0.0,0,0.0,0.0,0,0,No strong procrastination pattern detected.,Normal
34883,232347,171,0,78,FFF,2013J,CMA,236.0,0.0,-65.0,Early,13,5,8,3,0.64,0,0.0,0.0,0,0.0,0.0,0,0,No strong procrastination pattern detected.,Normal
34884,232347,171,0,65,FFF,2013J,CMA,236.0,0.0,-65.0,Early,13,5,8,3,0.64,0,0.0,0.0,0,0.0,0.0,0,0,No strong procrastination pattern detected.,Normal
34873,232660,18,0,98,FFF,2013J,TMA,19.0,12.5,-1.0,Last Minute,373,142,231,7,1.0,0,0.75,45.0,0,,,0,0,Pattern detected because the task was submitted at the last minute.,Normal
34874,232660,46,0,96,FFF,2013J,TMA,47.0,12.5,-1.0,Last Minute,280,152,128,8,1.9,1,0.75,85.0,1,1.0,65.0,0,0,"Pattern detected because the task was submitted at the last minute, and academic activity increased sharply just before the deadline.",Emerging
34875,232660,96,0,93,FFF,2013J,TMA,96.0,25.0,0.0,Last Minute,154,68,86,4,1.25,0,0.75,45.0,0,1.0,58.3,0,0,Pattern detected because the task was submitted at the last minute.,Emerging
34876,232660,130,0,92,FFF,2013J,TMA,131.0,25.0,-1.0,Last Minute,61,43,18,8,3.12,1,0.75,85.0,1,2.0,71.7,1,1,"Pattern detected because the task was submitted at the last minute, and academic activity increased sharply just before the deadline, and similar behaviour appeared in at least 2 of the last 3 tasks.",Emerging
34877,232660,172,0,91,FFF,2013J,TMA,173.0,25.0,-1.0,Last Minute,45,38,7,3,5.28,1,0.75,85.0,1,2.0,71.7,1,0,"Pattern detected because the task was submitted at the last minute, and academic activity increased sharply just before the deadline, and similar behaviour appeared in at least 2 of the last 3 tasks.",Emerging
34878,232660,10,0,82,FFF,2013J,CMA,236.0,0.0,-226.0,Early,261,208,53,6,5.98,1,0.0,40.0,0,2.0,70.0,1,0,"Pattern detected because academic activity increased sharply just before the deadline, and similar behaviour appeared in at least 2 of the last 3 tasks.",Emerging
34879,232660,27,0,84,FFF,2013J,CMA,236.0,0.0,-209.0,Early,261,208,53,6,5.98,1,0.0,40.0,0,1.0,55.0,0,0,Pattern detected because academic activity increased sharply just before the deadline.,Emerging
34880,232660,75,0,82,FFF,2013J,CMA,236.0,0.0,-161.0,Early,261,208,53,6,5.98,1,0.0,40.0,0,0.0,40.0,0,0,Pattern detected because academic activity increased sharply just before the deadline.,Normal
34881,232660,154,0,79,FFF,2013J,CMA,236.0,0.0,-82.0,Early,261,208,53,6,5.98,1,0.0,40.0,0,0.0,40.0,0,0,Pattern detected because academic activity increased sharply just before the deadline.,Normal
34882,232660,164,0,80,FFF,2013J,CMA,236.0,0.0,-72.0,Early,261,208,53,6,5.98,1,0.0,40.0,0,0.0,40.0,0,0,Pattern detected because academic activity increased sharply just before the deadline.,Normal
34884,232660,188,0,82,FFF,2013J,CMA,236.0,0.0,-48.0,Early,261,208,53,6,5.98,1,0.0,40.0,0,0.0,40.0,0,0,Pattern detected because academic activity increased sharply just before the deadline.,Normal
34883,232660,203,0,70,FFF,2013J,CMA,236.0,0.0,-33.0,Early,261,208,53,6,5.98,1,0.0,40.0,0,0.0,40.0,0,0,Pattern detected because academic activity increased sharply just before the deadline.,Normal
34875,232764,103,0,71,FFF,2013J,TMA,96.0,25.0,7.0,Late,33,30,3,2,6.25,1,1.0,100.0,1,,,0,0,"Pattern detected because the task was submitted after the deadline, and academic activity increased sharply just before the deadline.",Normal
34876,232764,134,0,74,FFF,2013J,TMA,131.0,25.0,3.0,Late,283,277,6,4,41.97,1,1.0,100.0,1,2.0,100.0,1,1,"Pattern detected because the task was submitted after the deadline, and academic activity increased sharply just before the deadline, and similar behaviour appeared in at least 2 of the last 3 tasks.",High
34877,232764,173,0,71,FFF,2013J,TMA,173.0,25.0,0.0,Last Minute,330,308,22,3,19.01,1,0.75,85.0,1,3.0,95.0,1,0,"Pattern detected because the task was submitted at the last minute, and academic activity increased sharply just before the deadline, and similar behaviour appeared in at least 2 of the last 3 tasks.",High
34880,232764,154,0,68,FFF,2013J,CMA,236.0,0.0,-82.0,Early,248,163,85,4,3.02,1,0.0,40.0,0,2.0,75.0,1,0,"Pattern detected because academic activity increased sharply just before the deadline, and similar behaviour appeared in at least 2 of the last 3 tasks.",High
34881,232764,154,0,60,FFF,2013J,CMA,236.0,0.0,-82.0,Early,248,163,85,4,3.02,1,0.0,40.0,0,1.0,55.0,0,0,Pattern detected because academic activity increased sharply just before the deadline.,Emerging
34882,232764,209,0,74,FFF,2013J,CMA,236.0,0.0,-27.0,Early,248,163,85,4,3.02,1,0.0,40.0,0,0.0,40.0,0,0,Pattern detected because academic activity increased sharply just before the deadline.,Normal
34884,232764,209,0,56,FFF,2013J,CMA,236.0,0.0,-27.0,Early,248,163,85,4,3.02,1,0.0,40.0,0,0.0,40.0,0,0,Pattern detected because academic activity increased sharply just before the deadline.,Normal
34879,232764,210,0,58,FFF,2013J,CMA,236.0,0.0,-26.0,Early,248,163,85,4,3.02,1,0.0,40.0,0,0.0,40.0,0,0,Pattern detected because academic activity increased sharply just before the deadline.,Normal
34883,232764,210,0,41,FFF,2013J,CMA,236.0,0.0,-26.0,Early,248,163,85,4,3.02,1,0.0,40.0,0,0.0,40.0,0,0,Pattern detected because academic activity increased sharply just before the deadline.,Normal
34873,232856,17,0,86,FFF,2013J,TMA,19.0,12.5,-2.0,Near Deadline,149,122,27,5,6.35,1,0.35,61.0,1,,,0,0,"Pattern detected because the task was completed close to the deadline, and academic activity increased sharply just before the deadline.",Normal
34874,232856,47,0,72,FFF,2013J,TMA,47.0,12.5,0.0,Last Minute,137,88,49,5,2.72,1,0.75,85.0,1,2.0,73.0,1,1,"Pattern detected because the task was submitted at the last minute, and academic activity increased sharply just before the deadline, and similar behaviour appeared in at least 2 of the last 3 tasks.",Emerging
34875,232856,95,0,88,FFF,2013J,TMA,96.0,25.0,-1.0,Last Minute,341,121,220,8,0.9,0,0.75,45.0,0,2.0,63.7,1,0,"Pattern detected because the task was submitted at the last minute, and similar behaviour appeared in at least 2 of the last 3 tasks.",Emerging
34876,232856,130,0,89,FFF,2013J,TMA,131.0,25.0,-1.0,Last Minute,180,123,57,8,3.31,1,0.75,85.0,1,2.0,71.7,1,0,"Pattern detected because the task was submitted at the last minute, and academic activity increased sharply just before the deadline, and similar behaviour appeared in at least 2 of the last 3 tasks.",Emerging
34877,232856,173,0,87,FFF,2013J,TMA,173.0,25.0,0.0,Last Minute,347,108,239,6,0.74,0,0.75,45.0,0,1.0,58.3,0,0,Pattern detected because the task was submitted at the last minute.,Emerging
34878,232856,24,0,90,FFF,2013J,CMA,236.0,0.0,-212.0,Early,122,27,95,6,0.45,0,0.0,0.0,0,1.0,43.3,0,0,No strong procrastination pattern detected.,Normal
34879,232856,41,0,98,FFF,2013J,CMA,236.0,0.0,-195.0,Early,122,27,95,6,0.45,0,0.0,0.0,0,0.0,15.0,0,0,No strong procrastination pattern detected.,Normal
34880,232856,94,0,95,FFF,2013J,CMA,236.0,0.0,-142.0,Early,122,27,95,6,0.45,0,0.0,0.0,0,0.0,0.0,0,0,No strong procrastination pattern detected.,Normal
34881,232856,122,0,97,FFF,2013J,CMA,236.0,0.0,-114.0,Early,122,27,95,6,0.45,0,0.0,0.0,0,0.0,0.0,0,0,No strong procrastination pattern detected.,Normal
34882,232856,172,0,97,FFF,2013J,CMA,236.0,0.0,-64.0,Early,122,27,95,6,0.45,0,0.0,0.0,0,0.0,0.0,0,0,No strong procrastination pattern detected.,Normal
34884,232856,206,0,90,FFF,2013J,CMA,236.0,0.0,-30.0,Early,122,27,95,6,0.45,0,0.0,0.0,0,0.0,0.0,0,0,No strong procrastination pattern detected.,Normal
34883,232856,214,0,89,FFF,2013J,CMA,236.0,0.0,-22.0,Early,122,27,95,6,0.45,0,0.0,0.0,0,0.0,0.0,0,0,No strong procrastination pattern detected.,Normal
34873,233087,8,0,100,FFF,2013J,TMA,19.0,12.5,-11.0,Early,174,11,163,6,0.11,0,0.0,0.0,0,,,0,0,No strong procrastination pattern detected.,Normal
34874,233087,43,0,94,FFF,2013J,TMA,47.0,12.5,-4.0,Early,37,8,29,3,0.39,0,0.0,0.0,0,0.0,0.0,0,0,No strong procrastination pattern detected.,Normal
34875,233087,78,0,93,FFF,2013J,TMA,96.0,25.0,-18.0,Early,25,10,15,5,0.83,0,0.0,0.0,0,0.0,0.0,0,0,No strong procrastination pattern detected.,Normal
34876,233087,127,0,96,FFF,2013J,TMA,131.0,25.0,-4.0,Early,72,11,61,2,0.28,0,0.0,0.0,0,0.0,0.0,0,0,No strong procrastination pattern detected.,Normal
34877,233087,169,0,96,FFF,2013J,TMA,173.0,25.0,-4.0,Early,206,13,193,4,0.11,0,0.0,0.0,0,0.0,0.0,0,0,No strong procrastination pattern detected.,Normal
34878,233087,10,0,94,FFF,2013J,CMA,236.0,0.0,-226.0,Early,129,1,128,4,0.01,0,0.0,0.0,0,0.0,0.0,0,0,No strong procrastination pattern detected.,Normal
34879,233087,24,0,88,FFF,2013J,CMA,236.0,0.0,-212.0,Early,129,1,128,4,0.01,0,0.0,0.0,0,0.0,0.0,0,0,No strong procrastination pattern detected.,Normal
34880,233087,52,0,89,FFF,2013J,CMA,236.0,0.0,-184.0,Early,129,1,128,4,0.01,0,0.0,0.0,0,0.0,0.0,0,0,No strong procrastination pattern detected.,Normal
34881,233087,101,0,92,FFF,2013J,CMA,236.0,0.0,-135.0,Early,129,1,128,4,0.01,0,0.0,0.0,0,0.0,0.0,0,0,No strong procrastination pattern detected.,Normal
34882,233087,144,0,85,FFF,2013J,CMA,236.0,0.0,-92.0,Early,129,1,128,4,0.01,0,0.0,0.0,0,0.0,0.0,0,0,No strong procrastination pattern detected.,Normal
34884,233087,164,0,88,FFF,2013J,CMA,236.0,0.0,-72.0,Early,129,1,128,4,0.01,0,0.0,0.0,0,0.0,0.0,0,0,No strong procrastination pattern detected.,Normal
34883,233087,220,0,85,FFF,2013J,CMA,236.0,0.0,-16.0,Early,129,1,128,4,0.01,0,0.0,0.0,0,0.0,0.0,0,0,No strong procrastination pattern detected.,Normal
34873,234068,19,0,70,FFF,2013J,TMA,19.0,12.5,0.0,Last Minute,96,75,21,7,4.81,1,0.75,85.0,1,,,0,0,"Pattern detected because the task was submitted at the last minute, and academic activity increased sharply just before the deadline.",Normal
34873,235670,12,0,72,FFF,2013J,TMA,19.0,12.5,-7.0,Early,1,0,1,1,0.0,0,0.0,0.0,0,,,0,0,No strong procrastination pattern detected.,Normal
34874,235670,44,0,82,FFF,2013J,TMA,47.0,12.5,-3.0,Near Deadline,167,0,167,2,0.0,0,0.35,21.0,0,0.0,10.5,0,0,Pattern detected because the task was completed close to the deadline.,Normal
34875,235670,92,0,79,FFF,2013J,TMA,96.0,25.0,-4.0,Early,201,6,195,3,0.05,0,0.0,0.0,0,0.0,7.0,0,0,No strong procrastination pattern detected.,Normal
34876,235670,128,0,75,FFF,2013J,TMA,131.0,25.0,-3.0,Near Deadline,360,199,161,4,2.0,1,0.35,61.0,1,1.0,27.3,0,0,"Pattern detected because the task was completed close to the deadline, and academic activity increased sharply just before the deadline.",Normal
34877,235670,169,0,74,FFF,2013J,TMA,173.0,25.0,-4.0,Early,53,0,53,3,0.0,0,0.0,0.0,0,1.0,20.3,0,0,No strong procrastination pattern detected.,Normal
34878,235670,46,0,93,FFF,2013J,CMA,236.0,0.0,-190.0,Early,5,0,5,1,0.0,0,0.0,0.0,0,1.0,20.3,0,0,No strong procrastination pattern detected.,Normal
34879,235670,91,0,100,FFF,2013J,CMA,236.0,0.0,-145.0,Early,5,0,5,1,0.0,0,0.0,0.0,0,0.0,0.0,0,0,No strong procrastination pattern detected.,Normal
34880,235670,129,0,84,FFF,2013J,CMA,236.0,0.0,-107.0,Early,5,0,5,1,0.0,0,0.0,0.0,0,0.0,0.0,0,0,No strong procrastination pattern detected.,Normal
34881,235670,132,0,82,FFF,2013J,CMA,236.0,0.0,-104.0,Early,5,0,5,1,0.0,0,0.0,0.0,0,0.0,0.0,0,0,No strong procrastination pattern detected.,Normal
34882,235670,132,0,86,FFF,2013J,CMA,236.0,0.0,-104.0,Early,5,0,5,1,0.0,0,0.0,0.0,0,0.0,0.0,0,0,No strong procrastination pattern detected.,Normal
34883,235670,214,0,88,FFF,2013J,CMA,236.0,0.0,-22.0,Early,5,0,5,1,0.0,0,0.0,0.0,0,0.0,0.0,0,0,No strong procrastination pattern detected.,Normal
34884,235670,214,0,89,FFF,2013J,CMA,236.0,0.0,-22.0,Early,5,0,5,1,0.0,0,0.0,0.0,0,0.0,0.0,0,0,No strong procrastination pattern detected.,Normal
34873,235706,18,0,92,FFF,2013J,TMA,19.0,12.5,-1.0,Last Minute,149,49,100,4,0.78,0,0.75,45.0,0,,,0,0,Pattern detected because the task was submitted at the last minute.,Normal
34874,235706,52,0,90,FFF,2013J,TMA,47.0,12.5,5.0,Late,117,117,0,2,39.0,1,1.0,100.0,1,1.0,72.5,0,0,"Pattern detected because the task was submitted after the deadline, and academic activity increased sharply just before the deadline.",Emerging
34873,235978,14,0,76,FFF,2013J,TMA,19.0,12.5,-5.0,Early,283,154,129,6,1.92,1,0.0,40.0,0,,,0,0,Pattern detected because academic activity increased sharply just before the deadline.,Normal
34874,235978,44,0,90,FFF,2013J,TMA,47.0,12.5,-3.0,Near Deadline,189,59,130,7,0.73,0,0.35,21.0,0,0.0,30.5,0,0,Pattern detected because the task was completed close to the deadline.,Normal
34875,235978,90,0,79,FFF,2013J,TMA,96.0,25.0,-6.0,Early,182,39,143,5,0.44,0,0.0,0.0,0,0.0,20.3,0,0,No strong procrastination pattern detected.,Normal
34876,235978,124,0,78,FFF,2013J,TMA,131.0,25.0,-7.0,Early,103,34,69,5,0.77,0,0.0,0.0,0,0.0,7.0,0,0,No strong procrastination pattern detected.,Normal
34877,235978,167,0,88,FFF,2013J,TMA,173.0,25.0,-6.0,Early,113,0,113,3,0.0,0,0.0,0.0,0,0.0,0.0,0,0,No strong procrastination pattern detected.,Normal
34878,235978,24,0,87,FFF,2013J,CMA,236.0,0.0,-212.0,Early,4,1,3,2,0.21,0,0.0,0.0,0,0.0,0.0,0,0,No strong procrastination pattern detected.,Normal
34879,235978,53,0,98,FFF,2013J,CMA,236.0,0.0,-183.0,Early,4,1,3,2,0.21,0,0.0,0.0,0,0.0,0.0,0,0,No strong procrastination pattern detected.,Normal
34880,235978,90,0,97,FFF,2013J,CMA,236.0,0.0,-146.0,Early,4,1,3,2,0.21,0,0.0,0.0,0,0.0,0.0,0,0,No strong procrastination pattern detected.,Normal
34881,235978,117,0,91,FFF,2013J,CMA,236.0,0.0,-119.0,Early,4,1,3,2,0.21,0,0.0,0.0,0,0.0,0.0,0,0,No strong procrastination pattern detected.,Normal
34882,235978,203,0,88,FFF,2013J,CMA,236.0,0.0,-33.0,Early,4,1,3,2,0.21,0,0.0,0.0,0,0.0,0.0,0,0,No strong procrastination pattern detected.,Normal
34883,235978,214,0,88,FFF,2013J,CMA,236.0,0.0,-22.0,Early,4,1,3,2,0.21,0,0.0,0.0,0,0.0,0.0,0,0,No strong procrastination pattern detected.,Normal
34884,235978,214,0,83,FFF,2013J,CMA,236.0,0.0,-22.0,Early,4,1,3,2,0.21,0,0.0,0.0,0,0.0,0.0,0,0,No strong procrastination pattern detected.,Normal
34873,237387,16,0,82,FFF,2013J,TMA,19.0,12.5,-3.0,Near Deadline,157,34,123,5,0.44,0,0.35,21.0,0,,,0,0,Pattern detected because the task was completed close to the deadline.,Normal
34874,237387,45,0,80,FFF,2013J,TMA,47.0,12.5,-2.0,Near Deadline,54,37,17,5,2.8,1,0.35,61.0,1,1.0,41.0,0,0,"Pattern detected because the task was completed close to the deadline, and academic activity increased sharply just before the deadline.",Normal
34875,237387,95,0,85,FFF,2013J,TMA,96.0,25.0,-1.0,Last Minute,43,23,20,4,1.53,1,0.75,85.0,1,2.0,55.7,1,1,"Pattern detected because the task was submitted at the last minute, and academic activity increased sharply just before the deadline, and similar behaviour appeared in at least 2 of the last 3 tasks.",Emerging
34878,237387,108,0,92,FFF,2013J,CMA,236.0,0.0,-128.0,Early,0,0,0,0,0.0,0,0.0,0.0,0,2.0,48.7,1,0,Pattern detected because similar behaviour appeared in at least 2 of the last 3 tasks.,Emerging
34879,237387,108,0,94,FFF,2013J,CMA,236.0,0.0,-128.0,Early,0,0,0,0,0.0,0,0.0,0.0,0,1.0,28.3,0,0,No strong procrastination pattern detected.,Normal
34873,238150,17,0,88,FFF,2013J,TMA,19.0,12.5,-2.0,Near Deadline,980,567,413,7,2.26,1,0.35,61.0,1,,,0,0,"Pattern detected because the task was completed close to the deadline, and academic activity increased sharply just before the deadline.",Normal
34874,238150,45,0,96,FFF,2013J,TMA,47.0,12.5,-2.0,Near Deadline,479,319,160,6,3.22,1,0.35,61.0,1,2.0,61.0,1,1,"Pattern detected because the task was completed close to the deadline, and academic activity increased sharply just before the deadline, and similar behaviour appeared in at least 2 of the last 3 tasks.",Emerging
34875,238150,95,0,88,FFF,2013J,TMA,96.0,25.0,-1.0,Last Minute,261,121,140,6,1.39,0,0.75,45.0,0,2.0,55.7,1,0,"Pattern detected because the task was submitted at the last minute, and similar behaviour appeared in at least 2 of the last 3 tasks.",Emerging
34876,238150,130,0,75,FFF,2013J,TMA,131.0,25.0,-1.0,Last Minute,355,167,188,8,1.44,0,0.75,45.0,0,1.0,50.3,0,0,Pattern detected because the task was submitted at the last minute.,Emerging
34877,238150,170,0,89,FFF,2013J,TMA,173.0,25.0,-3.0,Near Deadline,317,222,95,5,3.7,1,0.35,61.0,1,1.0,50.3,0,0,"Pattern detected because the task was completed close to the deadline, and academic activity increased sharply just before the deadline.",Emerging
34878,238150,20,0,99,FFF,2013J,CMA,236.0,0.0,-216.0,Early,158,0,158,4,0.0,0,0.0,0.0,0,1.0,35.3,0,0,No strong procrastination pattern detected.,Normal
34879,238150,74,0,90,FFF,2013J,CMA,236.0,0.0,-162.0,Early,158,0,158,4,0.0,0,0.0,0.0,0,1.0,20.3,0,0,No strong procrastination pattern detected.,Normal
34880,238150,117,0,93,FFF,2013J,CMA,236.0,0.0,-119.0,Early,158,0,158,4,0.0,0,0.0,0.0,0,0.0,0.0,0,0,No strong procrastination pattern detected.,Normal
34881,238150,118,0,94,FFF,2013J,CMA,236.0,0.0,-118.0,Early,158,0,158,4,0.0,0,0.0,0.0,0,0.0,0.0,0,0,No strong procrastination pattern detected.,Normal
34882,238150,167,0,93,FFF,2013J,CMA,236.0,0.0,-69.0,Early,158,0,158,4,0.0,0,0.0,0.0,0,0.0,0.0,0,0,No strong procrastination pattern detected.,Normal
34883,238150,207,0,91,FFF,2013J,CMA,236.0,0.0,-29.0,Early,158,0,158,4,0.0,0,0.0,0.0,0,0.0,0.0,0,0,No strong procrastination pattern detected.,Normal
34884,238150,207,0,86,FFF,2013J,CMA,236.0,0.0,-29.0,Early,158,0,158,4,0.0,0,0.0,0.0,0,0.0,0.0,0,0,No strong procrastination pattern detected.,Normal
34873,241039,15,0,84,FFF,2013J,TMA,19.0,12.5,-4.0,Early,168,40,128,8,0.5,0,0.0,0.0,0,,,0,0,No strong procrastination pattern detected.,Normal
34874,241039,46,0,74,FFF,2013J,TMA,47.0,12.5,-1.0,Last Minute,112,60,52,6,1.75,1,0.75,85.0,1,1.0,42.5,0,0,"Pattern detected because the task was submitted at the last minute, and academic activity increased sharply just before the deadline.",Normal
34875,241039,96,0,62,FFF,2013J,TMA,96.0,25.0,0.0,Last Minute,12,0,12,2,0.0,0,0.75,45.0,0,1.0,43.3,0,0,Pattern detected because the task was submitted at the last minute.,Normal
34876,241039,130,0,72,FFF,2013J,TMA,131.0,25.0,-1.0,Last Minute,103,74,29,5,3.63,1,0.75,85.0,1,2.0,71.7,1,1,"Pattern detected because the task was submitted at the last minute, and academic activity increased sharply just before the deadline, and similar behaviour appeared in at least 2 of the last 3 tasks.",Emerging
34877,241039,177,0,81,FFF,2013J,TMA,173.0,25.0,4.0,Late,59,14,45,5,0.47,0,1.0,60.0,1,2.0,63.3,1,0,"Pattern detected because the task was submitted after the deadline, and similar behaviour appeared in at least 2 of the last 3 tasks.",Emerging
34878,241039,40,0,89,FFF,2013J,CMA,236.0,0.0,-196.0,Early,162,65,97,5,1.06,0,0.0,0.0,0,2.0,48.3,1,0,Pattern detected because similar behaviour appeared in at least 2 of the last 3 tasks.,Emerging
34879,241039,192,0,95,FFF,2013J,CMA,236.0,0.0,-44.0,Early,162,65,97,5,1.06,0,0.0,0.0,0,1.0,20.0,0,0,No strong procrastination pattern detected.,Normal
34880,241039,215,0,77,FFF,2013J,CMA,236.0,0.0,-21.0,Early,162,65,97,5,1.06,0,0.0,0.0,0,0.0,0.0,0,0,No strong procrastination pattern detected.,Normal
34881,241039,215,0,75,FFF,2013J,CMA,236.0,0.0,-21.0,Early,162,65,97,5,1.06,0,0.0,0.0,0,0.0,0.0,0,0,No strong procrastination pattern detected.,Normal
34882,241039,220,0,80,FFF,2013J,CMA,236.0,0.0,-16.0,Early,162,65,97,5,1.06,0,0.0,0.0,0,0.0,0.0,0,0,No strong procrastination pattern detected.,Normal
34883,241039,220,0,96,FFF,2013J,CMA,236.0,0.0,-16.0,Early,162,65,97,5,1.06,0,0.0,0.0,0,0.0,0.0,0,0,No strong procrastination pattern detected.,Normal
34884,241039,220,0,79,FFF,2013J,CMA,236.0,0.0,-16.0,Early,162,65,97,5,1.06,0,0.0,0.0,0,0.0,0.0,0,0,No strong procrastination pattern detected.,Normal
34873,242491,10,0,96,FFF,2013J,TMA,19.0,12.5,-9.0,Early,185,19,166,8,0.19,0,0.0,0.0,0,,,0,0,No strong procrastination pattern detected.,Normal
34874,242491,34,0,86,FFF,2013J,TMA,47.0,12.5,-13.0,Early,89,0,89,3,0.0,0,0.0,0.0,0,0.0,0.0,0,0,No strong procrastination pattern detected.,Normal
34875,242491,93,0,85,FFF,2013J,TMA,96.0,25.0,-3.0,Near Deadline,18,1,17,3,0.08,0,0.35,21.0,0,0.0,7.0,0,0,Pattern detected because the task was completed close to the deadline.,Normal
34876,242491,125,0,88,FFF,2013J,TMA,131.0,25.0,-6.0,Early,52,1,51,4,0.03,0,0.0,0.0,0,0.0,7.0,0,0,No strong procrastination pattern detected.,Normal
34877,242491,166,0,91,FFF,2013J,TMA,173.0,25.0,-7.0,Early,88,0,88,3,0.0,0,0.0,0.0,0,0.0,7.0,0,0,No strong procrastination pattern detected.,Normal
34878,242491,11,0,98,FFF,2013J,CMA,236.0,0.0,-225.0,Early,114,113,1,3,31.39,1,0.0,40.0,0,0.0,13.3,0,0,Pattern detected because academic activity increased sharply just before the deadline.,Normal
34879,242491,18,0,100,FFF,2013J,CMA,236.0,0.0,-218.0,Early,114,113,1,3,31.39,1,0.0,40.0,0,0.0,26.7,0,0,Pattern detected because academic activity increased sharply just before the deadline.,Normal
34880,242491,52,0,97,FFF,2013J,CMA,236.0,0.0,-184.0,Early,114,113,1,3,31.39,1,0.0,40.0,0,0.0,40.0,0,0,Pattern detected because academic activity increased sharply just before the deadline.,Normal
34881,242491,102,0,93,FFF,2013J,CMA,236.0,0.0,-134.0,Early,114,113,1,3,31.39,1,0.0,40.0,0,0.0,40.0,0,0,Pattern detected because academic activity increased sharply just before the deadline.,Normal
34882,242491,146,0,90,FFF,2013J,CMA,236.0,0.0,-90.0,Early,114,113,1,3,31.39,1,0.0,40.0,0,0.0,40.0,0,0,Pattern detected because academic activity increased sharply just before the deadline.,Normal
34883,242491,200,0,94,FFF,2013J,CMA,236.0,0.0,-36.0,Early,114,113,1,3,31.39,1,0.0,40.0,0,0.0,40.0,0,0,Pattern detected because academic activity increased sharply just before the deadline.,Normal
34884,242491,206,0,98,FFF,2013J,CMA,236.0,0.0,-30.0,Early,114,113,1,3,31.39,1,0.0,40.0,0,0.0,40.0,0,0,Pattern detected because academic activity increased sharply just before the deadline.,Normal
34873,243396,17,0,80,FFF,2013J,TMA,19.0,12.5,-2.0,Near Deadline,154,41,113,2,0.58,0,0.35,21.0,0,,,0,0,Pattern detected because the task was completed close to the deadline.,Normal
34874,243396,46,0,28,FFF,2013J,TMA,47.0,12.5,-1.0,Last Minute,50,33,17,3,2.5,1,0.75,85.0,1,1.0,53.0,0,0,"Pattern detected because the task was submitted at the last minute, and academic activity increased sharply just before the deadline.",Emerging
34873,244205,16,0,96,FFF,2013J,TMA,19.0,12.5,-3.0,Near Deadline,187,0,187,1,0.0,0,0.35,21.0,0,,,0,0,Pattern detected because the task was completed close to the deadline.,Normal
34874,244205,46,0,58,FFF,2013J,TMA,47.0,12.5,-1.0,Last Minute,45,40,5,4,6.67,1,0.75,85.0,1,1.0,53.0,0,0,"Pattern detected because the task was submitted at the last minute, and academic activity increased sharply just before the deadline.",Emerging
34875,244205,96,0,87,FFF,2013J,TMA,96.0,25.0,0.0,Last Minute,222,78,144,5,0.87,0,0.75,45.0,0,1.0,50.3,0,0,Pattern detected because the task was submitted at the last minute.,Emerging
34876,244205,137,0,90,FFF,2013J,TMA,131.0,25.0,6.0,Late,65,65,0,3,21.67,1,1.0,100.0,1,2.0,76.7,1,1,"Pattern detected because the task was submitted after the deadline, and academic activity increased sharply just before the deadline, and similar behaviour appeared in at least 2 of the last 3 tasks.",High
34878,244205,33,0,76,FFF,2013J,CMA,236.0,0.0,-203.0,Early,1010,580,430,5,2.22,1,0.0,40.0,0,1.0,61.7,0,0,Pattern detected because academic activity increased sharply just before the deadline.,Emerging
34879,244205,75,0,96,FFF,2013J,CMA,236.0,0.0,-161.0,Early,1010,580,430,5,2.22,1,0.0,40.0,0,1.0,60.0,0,0,Pattern detected because academic activity increased sharply just before the deadline.,Emerging
34880,244205,117,0,81,FFF,2013J,CMA,236.0,0.0,-119.0,Early,1010,580,430,5,2.22,1,0.0,40.0,0,0.0,40.0,0,0,Pattern detected because academic activity increased sharply just before the deadline.,Normal
34881,244205,137,0,81,FFF,2013J,CMA,236.0,0.0,-99.0,Early,1010,580,430,5,2.22,1,0.0,40.0,0,0.0,40.0,0,0,Pattern detected because academic activity increased sharply just before the deadline.,Normal
34882,244205,235,0,78,FFF,2013J,CMA,236.0,0.0,-1.0,Last Minute,1010,580,430,5,2.22,1,0.75,85.0,1,1.0,55.0,0,0,"Pattern detected because the task was submitted at the last minute, and academic activity increased sharply just before the deadline.",Emerging
34884,244205,235,0,75,FFF,2013J,CMA,236.0,0.0,-1.0,Last Minute,1010,580,430,5,2.22,1,0.75,85.0,1,2.0,70.0,1,0,"Pattern detected because the task was submitted at the last minute, and academic activity increased sharply just before the deadline, and similar behaviour appeared in at least 2 of the last 3 tasks.",Emerging
34883,244205,236,0,81,FFF,2013J,CMA,236.0,0.0,0.0,Last Minute,1010,580,430,5,2.22,1,0.75,85.0,1,3.0,85.0,1,0,"Pattern detected because the task was submitted at the last minute, and academic activity increased sharply just before the deadline, and similar behaviour appeared in at least 2 of the last 3 tasks.",High
34873,245283,17,0,78,FFF,2013J,TMA,19.0,12.5,-2.0,Near Deadline,85,84,1,3,23.33,1,0.35,61.0,1,,,0,0,"Pattern detected because the task was completed close to the deadline, and academic activity increased sharply just before the deadline.",Normal
34874,245283,46,0,76,FFF,2013J,TMA,47.0,12.5,-1.0,Last Minute,51,3,48,4,0.09,0,0.75,45.0,0,1.0,53.0,0,0,Pattern detected because the task was submitted at the last minute.,Emerging
34875,245283,90,0,73,FFF,2013J,TMA,96.0,25.0,-6.0,Early,2,1,1,2,0.28,0,0.0,0.0,0,1.0,35.3,0,0,No strong procrastination pattern detected.,Normal
34876,245283,128,0,85,FFF,2013J,TMA,131.0,25.0,-3.0,Near Deadline,158,0,158,4,0.0,0,0.35,21.0,0,0.0,22.0,0,0,Pattern detected because the task was completed close to the deadline.,Normal
34877,245283,171,0,79,FFF,2013J,TMA,173.0,25.0,-2.0,Near Deadline,156,63,93,3,1.07,0,0.35,21.0,0,0.0,14.0,0,0,Pattern detected because the task was completed close to the deadline.,Normal
34878,245283,72,0,84,FFF,2013J,CMA,236.0,0.0,-164.0,Early,1,0,1,1,0.0,0,0.0,0.0,0,0.0,14.0,0,0,No strong procrastination pattern detected.,Normal
34879,245283,72,0,92,FFF,2013J,CMA,236.0,0.0,-164.0,Early,1,0,1,1,0.0,0,0.0,0.0,0,0.0,7.0,0,0,No strong procrastination pattern detected.,Normal
34880,245283,178,0,93,FFF,2013J,CMA,236.0,0.0,-58.0,Early,1,0,1,1,0.0,0,0.0,0.0,0,0.0,0.0,0,0,No strong procrastination pattern detected.,Normal
34881,245283,178,0,61,FFF,2013J,CMA,236.0,0.0,-58.0,Early,1,0,1,1,0.0,0,0.0,0.0,0,0.0,0.0,0,0,No strong procrastination pattern detected.,Normal
34882,245283,178,0,84,FFF,2013J,CMA,236.0,0.0,-58.0,Early,1,0,1,1,0.0,0,0.0,0.0,0,0.0,0.0,0,0,No strong procrastination pattern detected.,Normal
34883,245283,203,0,82,FFF,2013J,CMA,236.0,0.0,-33.0,Early,1,0,1,1,0.0,0,0.0,0.0,0,0.0,0.0,0,0,No strong procrastination pattern detected.,Normal
34884,245283,206,0,79,FFF,2013J,CMA,236.0,0.0,-30.0,Early,1,0,1,1,0.0,0,0.0,0.0,0,0.0,0.0,0,0,No strong procrastination pattern detected.,Normal
34873,248882,18,0,80,FFF,2013J,TMA,19.0,12.5,-1.0,Last Minute,459,263,196,7,2.18,1,0.75,85.0,1,,,0,0,"Pattern detected because the task was submitted at the last minute, and academic activity increased sharply just before the deadline.",Normal
34874,248882,46,0,88,FFF,2013J,TMA,47.0,12.5,-1.0,Last Minute,238,49,189,8,0.42,0,0.75,45.0,0,1.0,65.0,0,0,Pattern detected because the task was submitted at the last minute.,Emerging
34875,248882,94,0,81,FFF,2013J,TMA,96.0,25.0,-2.0,Near Deadline,222,94,128,6,1.18,0,0.35,21.0,0,1.0,50.3,0,0,Pattern detected because the task was completed close to the deadline.,Emerging
34876,248882,131,0,91,FFF,2013J,TMA,131.0,25.0,0.0,Last Minute,313,226,87,7,4.09,1,0.75,85.0,1,1.0,50.3,0,0,"Pattern detected because the task was submitted at the last minute, and academic activity increased sharply just before the deadline.",Emerging
34877,248882,173,0,84,FFF,2013J,TMA,173.0,25.0,0.0,Last Minute,152,12,140,8,0.14,0,0.75,45.0,0,1.0,50.3,0,0,Pattern detected because the task was submitted at the last minute.,Emerging
34878,248882,20,0,72,FFF,2013J,CMA,236.0,0.0,-216.0,Early,182,127,55,7,3.53,1,0.0,40.0,0,1.0,56.7,0,0,Pattern detected because academic activity increased sharply just before the deadline.,Emerging
34879,248882,108,0,90,FFF,2013J,CMA,236.0,0.0,-128.0,Early,182,127,55,7,3.53,1,0.0,40.0,0,0.0,41.7,0,0,Pattern detected because academic activity increased sharply just before the deadline.,Normal
34881,248882,181,0,75,FFF,2013J,CMA,236.0,0.0,-55.0,Early,182,127,55,7,3.53,1,0.0,40.0,0,0.0,40.0,0,0,Pattern detected because academic activity increased sharply just before the deadline.,Normal
34880,248882,221,0,80,FFF,2013J,CMA,236.0,0.0,-15.0,Early,182,127,55,7,3.53,1,0.0,40.0,0,0.0,40.0,0,0,Pattern detected because academic activity increased sharply just before the deadline.,Normal
34882,248882,221,0,81,FFF,2013J,CMA,236.0,0.0,-15.0,Early,182,127,55,7,3.53,1,0.0,40.0,0,0.0,40.0,0,0,Pattern detected because academic activity increased sharply just before the deadline.,Normal
34883,248882,221,0,90,FFF,2013J,CMA,236.0,0.0,-15.0,Early,182,127,55,7,3.53,1,0.0,40.0,0,0.0,40.0,0,0,Pattern detected because academic activity increased sharply just before the deadline.,Normal
34884,248882,221,0,91,FFF,2013J,CMA,236.0,0.0,-15.0,Early,182,127,55,7,3.53,1,0.0,40.0,0,0.0,40.0,0,0,Pattern detected because academic activity increased sharply just before the deadline.,Normal
34873,249750,19,0,76,FFF,2013J,TMA,19.0,12.5,0.0,Last Minute,134,122,12,4,11.96,1,0.75,85.0,1,,,0,0,"Pattern detected because the task was submitted at the last minute, and academic activity increased sharply just before the deadline.",Normal
34874,249750,48,0,72,FFF,2013J,TMA,47.0,12.5,1.0,Late,103,70,33,5,3.07,1,1.0,100.0,1,2.0,92.5,1,1,"Pattern detected because the task was submitted after the deadline, and academic activity increased sharply just before the deadline, and similar behaviour appeared in at least 2 of the last 3 tasks.",High
34875,249750,101,0,67,FFF,2013J,TMA,96.0,25.0,5.0,Late,54,0,54,2,0.0,0,1.0,60.0,1,3.0,81.7,1,0,"Pattern detected because the task was submitted after the deadline, and similar behaviour appeared in at least 2 of the last 3 tasks.",High
34876,249750,132,0,73,FFF,2013J,TMA,131.0,25.0,1.0,Late,196,133,63,3,3.26,1,1.0,100.0,1,3.0,86.7,1,0,"Pattern detected because the task was submitted after the deadline, and academic activity increased sharply just before the deadline, and similar behaviour appeared in at least 2 of the last 3 tasks.",High
34877,249750,173,0,56,FFF,2013J,TMA,173.0,25.0,0.0,Last Minute,71,7,64,3,0.17,0,0.75,45.0,0,2.0,68.3,1,0,"Pattern detected because the task was submitted at the last minute, and similar behaviour appeared in at least 2 of the last 3 tasks.",Emerging
34878,249750,105,0,85,FFF,2013J,CMA,236.0,0.0,-131.0,Early,46,45,1,3,12.5,1,0.0,40.0,0,1.0,61.7,0,0,Pattern detected because academic activity increased sharply just before the deadline.,Emerging
34879,249750,178,0,98,FFF,2013J,CMA,236.0,0.0,-58.0,Early,46,45,1,3,12.5,1,0.0,40.0,0,0.0,41.7,0,0,Pattern detected because academic activity increased sharply just before the deadline.,Normal
34880,249750,178,0,77,FFF,2013J,CMA,236.0,0.0,-58.0,Early,46,45,1,3,12.5,1,0.0,40.0,0,0.0,40.0,0,0,Pattern detected because academic activity increased sharply just before the deadline.,Normal
34881,249750,178,0,81,FFF,2013J,CMA,236.0,0.0,-58.0,Early,46,45,1,3,12.5,1,0.0,40.0,0,0.0,40.0,0,0,Pattern detected because academic activity increased sharply just before the deadline.,Normal
34883,249750,180,0,94,FFF,2013J,CMA,236.0,0.0,-56.0,Early,46,45,1,3,12.5,1,0.0,40.0,0,0.0,40.0,0,0,Pattern detected because academic activity increased sharply just before the deadline.,Normal
34884,249750,180,0,83,FFF,2013J,CMA,236.0,0.0,-56.0,Early,46,45,1,3,12.5,1,0.0,40.0,0,0.0,40.0,0,0,Pattern detected because academic activity increased sharply just before the deadline.,Normal
34882,249750,185,0,97,FFF,2013J,CMA,236.0,0.0,-51.0,Early,46,45,1,3,12.5,1,0.0,40.0,0,0.0,40.0,0,0,Pattern detected because academic activity increased sharply just before the deadline.,Normal
34873,251405,18,0,92,FFF,2013J,TMA,19.0,12.5,-1.0,Last Minute,60,60,0,2,20.0,1,0.75,85.0,1,,,0,0,"Pattern detected because the task was submitted at the last minute, and academic activity increased sharply just before the deadline.",Normal
34874,251405,46,0,84,FFF,2013J,TMA,47.0,12.5,-1.0,Last Minute,114,108,6,4,16.36,1,0.75,85.0,1,2.0,85.0,1,1,"Pattern detected because the task was submitted at the last minute, and academic activity increased sharply just before the deadline, and similar behaviour appeared in at least 2 of the last 3 tasks.",High
34875,251405,95,0,80,FFF,2013J,TMA,96.0,25.0,-1.0,Last Minute,18,7,11,2,0.73,0,0.75,45.0,0,2.0,71.7,1,0,"Pattern detected because the task was submitted at the last minute, and similar behaviour appeared in at least 2 of the last 3 tasks.",Emerging
34876,251405,130,0,84,FFF,2013J,TMA,131.0,25.0,-1.0,Last Minute,207,162,45,3,5.4,1,0.75,85.0,1,2.0,71.7,1,0,"Pattern detected because the task was submitted at the last minute, and academic activity increased sharply just before the deadline, and similar behaviour appeared in at least 2 of the last 3 tasks.",Emerging
34877,251405,176,0,47,FFF,2013J,TMA,173.0,25.0,3.0,Late,39,16,23,4,0.95,0,1.0,60.0,1,2.0,63.3,1,0,"Pattern detected because the task was submitted after the deadline, and similar behaviour appeared in at least 2 of the last 3 tasks.",Emerging
34878,251405,33,0,92,FFF,2013J,CMA,236.0,0.0,-203.0,Early,19,19,0,1,6.33,1,0.0,40.0,0,2.0,61.7,1,0,"Pattern detected because academic activity increased sharply just before the deadline, and similar behaviour appeared in at least 2 of the last 3 tasks.",Emerging
34879,251405,49,0,96,FFF,2013J,CMA,236.0,0.0,-187.0,Early,19,19,0,1,6.33,1,0.0,40.0,0,1.0,46.7,0,0,Pattern detected because academic activity increased sharply just before the deadline.,Emerging
34880,251405,83,0,82,FFF,2013J,CMA,236.0,0.0,-153.0,Early,19,19,0,1,6.33,1,0.0,40.0,0,0.0,40.0,0,0,Pattern detected because academic activity increased sharply just before the deadline.,Normal
34881,251405,130,0,84,FFF,2013J,CMA,236.0,0.0,-106.0,Early,19,19,0,1,6.33,1,0.0,40.0,0,0.0,40.0,0,0,Pattern detected because academic activity increased sharply just before the deadline.,Normal
34882,251405,214,0,83,FFF,2013J,CMA,236.0,0.0,-22.0,Early,19,19,0,1,6.33,1,0.0,40.0,0,0.0,40.0,0,0,Pattern detected because academic activity increased sharply just before the deadline.,Normal
34883,251405,214,0,80,FFF,2013J,CMA,236.0,0.0,-22.0,Early,19,19,0,1,6.33,1,0.0,40.0,0,0.0,40.0,0,0,Pattern detected because academic activity increased sharply just before the deadline.,Normal
34884,251405,214,0,67,FFF,2013J,CMA,236.0,0.0,-22.0,Early,19,19,0,1,6.33,1,0.0,40.0,0,0.0,40.0,0,0,Pattern detected because academic activity increased sharply just before the deadline.,Normal
34873,251965,19,0,68,FFF,2013J,TMA,19.0,12.5,0.0,Last Minute,52,44,8,3,5.64,1,0.75,85.0,1,,,0,0,"Pattern detected because the task was submitted at the last minute, and academic activity increased sharply just before the deadline.",Normal
34874,251965,47,0,74,FFF,2013J,TMA,47.0,12.5,0.0,Last Minute,42,42,0,3,14.0,1,0.75,85.0,1,2.0,85.0,1,1,"Pattern detected because the task was submitted at the last minute, and academic activity increased sharply just before the deadline, and similar behaviour appeared in at least 2 of the last 3 tasks.",High
34873,253767,19,0,78,FFF,2013J,TMA,19.0,12.5,0.0,Last Minute,197,196,1,3,54.44,1,0.75,85.0,1,,,0,0,"Pattern detected because the task was submitted at the last minute, and academic activity increased sharply just before the deadline.",Normal
34874,253767,47,0,56,FFF,2013J,TMA,47.0,12.5,0.0,Last Minute,131,131,0,3,43.67,1,0.75,85.0,1,2.0,85.0,1,1,"Pattern detected because the task was submitted at the last minute, and academic activity increased sharply just before the deadline, and similar behaviour appeared in at least 2 of the last 3 tasks.",High
34875,253767,102,0,54,FFF,2013J,TMA,96.0,25.0,6.0,Late,68,68,0,1,22.67,1,1.0,100.0,1,3.0,90.0,1,0,"Pattern detected because the task was submitted after the deadline, and academic activity increased sharply just before the deadline, and similar behaviour appeared in at least 2 of the last 3 tasks.",High
34876,253767,130,0,77,FFF,2013J,TMA,131.0,25.0,-1.0,Last Minute,504,503,1,3,139.72,1,0.75,85.0,1,3.0,90.0,1,0,"Pattern detected because the task was submitted at the last minute, and academic activity increased sharply just before the deadline, and similar behaviour appeared in at least 2 of the last 3 tasks.",High
34877,253767,153,0,64,FFF,2013J,TMA,173.0,25.0,-20.0,Early,1,0,1,1,0.0,0,0.0,0.0,0,2.0,61.7,1,0,Pattern detected because similar behaviour appeared in at least 2 of the last 3 tasks.,Emerging
34878,253767,131,0,89,FFF,2013J,CMA,236.0,0.0,-105.0,Early,3,3,0,1,1.0,0,0.0,0.0,0,1.0,28.3,0,0,No strong procrastination pattern detected.,Normal
34879,253767,131,0,75,FFF,2013J,CMA,236.0,0.0,-105.0,Early,3,3,0,1,1.0,0,0.0,0.0,0,0.0,0.0,0,0,No strong procrastination pattern detected.,Normal
34880,253767,131,0,63,FFF,2013J,CMA,236.0,0.0,-105.0,Early,3,3,0,1,1.0,0,0.0,0.0,0,0.0,0.0,0,0,No strong procrastination pattern detected.,Normal
34881,253767,131,0,71,FFF,2013J,CMA,236.0,0.0,-105.0,Early,3,3,0,1,1.0,0,0.0,0.0,0,0.0,0.0,0,0,No strong procrastination pattern detected.,Normal
34882,253767,146,0,55,FFF,2013J,CMA,236.0,0.0,-90.0,Early,3,3,0,1,1.0,0,0.0,0.0,0,0.0,0.0,0,0,No strong procrastination pattern detected.,Normal
34883,253767,160,0,48,FFF,2013J,CMA,236.0,0.0,-76.0,Early,3,3,0,1,1.0,0,0.0,0.0,0,0.0,0.0,0,0,No strong procrastination pattern detected.,Normal
34884,253767,160,0,56,FFF,2013J,CMA,236.0,0.0,-76.0,Early,3,3,0,1,1.0,0,0.0,0.0,0,0.0,0.0,0,0,No strong procrastination pattern detected.,Normal
34873,254446,18,0,88,FFF,2013J,TMA,19.0,12.5,-1.0,Last Minute,52,32,20,5,2.13,1,0.75,85.0,1,,,0,0,"Pattern detected because the task was submitted at the last minute, and academic activity increased sharply just before the deadline.",Normal
34874,254446,45,0,92,FFF,2013J,TMA,47.0,12.5,-2.0,Near Deadline,75,5,70,5,0.11,0,0.35,21.0,0,1.0,53.0,0,0,Pattern detected because the task was completed close to the deadline.,Emerging
34875,254446,92,0,80,FFF,2013J,TMA,96.0,25.0,-4.0,Early,237,25,212,5,0.19,0,0.0,0.0,0,1.0,35.3,0,0,No strong procrastination pattern detected.,Normal
34876,254446,130,0,76,FFF,2013J,TMA,131.0,25.0,-1.0,Last Minute,277,154,123,6,2.01,1,0.75,85.0,1,1.0,35.3,0,0,"Pattern detected because the task was submitted at the last minute, and academic activity increased sharply just before the deadline.",Normal
34877,254446,171,0,82,FFF,2013J,TMA,173.0,25.0,-2.0,Near Deadline,78,45,33,4,1.97,1,0.35,61.0,1,2.0,48.7,1,1,"Pattern detected because the task was completed close to the deadline, and academic activity increased sharply just before the deadline, and similar behaviour appeared in at least 2 of the last 3 tasks.",Emerging
34878,254446,11,0,85,FFF,2013J,CMA,236.0,0.0,-225.0,Early,86,3,83,3,0.06,0,0.0,0.0,0,2.0,48.7,1,0,Pattern detected because similar behaviour appeared in at least 2 of the last 3 tasks.,Emerging
34879,254446,31,0,88,FFF,2013J,CMA,236.0,0.0,-205.0,Early,86,3,83,3,0.06,0,0.0,0.0,0,1.0,20.3,0,0,No strong procrastination pattern detected.,Normal
34880,254446,94,0,75,FFF,2013J,CMA,236.0,0.0,-142.0,Early,86,3,83,3,0.06,0,0.0,0.0,0,0.0,0.0,0,0,No strong procrastination pattern detected.,Normal
34881,254446,121,0,73,FFF,2013J,CMA,236.0,0.0,-115.0,Early,86,3,83,3,0.06,0,0.0,0.0,0,0.0,0.0,0,0,No strong procrastination pattern detected.,Normal
34882,254446,133,0,83,FFF,2013J,CMA,236.0,0.0,-103.0,Early,86,3,83,3,0.06,0,0.0,0.0,0,0.0,0.0,0,0,No strong procrastination pattern detected.,Normal
34883,254446,156,0,73,FFF,2013J,CMA,236.0,0.0,-80.0,Early,86,3,83,3,0.06,0,0.0,0.0,0,0.0,0.0,0,0,No strong procrastination pattern detected.,Normal
34884,254446,156,0,77,FFF,2013J,CMA,236.0,0.0,-80.0,Early,86,3,83,3,0.06,0,0.0,0.0,0,0.0,0.0,0,0,No strong procrastination pattern detected.,Normal
34873,255310,18,0,80,FFF,2013J,TMA,19.0,12.5,-1.0,Last Minute,92,44,48,4,1.38,0,0.75,45.0,0,,,0,0,Pattern detected because the task was submitted at the last minute.,Normal
34874,255310,45,0,72,FFF,2013J,TMA,47.0,12.5,-2.0,Near Deadline,100,61,39,7,2.31,1,0.35,61.0,1,1.0,53.0,0,0,"Pattern detected because the task was completed close to the deadline, and academic activity increased sharply just before the deadline.",Emerging
34875,255310,95,0,84,FFF,2013J,TMA,96.0,25.0,-1.0,Last Minute,202,46,156,6,0.48,0,0.75,45.0,0,1.0,50.3,0,0,Pattern detected because the task was submitted at the last minute.,Emerging
34876,255310,130,0,73,FFF,2013J,TMA,131.0,25.0,-1.0,Last Minute,139,27,112,6,0.38,0,0.75,45.0,0,1.0,50.3,0,0,Pattern detected because the task was submitted at the last minute.,Emerging
34877,255310,172,0,89,FFF,2013J,TMA,173.0,25.0,-1.0,Last Minute,42,28,14,3,2.46,1,0.75,85.0,1,1.0,58.3,0,0,"Pattern detected because the task was submitted at the last minute, and academic activity increased sharply just before the deadline.",Emerging
34878,255310,31,0,73,FFF,2013J,CMA,236.0,0.0,-205.0,Early,59,10,49,2,0.31,0,0.0,0.0,0,1.0,43.3,0,0,No strong procrastination pattern detected.,Normal
34879,255310,37,0,97,FFF,2013J,CMA,236.0,0.0,-199.0,Early,59,10,49,2,0.31,0,0.0,0.0,0,1.0,28.3,0,0,No strong procrastination pattern detected.,Normal
34880,255310,123,0,79,FFF,2013J,CMA,236.0,0.0,-113.0,Early,59,10,49,2,0.31,0,0.0,0.0,0,0.0,0.0,0,0,No strong procrastination pattern detected.,Normal
34881,255310,223,0,88,FFF,2013J,CMA,236.0,0.0,-13.0,Early,59,10,49,2,0.31,0,0.0,0.0,0,0.0,0.0,0,0,No strong procrastination pattern detected.,Normal
34882,255310,227,0,83,FFF,2013J,CMA,236.0,0.0,-9.0,Early,59,10,49,2,0.31,0,0.0,0.0,0,0.0,0.0,0,0,No strong procrastination pattern detected.,Normal
34883,255310,227,0,91,FFF,2013J,CMA,236.0,0.0,-9.0,Early,59,10,49,2,0.31,0,0.0,0.0,0,0.0,0.0,0,0,No strong procrastination pattern detected.,Normal
34884,255310,227,0,81,FFF,2013J,CMA,236.0,0.0,-9.0,Early,59,10,49,2,0.31,0,0.0,0.0,0,0.0,0.0,0,0,No strong procrastination pattern detected.,Normal
34873,256905,19,0,64,FFF,2013J,TMA,19.0,12.5,0.0,Last Minute,60,32,28,5,1.62,1,0.75,85.0,1,,,0,0,"Pattern detected because the task was submitted at the last minute, and academic activity increased sharply just before the deadline.",Normal
34874,256905,47,0,24,FFF,2013J,TMA,47.0,12.5,0.0,Last Minute,69,53,16,4,4.21,1,0.75,85.0,1,2.0,85.0,1,1,"Pattern detected because the task was submitted at the last minute, and academic activity increased sharply just before the deadline, and similar behaviour appeared in at least 2 of the last 3 tasks.",High
34875,256905,103,0,44,FFF,2013J,TMA,96.0,25.0,7.0,Late,0,0,0,0,0.0,0,1.0,60.0,1,3.0,76.7,1,0,"Pattern detected because the task was submitted after the deadline, and similar behaviour appeared in at least 2 of the last 3 tasks.",High
34873,257887,19,0,80,FFF,2013J,TMA,19.0,12.5,0.0,Last Minute,235,127,108,5,1.87,1,0.75,85.0,1,,,0,0,"Pattern detected because the task was submitted at the last minute, and academic activity increased sharply just before the deadline.",Normal
34874,257887,47,0,62,FFF,2013J,TMA,47.0,12.5,0.0,Last Minute,193,67,126,7,0.85,0,0.75,45.0,0,1.0,65.0,0,0,Pattern detected because the task was submitted at the last minute.,Emerging
34875,257887,102,0,72,FFF,2013J,TMA,96.0,25.0,6.0,Late,157,82,75,7,1.71,1,1.0,100.0,1,2.0,76.7,1,1,"Pattern detected because the task was submitted after the deadline, and academic activity increased sharply just before the deadline, and similar behaviour appeared in at least 2 of the last 3 tasks.",High
34877,257887,173,0,80,FFF,2013J,TMA,173.0,25.0,0.0,Last Minute,196,141,55,4,3.92,1,0.75,85.0,1,2.0,76.7,1,0,"Pattern detected because the task was submitted at the last minute, and academic activity increased sharply just before the deadline, and similar behaviour appeared in at least 2 of the last 3 tasks.",High
34878,257887,192,0,97,FFF,2013J,CMA,236.0,0.0,-44.0,Early,451,361,90,6,6.33,1,0.0,40.0,0,2.0,75.0,1,0,"Pattern detected because academic activity increased sharply just before the deadline, and similar behaviour appeared in at least 2 of the last 3 tasks.",High
34879,257887,192,0,100,FFF,2013J,CMA,236.0,0.0,-44.0,Early,451,361,90,6,6.33,1,0.0,40.0,0,1.0,55.0,0,0,Pattern detected because academic activity increased sharply just before the deadline.,Emerging
34880,257887,214,0,96,FFF,2013J,CMA,236.0,0.0,-22.0,Early,451,361,90,6,6.33,1,0.0,40.0,0,0.0,40.0,0,0,Pattern detected because academic activity increased sharply just before the deadline.,Normal
34881,257887,237,0,89,FFF,2013J,CMA,236.0,0.0,1.0,Late,451,361,90,6,6.33,1,1.0,100.0,1,1.0,60.0,0,0,"Pattern detected because the task was submitted after the deadline, and academic activity increased sharply just before the deadline.",Emerging
34882,257887,238,0,86,FFF,2013J,CMA,236.0,0.0,2.0,Late,451,361,90,6,6.33,1,1.0,100.0,1,2.0,80.0,1,0,"Pattern detected because the task was submitted after the deadline, and academic activity increased sharply just before the deadline, and similar behaviour appeared in at least 2 of the last 3 tasks.",High
34883,257887,238,0,93,FFF,2013J,CMA,236.0,0.0,2.0,Late,451,361,90,6,6.33,1,1.0,100.0,1,3.0,100.0,1,0,"Pattern detected because the task was submitted after the deadline, and academic activity increased sharply just before the deadline, and similar behaviour appeared in at least 2 of the last 3 tasks.",High
34884,257887,238,0,83,FFF,2013J,CMA,236.0,0.0,2.0,Late,451,361,90,6,6.33,1,1.0,100.0,1,3.0,100.0,1,0,"Pattern detected because the task was submitted after the deadline, and academic activity increased sharply just before the deadline, and similar behaviour appeared in at least 2 of the last 3 tasks.",High
34873,261205,28,0,34,FFF,2013J,TMA,19.0,12.5,9.0,Late,0,0,0,0,0.0,0,1.0,60.0,1,,,0,0,Pattern detected because the task was submitted after the deadline.,Normal
34873,261525,17,0,78,FFF,2013J,TMA,19.0,12.5,-2.0,Near Deadline,93,45,48,5,1.42,0,0.35,21.0,0,,,0,0,Pattern detected because the task was completed close to the deadline.,Normal
34874,261525,47,0,76,FFF,2013J,TMA,47.0,12.5,0.0,Last Minute,116,71,45,5,2.37,1,0.75,85.0,1,1.0,53.0,0,0,"Pattern detected because the task was submitted at the last minute, and academic activity increased sharply just before the deadline.",Emerging
34873,262403,14,0,86,FFF,2013J,TMA,19.0,12.5,-5.0,Early,45,0,45,3,0.0,0,0.0,0.0,0,,,0,0,No strong procrastination pattern detected.,Normal
34874,262403,46,0,62,FFF,2013J,TMA,47.0,12.5,-1.0,Last Minute,92,31,61,5,0.78,0,0.75,45.0,0,0.0,22.5,0,0,Pattern detected because the task was submitted at the last minute.,Normal
34875,262403,95,0,70,FFF,2013J,TMA,96.0,25.0,-1.0,Last Minute,71,48,23,6,2.86,1,0.75,85.0,1,1.0,43.3,0,0,"Pattern detected because the task was submitted at the last minute, and academic activity increased sharply just before the deadline.",Normal
34876,262403,133,0,53,FFF,2013J,TMA,131.0,25.0,2.0,Late,175,140,35,6,5.83,1,1.0,100.0,1,2.0,76.7,1,1,"Pattern detected because the task was submitted after the deadline, and academic activity increased sharply just before the deadline, and similar behaviour appeared in at least 2 of the last 3 tasks.",High
34877,262403,171,0,74,FFF,2013J,TMA,173.0,25.0,-2.0,Near Deadline,127,17,110,4,0.25,0,0.35,21.0,0,2.0,68.7,1,0,"Pattern detected because the task was completed close to the deadline, and similar behaviour appeared in at least 2 of the last 3 tasks.",Emerging
34878,262403,10,0,61,FFF,2013J,CMA,236.0,0.0,-226.0,Early,68,2,66,4,0.05,0,0.0,0.0,0,1.0,40.3,0,0,No strong procrastination pattern detected.,Normal
34879,262403,31,0,59,FFF,2013J,CMA,236.0,0.0,-205.0,Early,68,2,66,4,0.05,0,0.0,0.0,0,0.0,7.0,0,0,No strong procrastination pattern detected.,Normal
34880,262403,74,0,62,FFF,2013J,CMA,236.0,0.0,-162.0,Early,68,2,66,4,0.05,0,0.0,0.0,0,0.0,0.0,0,0,No strong procrastination pattern detected.,Normal
34881,262403,105,0,73,FFF,2013J,CMA,236.0,0.0,-131.0,Early,68,2,66,4,0.05,0,0.0,0.0,0,0.0,0.0,0,0,No strong procrastination pattern detected.,Normal
34882,262403,130,0,44,FFF,2013J,CMA,236.0,0.0,-106.0,Early,68,2,66,4,0.05,0,0.0,0.0,0,0.0,0.0,0,0,No strong procrastination pattern detected.,Normal
34883,262403,210,0,57,FFF,2013J,CMA,236.0,0.0,-26.0,Early,68,2,66,4,0.05,0,0.0,0.0,0,0.0,0.0,0,0,No strong procrastination pattern detected.,Normal
34884,262403,210,0,54,FFF,2013J,CMA,236.0,0.0,-26.0,Early,68,2,66,4,0.05,0,0.0,0.0,0,0.0,0.0,0,0,No strong procrastination pattern detected.,Normal
34873,264164,18,0,90,FFF,2013J,TMA,19.0,12.5,-1.0,Last Minute,87,63,24,4,3.62,1,0.75,85.0,1,,,0,0,"Pattern detected because the task was submitted at the last minute, and academic activity increased sharply just before the deadline.",Normal
34874,264164,46,0,86,FFF,2013J,TMA,47.0,12.5,-1.0,Last Minute,101,47,54,3,1.33,0,0.75,45.0,0,1.0,65.0,0,0,Pattern detected because the task was submitted at the last minute.,Emerging
34875,264164,96,0,84,FFF,2013J,TMA,96.0,25.0,0.0,Last Minute,28,28,0,2,9.33,1,0.75,85.0,1,2.0,71.7,1,1,"Pattern detected because the task was submitted at the last minute, and academic activity increased sharply just before the deadline, and similar behaviour appeared in at least 2 of the last 3 tasks.",Emerging
34876,264164,131,0,88,FFF,2013J,TMA,131.0,25.0,0.0,Last Minute,113,109,4,4,20.19,1,0.75,85.0,1,2.0,71.7,1,0,"Pattern detected because the task was submitted at the last minute, and academic activity increased sharply just before the deadline, and similar behaviour appeared in at least 2 of the last 3 tasks.",Emerging
34877,264164,173,0,93,FFF,2013J,TMA,173.0,25.0,0.0,Last Minute,81,63,18,3,4.57,1,0.75,85.0,1,3.0,85.0,1,0,"Pattern detected because the task was submitted at the last minute, and academic activity increased sharply just before the deadline, and similar behaviour appeared in at least 2 of the last 3 tasks.",High
34878,264164,222,0,93,FFF,2013J,CMA,236.0,0.0,-14.0,Early,335,214,121,4,2.83,1,0.0,40.0,0,2.0,70.0,1,0,"Pattern detected because academic activity increased sharply just before the deadline, and similar behaviour appeared in at least 2 of the last 3 tasks.",Emerging
34879,264164,222,0,99,FFF,2013J,CMA,236.0,0.0,-14.0,Early,335,214,121,4,2.83,1,0.0,40.0,0,1.0,55.0,0,0,Pattern detected because academic activity increased sharply just before the deadline.,Emerging
34880,264164,223,0,86,FFF,2013J,CMA,236.0,0.0,-13.0,Early,335,214,121,4,2.83,1,0.0,40.0,0,0.0,40.0,0,0,Pattern detected because academic activity increased sharply just before the deadline.,Normal
34881,264164,234,0,92,FFF,2013J,CMA,236.0,0.0,-2.0,Near Deadline,335,214,121,4,2.83,1,0.35,61.0,1,1.0,47.0,0,0,"Pattern detected because the task was completed close to the deadline, and academic activity increased sharply just before the deadline.",Emerging
34882,264164,235,0,93,FFF,2013J,CMA,236.0,0.0,-1.0,Last Minute,335,214,121,4,2.83,1,0.75,85.0,1,2.0,62.0,1,0,"Pattern detected because the task was submitted at the last minute, and academic activity increased sharply just before the deadline, and similar behaviour appeared in at least 2 of the last 3 tasks.",Emerging
34883,264164,236,0,91,FFF,2013J,CMA,236.0,0.0,0.0,Last Minute,335,214,121,4,2.83,1,0.75,85.0,1,3.0,77.0,1,0,"Pattern detected because the task was submitted at the last minute, and academic activity increased sharply just before the deadline, and similar behaviour appeared in at least 2 of the last 3 tasks.",High
34884,264164,236,0,87,FFF,2013J,CMA,236.0,0.0,0.0,Last Minute,335,214,121,4,2.83,1,0.75,85.0,1,3.0,85.0,1,0,"Pattern detected because the task was submitted at the last minute, and academic activity increased sharply just before the deadline, and similar behaviour appeared in at least 2 of the last 3 tasks.",High
34873,265268,16,0,82,FFF,2013J,TMA,19.0,12.5,-3.0,Near Deadline,329,129,200,6,1.05,0,0.35,21.0,0,,,0,0,Pattern detected because the task was completed close to the deadline.,Normal
34874,265268,44,0,78,FFF,2013J,TMA,47.0,12.5,-3.0,Near Deadline,126,6,120,6,0.08,0,0.35,21.0,0,0.0,21.0,0,0,Pattern detected because the task was completed close to the deadline.,Normal
34875,265268,91,0,80,FFF,2013J,TMA,96.0,25.0,-5.0,Early,107,0,107,3,0.0,0,0.0,0.0,0,0.0,14.0,0,0,No strong procrastination pattern detected.,Normal
34876,265268,127,0,80,FFF,2013J,TMA,131.0,25.0,-4.0,Early,168,0,168,3,0.0,0,0.0,0.0,0,0.0,7.0,0,0,No strong procrastination pattern detected.,Normal
34877,265268,168,0,93,FFF,2013J,TMA,173.0,25.0,-5.0,Early,80,0,80,4,0.0,0,0.0,0.0,0,0.0,0.0,0,0,No strong procrastination pattern detected.,Normal
34878,265268,16,0,68,FFF,2013J,CMA,236.0,0.0,-220.0,Early,19,7,12,5,0.69,0,0.0,0.0,0,0.0,0.0,0,0,No strong procrastination pattern detected.,Normal
34879,265268,37,0,70,FFF,2013J,CMA,236.0,0.0,-199.0,Early,19,7,12,5,0.69,0,0.0,0.0,0,0.0,0.0,0,0,No strong procrastination pattern detected.,Normal
34880,265268,87,0,49,FFF,2013J,CMA,236.0,0.0,-149.0,Early,19,7,12,5,0.69,0,0.0,0.0,0,0.0,0.0,0,0,No strong procrastination pattern detected.,Normal
34881,265268,129,0,75,FFF,2013J,CMA,236.0,0.0,-107.0,Early,19,7,12,5,0.69,0,0.0,0.0,0,0.0,0.0,0,0,No strong procrastination pattern detected.,Normal
34882,265268,164,0,71,FFF,2013J,CMA,236.0,0.0,-72.0,Early,19,7,12,5,0.69,0,0.0,0.0,0,0.0,0.0,0,0,No strong procrastination pattern detected.,Normal
34884,265268,178,0,76,FFF,2013J,CMA,236.0,0.0,-58.0,Early,19,7,12,5,0.69,0,0.0,0.0,0,0.0,0.0,0,0,No strong procrastination pattern detected.,Normal
34883,265268,227,0,85,FFF,2013J,CMA,236.0,0.0,-9.0,Early,19,7,12,5,0.69,0,0.0,0.0,0,0.0,0.0,0,0,No strong procrastination pattern detected.,Normal
34873,265978,18,0,64,FFF,2013J,TMA,19.0,12.5,-1.0,Last Minute,46,2,44,3,0.07,0,0.75,45.0,0,,,0,0,Pattern detected because the task was submitted at the last minute.,Normal
34874,265978,46,0,80,FFF,2013J,TMA,47.0,12.5,-1.0,Last Minute,111,97,14,3,8.51,1,0.75,85.0,1,1.0,65.0,0,0,"Pattern detected because the task was submitted at the last minute, and academic activity increased sharply just before the deadline.",Emerging
34875,265978,95,0,71,FFF,2013J,TMA,96.0,25.0,-1.0,Last Minute,11,11,0,2,3.67,1,0.75,85.0,1,2.0,71.7,1,1,"Pattern detected because the task was submitted at the last minute, and academic activity increased sharply just before the deadline, and similar behaviour appeared in at least 2 of the last 3 tasks.",Emerging
34876,265978,138,0,61,FFF,2013J,TMA,131.0,25.0,7.0,Late,48,19,29,2,0.93,0,1.0,60.0,1,3.0,76.7,1,0,"Pattern detected because the task was submitted after the deadline, and similar behaviour appeared in at least 2 of the last 3 tasks.",High
34877,265978,173,0,84,FFF,2013J,TMA,173.0,25.0,0.0,Last Minute,102,37,65,7,0.88,0,0.75,45.0,0,2.0,63.3,1,0,"Pattern detected because the task was submitted at the last minute, and similar behaviour appeared in at least 2 of the last 3 tasks.",Emerging
34878,265978,216,0,89,FFF,2013J,CMA,236.0,0.0,-20.0,Early,431,8,423,6,0.03,0,0.0,0.0,0,1.0,35.0,0,0,No strong procrastination pattern detected.,Normal
34879,265978,217,0,98,FFF,2013J,CMA,236.0,0.0,-19.0,Early,431,8,423,6,0.03,0,0.0,0.0,0,0.0,15.0,0,0,No strong procrastination pattern detected.,Normal
34880,265978,231,0,74,FFF,2013J,CMA,236.0,0.0,-5.0,Early,431,8,423,6,0.03,0,0.0,0.0,0,0.0,0.0,0,0,No strong procrastination pattern detected.,Normal
34881,265978,234,0,77,FFF,2013J,CMA,236.0,0.0,-2.0,Near Deadline,431,8,423,6,0.03,0,0.35,21.0,0,0.0,7.0,0,0,Pattern detected because the task was completed close to the deadline.,Normal
34882,265978,234,0,85,FFF,2013J,CMA,236.0,0.0,-2.0,Near Deadline,431,8,423,6,0.03,0,0.35,21.0,0,0.0,14.0,0,0,Pattern detected because the task was completed close to the deadline.,Normal
34883,265978,234,0,85,FFF,2013J,CMA,236.0,0.0,-2.0,Near Deadline,431,8,423,6,0.03,0,0.35,21.0,0,0.0,21.0,0,0,Pattern detected because the task was completed close to the deadline.,Normal
34884,265978,234,0,86,FFF,2013J,CMA,236.0,0.0,-2.0,Near Deadline,431,8,423,6,0.03,0,0.35,21.0,0,0.0,21.0,0,0,Pattern detected because the task was completed close to the deadline.,Normal
34873,268153,16,0,70,FFF,2013J,TMA,19.0,12.5,-3.0,Near Deadline,100,0,100,4,0.0,0,0.35,21.0,0,,,0,0,Pattern detected because the task was completed close to the deadline.,Normal
34874,268153,46,0,66,FFF,2013J,TMA,47.0,12.5,-1.0,Last Minute,392,94,298,6,0.52,0,0.75,45.0,0,0.0,33.0,0,0,Pattern detected because the task was submitted at the last minute.,Normal
34875,268153,95,0,81,FFF,2013J,TMA,96.0,25.0,-1.0,Last Minute,242,36,206,6,0.28,0,0.75,45.0,0,0.0,37.0,0,0,Pattern detected because the task was submitted at the last minute.,Normal
34876,268153,130,0,56,FFF,2013J,TMA,131.0,25.0,-1.0,Last Minute,122,77,45,5,2.57,1,0.75,85.0,1,1.0,58.3,0,0,"Pattern detected because the task was submitted at the last minute, and academic activity increased sharply just before the deadline.",Emerging
34877,268153,172,0,70,FFF,2013J,TMA,173.0,25.0,-1.0,Last Minute,183,26,157,6,0.27,0,0.75,45.0,0,1.0,58.3,0,0,Pattern detected because the task was submitted at the last minute.,Emerging
34878,268153,45,0,75,FFF,2013J,CMA,236.0,0.0,-191.0,Early,208,76,132,6,0.92,0,0.0,0.0,0,1.0,43.3,0,0,No strong procrastination pattern detected.,Normal
34879,268153,54,0,88,FFF,2013J,CMA,236.0,0.0,-182.0,Early,208,76,132,6,0.92,0,0.0,0.0,0,0.0,15.0,0,0,No strong procrastination pattern detected.,Normal
34880,268153,156,0,81,FFF,2013J,CMA,236.0,0.0,-80.0,Early,208,76,132,6,0.92,0,0.0,0.0,0,0.0,0.0,0,0,No strong procrastination pattern detected.,Normal
34881,268153,156,0,74,FFF,2013J,CMA,236.0,0.0,-80.0,Early,208,76,132,6,0.92,0,0.0,0.0,0,0.0,0.0,0,0,No strong procrastination pattern detected.,Normal
34882,268153,171,0,83,FFF,2013J,CMA,236.0,0.0,-65.0,Early,208,76,132,6,0.92,0,0.0,0.0,0,0.0,0.0,0,0,No strong procrastination pattern detected.,Normal
34884,268153,217,0,84,FFF,2013J,CMA,236.0,0.0,-19.0,Early,208,76,132,6,0.92,0,0.0,0.0,0,0.0,0.0,0,0,No strong procrastination pattern detected.,Normal
34883,268153,229,0,73,FFF,2013J,CMA,236.0,0.0,-7.0,Early,208,76,132,6,0.92,0,0.0,0.0,0,0.0,0.0,0,0,No strong procrastination pattern detected.,Normal
34873,269245,19,0,60,FFF,2013J,TMA,19.0,12.5,0.0,Last Minute,342,298,44,4,10.14,1,0.75,85.0,1,,,0,0,"Pattern detected because the task was submitted at the last minute, and academic activity increased sharply just before the deadline.",Normal
34874,269245,46,0,78,FFF,2013J,TMA,47.0,12.5,-1.0,Last Minute,97,41,56,4,1.12,0,0.75,45.0,0,1.0,65.0,0,0,Pattern detected because the task was submitted at the last minute.,Emerging
34873,269508,15,0,92,FFF,2013J,TMA,19.0,12.5,-4.0,Early,218,29,189,5,0.25,0,0.0,0.0,0,,,0,0,No strong procrastination pattern detected.,Normal
34874,269508,44,0,100,FFF,2013J,TMA,47.0,12.5,-3.0,Near Deadline,28,0,28,3,0.0,0,0.35,21.0,0,0.0,10.5,0,0,Pattern detected because the task was completed close to the deadline.,Normal
34875,269508,94,0,96,FFF,2013J,TMA,96.0,25.0,-2.0,Near Deadline,149,15,134,5,0.18,0,0.35,21.0,0,0.0,14.0,0,0,Pattern detected because the task was completed close to the deadline.,Normal
34876,269508,130,0,89,FFF,2013J,TMA,131.0,25.0,-1.0,Last Minute,66,1,65,5,0.02,0,0.75,45.0,0,0.0,29.0,0,0,Pattern detected because the task was submitted at the last minute.,Normal
34877,269508,169,0,100,FFF,2013J,TMA,173.0,25.0,-4.0,Early,4,0,4,1,0.0,0,0.0,0.0,0,0.0,22.0,0,0,No strong procrastination pattern detected.,Normal
34878,269508,87,0,87,FFF,2013J,CMA,236.0,0.0,-149.0,Early,9,4,5,2,0.67,0,0.0,0.0,0,0.0,15.0,0,0,No strong procrastination pattern detected.,Normal
34879,269508,87,0,96,FFF,2013J,CMA,236.0,0.0,-149.0,Early,9,4,5,2,0.67,0,0.0,0.0,0,0.0,0.0,0,0,No strong procrastination pattern detected.,Normal
34880,269508,87,0,85,FFF,2013J,CMA,236.0,0.0,-149.0,Early,9,4,5,2,0.67,0,0.0,0.0,0,0.0,0.0,0,0,No strong procrastination pattern detected.,Normal
34881,269508,157,0,89,FFF,2013J,CMA,236.0,0.0,-79.0,Early,9,4,5,2,0.67,0,0.0,0.0,0,0.0,0.0,0,0,No strong procrastination pattern detected.,Normal
34882,269508,164,0,89,FFF,2013J,CMA,236.0,0.0,-72.0,Early,9,4,5,2,0.67,0,0.0,0.0,0,0.0,0.0,0,0,No strong procrastination pattern detected.,Normal
34884,269508,206,0,87,FFF,2013J,CMA,236.0,0.0,-30.0,Early,9,4,5,2,0.67,0,0.0,0.0,0,0.0,0.0,0,0,No strong procrastination pattern detected.,Normal
34883,269508,214,0,94,FFF,2013J,CMA,236.0,0.0,-22.0,Early,9,4,5,2,0.67,0,0.0,0.0,0,0.0,0.0,0,0,No strong procrastination pattern detected.,Normal
34873,272623,12,0,80,FFF,2013J,TMA,19.0,12.5,-7.0,Early,38,17,21,4,1.09,0,0.0,0.0,0,,,0,0,No strong procrastination pattern detected.,Normal
34874,272623,45,0,68,FFF,2013J,TMA,47.0,12.5,-2.0,Near Deadline,64,9,55,5,0.25,0,0.35,21.0,0,0.0,10.5,0,0,Pattern detected because the task was completed close to the deadline.,Normal
34875,272623,94,0,68,FFF,2013J,TMA,96.0,25.0,-2.0,Near Deadline,32,11,21,3,0.71,0,0.35,21.0,0,0.0,14.0,0,0,Pattern detected because the task was completed close to the deadline.,Normal
34873,273442,18,0,84,FFF,2013J,TMA,19.0,12.5,-1.0,Last Minute,108,82,26,5,4.41,1,0.75,85.0,1,,,0,0,"Pattern detected because the task was submitted at the last minute, and academic activity increased sharply just before the deadline.",Normal
34874,273442,44,0,68,FFF,2013J,TMA,47.0,12.5,-3.0,Near Deadline,128,34,94,5,0.57,0,0.35,21.0,0,1.0,53.0,0,0,Pattern detected because the task was completed close to the deadline.,Emerging
34875,273442,95,0,83,FFF,2013J,TMA,96.0,25.0,-1.0,Last Minute,103,23,80,8,0.45,0,0.75,45.0,0,1.0,50.3,0,0,Pattern detected because the task was submitted at the last minute.,Emerging
34876,273442,130,0,84,FFF,2013J,TMA,131.0,25.0,-1.0,Last Minute,152,135,17,4,10.23,1,0.75,85.0,1,1.0,50.3,0,0,"Pattern detected because the task was submitted at the last minute, and academic activity increased sharply just before the deadline.",Emerging
34877,273442,172,0,83,FFF,2013J,TMA,173.0,25.0,-1.0,Last Minute,196,85,111,7,1.22,0,0.75,45.0,0,1.0,58.3,0,0,Pattern detected because the task was submitted at the last minute.,Emerging
34878,273442,25,0,79,FFF,2013J,CMA,236.0,0.0,-211.0,Early,57,1,56,4,0.03,0,0.0,0.0,0,1.0,43.3,0,0,No strong procrastination pattern detected.,Normal
34879,273442,60,0,80,FFF,2013J,CMA,236.0,0.0,-176.0,Early,57,1,56,4,0.03,0,0.0,0.0,0,0.0,15.0,0,0,No strong procrastination pattern detected.,Normal
34880,273442,76,0,71,FFF,2013J,CMA,236.0,0.0,-160.0,Early,57,1,56,4,0.03,0,0.0,0.0,0,0.0,0.0,0,0,No strong procrastination pattern detected.,Normal
34881,273442,101,0,68,FFF,2013J,CMA,236.0,0.0,-135.0,Early,57,1,56,4,0.03,0,0.0,0.0,0,0.0,0.0,0,0,No strong procrastination pattern detected.,Normal
34882,273442,171,0,68,FFF,2013J,CMA,236.0,0.0,-65.0,Early,57,1,56,4,0.03,0,0.0,0.0,0,0.0,0.0,0,0,No strong procrastination pattern detected.,Normal
34883,273442,221,0,70,FFF,2013J,CMA,236.0,0.0,-15.0,Early,57,1,56,4,0.03,0,0.0,0.0,0,0.0,0.0,0,0,No strong procrastination pattern detected.,Normal
34884,273442,221,0,72,FFF,2013J,CMA,236.0,0.0,-15.0,Early,57,1,56,4,0.03,0,0.0,0.0,0,0.0,0.0,0,0,No strong procrastination pattern detected.,Normal
34873,273782,18,0,84,FFF,2013J,TMA,19.0,12.5,-1.0,Last Minute,254,207,47,5,6.63,1,0.75,85.0,1,,,0,0,"Pattern detected because the task was submitted at the last minute, and academic activity increased sharply just before the deadline.",Normal
34874,273782,46,0,90,FFF,2013J,TMA,47.0,12.5,-1.0,Last Minute,394,299,95,6,4.98,1,0.75,85.0,1,2.0,85.0,1,1,"Pattern detected because the task was submitted at the last minute, and academic activity increased sharply just before the deadline, and similar behaviour appeared in at least 2 of the last 3 tasks.",High
34875,273782,95,0,85,FFF,2013J,TMA,96.0,25.0,-1.0,Last Minute,90,57,33,6,2.5,1,0.75,85.0,1,3.0,85.0,1,0,"Pattern detected because the task was submitted at the last minute, and academic activity increased sharply just before the deadline, and similar behaviour appeared in at least 2 of the last 3 tasks.",High
34876,273782,130,0,89,FFF,2013J,TMA,131.0,25.0,-1.0,Last Minute,36,17,19,2,1.18,0,0.75,45.0,0,2.0,71.7,1,0,"Pattern detected because the task was submitted at the last minute, and similar behaviour appeared in at least 2 of the last 3 tasks.",Emerging
34877,273782,170,0,94,FFF,2013J,TMA,173.0,25.0,-3.0,Near Deadline,85,17,68,4,0.39,0,0.35,21.0,0,1.0,50.3,0,0,Pattern detected because the task was completed close to the deadline.,Emerging
34878,273782,48,0,87,FFF,2013J,CMA,236.0,0.0,-188.0,Early,8,1,7,4,0.14,0,0.0,0.0,0,0.0,22.0,0,0,No strong procrastination pattern detected.,Normal
34879,273782,48,0,97,FFF,2013J,CMA,236.0,0.0,-188.0,Early,8,1,7,4,0.14,0,0.0,0.0,0,0.0,7.0,0,0,No strong procrastination pattern detected.,Normal
34880,273782,87,0,92,FFF,2013J,CMA,236.0,0.0,-149.0,Early,8,1,7,4,0.14,0,0.0,0.0,0,0.0,0.0,0,0,No strong procrastination pattern detected.,Normal
34881,273782,129,0,90,FFF,2013J,CMA,236.0,0.0,-107.0,Early,8,1,7,4,0.14,0,0.0,0.0,0,0.0,0.0,0,0,No strong procrastination pattern detected.,Normal
34882,273782,171,0,81,FFF,2013J,CMA,236.0,0.0,-65.0,Early,8,1,7,4,0.14,0,0.0,0.0,0,0.0,0.0,0,0,No strong procrastination pattern detected.,Normal
34884,273782,209,0,87,FFF,2013J,CMA,236.0,0.0,-27.0,Early,8,1,7,4,0.14,0,0.0,0.0,0,0.0,0.0,0,0,No strong procrastination pattern detected.,Normal
34883,273782,227,0,95,FFF,2013J,CMA,236.0,0.0,-9.0,Early,8,1,7,4,0.14,0,0.0,0.0,0,0.0,0.0,0,0,No strong procrastination pattern detected.,Normal
34873,274443,17,0,88,FFF,2013J,TMA,19.0,12.5,-2.0,Near Deadline,127,14,113,3,0.2,0,0.35,21.0,0,,,0,0,Pattern detected because the task was completed close to the deadline.,Normal
34874,274443,52,0,88,FFF,2013J,TMA,47.0,12.5,5.0,Late,29,10,19,4,0.69,0,1.0,60.0,1,1.0,40.5,0,0,Pattern detected because the task was submitted after the deadline.,Normal
34875,274443,101,0,81,FFF,2013J,TMA,96.0,25.0,5.0,Late,50,45,5,2,7.5,1,1.0,100.0,1,2.0,60.3,1,1,"Pattern detected because the task was submitted after the deadline, and academic activity increased sharply just before the deadline, and similar behaviour appeared in at least 2 of the last 3 tasks.",Emerging
34876,274443,138,0,81,FFF,2013J,TMA,131.0,25.0,7.0,Late,17,12,5,4,2.0,1,1.0,100.0,1,3.0,86.7,1,0,"Pattern detected because the task was submitted after the deadline, and academic activity increased sharply just before the deadline, and similar behaviour appeared in at least 2 of the last 3 tasks.",High
34878,274443,123,0,77,FFF,2013J,CMA,236.0,0.0,-113.0,Early,0,0,0,0,0.0,0,0.0,0.0,0,2.0,66.7,1,0,Pattern detected because similar behaviour appeared in at least 2 of the last 3 tasks.,Emerging
34873,276388,7,0,86,FFF,2013J,TMA,19.0,12.5,-12.0,Early,14,14,0,1,4.67,1,0.0,40.0,0,,,0,0,Pattern detected because academic activity increased sharply just before the deadline.,Normal
34874,276388,45,0,44,FFF,2013J,TMA,47.0,12.5,-2.0,Near Deadline,131,128,3,4,26.67,1,0.35,61.0,1,1.0,50.5,0,0,"Pattern detected because the task was completed close to the deadline, and academic activity increased sharply just before the deadline.",Emerging
34875,276388,95,0,79,FFF,2013J,TMA,96.0,25.0,-1.0,Last Minute,240,161,79,7,3.19,1,0.75,85.0,1,2.0,62.0,1,1,"Pattern detected because the task was submitted at the last minute, and academic activity increased sharply just before the deadline, and similar behaviour appeared in at least 2 of the last 3 tasks.",Emerging
34876,276388,130,0,43,FFF,2013J,TMA,131.0,25.0,-1.0,Last Minute,159,154,5,5,25.67,1,0.75,85.0,1,3.0,77.0,1,0,"Pattern detected because the task was submitted at the last minute, and academic activity increased sharply just before the deadline, and similar behaviour appeared in at least 2 of the last 3 tasks.",High
34877,276388,168,0,44,FFF,2013J,TMA,173.0,25.0,-5.0,Early,22,0,22,1,0.0,0,0.0,0.0,0,2.0,56.7,1,0,Pattern detected because similar behaviour appeared in at least 2 of the last 3 tasks.,Emerging
34878,276388,89,0,76,FFF,2013J,CMA,236.0,0.0,-147.0,Early,75,35,40,3,1.3,0,0.0,0.0,0,1.0,28.3,0,0,No strong procrastination pattern detected.,Normal
34879,276388,132,0,83,FFF,2013J,CMA,236.0,0.0,-104.0,Early,75,35,40,3,1.3,0,0.0,0.0,0,0.0,0.0,0,0,No strong procrastination pattern detected.,Normal
34880,276388,150,0,67,FFF,2013J,CMA,236.0,0.0,-86.0,Early,75,35,40,3,1.3,0,0.0,0.0,0,0.0,0.0,0,0,No strong procrastination pattern detected.,Normal
34881,276388,150,0,70,FFF,2013J,CMA,236.0,0.0,-86.0,Early,75,35,40,3,1.3,0,0.0,0.0,0,0.0,0.0,0,0,No strong procrastination pattern detected.,Normal
34882,276388,150,0,59,FFF,2013J,CMA,236.0,0.0,-86.0,Early,75,35,40,3,1.3,0,0.0,0.0,0,0.0,0.0,0,0,No strong procrastination pattern detected.,Normal
34883,276388,208,0,69,FFF,2013J,CMA,236.0,0.0,-28.0,Early,75,35,40,3,1.3,0,0.0,0.0,0,0.0,0.0,0,0,No strong procrastination pattern detected.,Normal
34884,276388,208,0,71,FFF,2013J,CMA,236.0,0.0,-28.0,Early,75,35,40,3,1.3,0,0.0,0.0,0,0.0,0.0,0,0,No strong procrastination pattern detected.,Normal
34873,276808,19,0,78,FFF,2013J,TMA,19.0,12.5,0.0,Last Minute,84,27,57,5,0.73,0,0.75,45.0,0,,,0,0,Pattern detected because the task was submitted at the last minute.,Normal
34874,276808,47,0,88,FFF,2013J,TMA,47.0,12.5,0.0,Last Minute,313,140,173,7,1.31,0,0.75,45.0,0,0.0,45.0,0,0,Pattern detected because the task was submitted at the last minute.,Emerging
34875,276808,96,0,89,FFF,2013J,TMA,96.0,25.0,0.0,Last Minute,97,64,33,5,2.81,1,0.75,85.0,1,1.0,58.3,0,0,"Pattern detected because the task was submitted at the last minute, and academic activity increased sharply just before the deadline.",Emerging
34876,276808,131,0,84,FFF,2013J,TMA,131.0,25.0,0.0,Last Minute,212,174,38,7,6.74,1,0.75,85.0,1,2.0,71.7,1,1,"Pattern detected because the task was submitted at the last minute, and academic activity increased sharply just before the deadline, and similar behaviour appeared in at least 2 of the last 3 tasks.",Emerging
34877,276808,173,0,77,FFF,2013J,TMA,173.0,25.0,0.0,Last Minute,104,76,28,5,3.84,1,0.75,85.0,1,3.0,85.0,1,0,"Pattern detected because the task was submitted at the last minute, and academic activity increased sharply just before the deadline, and similar behaviour appeared in at least 2 of the last 3 tasks.",High
34878,276808,199,0,96,FFF,2013J,CMA,236.0,0.0,-37.0,Early,193,139,54,4,3.93,1,0.0,40.0,0,2.0,70.0,1,0,"Pattern detected because academic activity increased sharply just before the deadline, and similar behaviour appeared in at least 2 of the last 3 tasks.",Emerging
34879,276808,199,0,98,FFF,2013J,CMA,236.0,0.0,-37.0,Early,193,139,54,4,3.93,1,0.0,40.0,0,1.0,55.0,0,0,Pattern detected because academic activity increased sharply just before the deadline.,Emerging
34880,276808,200,0,92,FFF,2013J,CMA,236.0,0.0,-36.0,Early,193,139,54,4,3.93,1,0.0,40.0,0,0.0,40.0,0,0,Pattern detected because academic activity increased sharply just before the deadline.,Normal
34881,276808,207,0,94,FFF,2013J,CMA,236.0,0.0,-29.0,Early,193,139,54,4,3.93,1,0.0,40.0,0,0.0,40.0,0,0,Pattern detected because academic activity increased sharply just before the deadline.,Normal
34882,276808,207,0,100,FFF,2013J,CMA,236.0,0.0,-29.0,Early,193,139,54,4,3.93,1,0.0,40.0,0,0.0,40.0,0,0,Pattern detected because academic activity increased sharply just before the deadline.,Normal
34884,276808,208,0,95,FFF,2013J,CMA,236.0,0.0,-28.0,Early,193,139,54,4,3.93,1,0.0,40.0,0,0.0,40.0,0,0,Pattern detected because academic activity increased sharply just before the deadline.,Normal
34883,276808,209,0,93,FFF,2013J,CMA,236.0,0.0,-27.0,Early,193,139,54,4,3.93,1,0.0,40.0,0,0.0,40.0,0,0,Pattern detected because academic activity increased sharply just before the deadline.,Normal
34873,278955,19,0,90,FFF,2013J,TMA,19.0,12.5,0.0,Last Minute,71,54,17,4,4.09,1,0.75,85.0,1,,,0,0,"Pattern detected because the task was submitted at the last minute, and academic activity increased sharply just before the deadline.",Normal
34874,278955,47,0,76,FFF,2013J,TMA,47.0,12.5,0.0,Last Minute,68,68,0,2,22.67,1,0.75,85.0,1,2.0,85.0,1,1,"Pattern detected because the task was submitted at the last minute, and academic activity increased sharply just before the deadline, and similar behaviour appeared in at least 2 of the last 3 tasks.",High
34875,278955,96,0,88,FFF,2013J,TMA,96.0,25.0,0.0,Last Minute,21,21,0,2,7.0,1,0.75,85.0,1,3.0,85.0,1,0,"Pattern detected because the task was submitted at the last minute, and academic activity increased sharply just before the deadline, and similar behaviour appeared in at least 2 of the last 3 tasks.",High
34876,278955,131,0,78,FFF,2013J,TMA,131.0,25.0,0.0,Last Minute,83,44,39,5,1.67,1,0.75,85.0,1,3.0,85.0,1,0,"Pattern detected because the task was submitted at the last minute, and academic activity increased sharply just before the deadline, and similar behaviour appeared in at least 2 of the last 3 tasks.",High
34877,278955,173,0,86,FFF,2013J,TMA,173.0,25.0,0.0,Last Minute,32,22,10,4,2.44,1,0.75,85.0,1,3.0,85.0,1,0,"Pattern detected because the task was submitted at the last minute, and academic activity increased sharply just before the deadline, and similar behaviour appeared in at least 2 of the last 3 tasks.",High
34878,278955,68,0,82,FFF,2013J,CMA,236.0,0.0,-168.0,Early,1034,839,195,5,6.99,1,0.0,40.0,0,2.0,70.0,1,0,"Pattern detected because academic activity increased sharply just before the deadline, and similar behaviour appeared in at least 2 of the last 3 tasks.",Emerging
34879,278955,235,0,89,FFF,2013J,CMA,236.0,0.0,-1.0,Last Minute,1034,839,195,5,6.99,1,0.75,85.0,1,2.0,70.0,1,0,"Pattern detected because the task was submitted at the last minute, and academic activity increased sharply just before the deadline, and similar behaviour appeared in at least 2 of the last 3 tasks.",Emerging
34880,278955,235,0,76,FFF,2013J,CMA,236.0,0.0,-1.0,Last Minute,1034,839,195,5,6.99,1,0.75,85.0,1,2.0,70.0,1,0,"Pattern detected because the task was submitted at the last minute, and academic activity increased sharply just before the deadline, and similar behaviour appeared in at least 2 of the last 3 tasks.",Emerging
34881,278955,235,0,76,FFF,2013J,CMA,236.0,0.0,-1.0,Last Minute,1034,839,195,5,6.99,1,0.75,85.0,1,3.0,85.0,1,0,"Pattern detected because the task was submitted at the last minute, and academic activity increased sharply just before the deadline, and similar behaviour appeared in at least 2 of the last 3 tasks.",High
34882,278955,235,0,76,FFF,2013J,CMA,236.0,0.0,-1.0,Last Minute,1034,839,195,5,6.99,1,0.75,85.0,1,3.0,85.0,1,0,"Pattern detected because the task was submitted at the last minute, and academic activity increased sharply just before the deadline, and similar behaviour appeared in at least 2 of the last 3 tasks.",High
34884,278955,236,0,75,FFF,2013J,CMA,236.0,0.0,0.0,Last Minute,1034,839,195,5,6.99,1,0.75,85.0,1,3.0,85.0,1,0,"Pattern detected because the task was submitted at the last minute, and academic activity increased sharply just before the deadline, and similar behaviour appeared in at least 2 of the last 3 tasks.",High
34883,278955,237,0,72,FFF,2013J,CMA,236.0,0.0,1.0,Late,1034,839,195,5,6.99,1,1.0,100.0,1,3.0,90.0,1,0,"Pattern detected because the task was submitted after the deadline, and academic activity increased sharply just before the deadline, and similar behaviour appeared in at least 2 of the last 3 tasks.",High
34873,279085,18,0,66,FFF,2013J,TMA,19.0,12.5,-1.0,Last Minute,130,120,10,4,13.33,1,0.75,85.0,1,,,0,0,"Pattern detected because the task was submitted at the last minute, and academic activity increased sharply just before the deadline.",Normal
34874,279085,46,0,84,FFF,2013J,TMA,47.0,12.5,-1.0,Last Minute,195,113,82,7,2.16,1,0.75,85.0,1,2.0,85.0,1,1,"Pattern detected because the task was submitted at the last minute, and academic activity increased sharply just before the deadline, and similar behaviour appeared in at least 2 of the last 3 tasks.",High
34875,279085,95,0,81,FFF,2013J,TMA,96.0,25.0,-1.0,Last Minute,134,33,101,7,0.52,0,0.75,45.0,0,2.0,71.7,1,0,"Pattern detected because the task was submitted at the last minute, and similar behaviour appeared in at least 2 of the last 3 tasks.",Emerging
34876,279085,131,0,71,FFF,2013J,TMA,131.0,25.0,0.0,Last Minute,239,99,140,7,1.14,0,0.75,45.0,0,1.0,58.3,0,0,Pattern detected because the task was submitted at the last minute.,Emerging
34877,279085,169,0,73,FFF,2013J,TMA,173.0,25.0,-4.0,Early,212,12,200,7,0.1,0,0.0,0.0,0,0.0,30.0,0,0,No strong procrastination pattern detected.,Normal
34878,279085,87,0,89,FFF,2013J,CMA,236.0,0.0,-149.0,Early,269,155,114,6,2.17,1,0.0,40.0,0,0.0,28.3,0,0,Pattern detected because academic activity increased sharply just before the deadline.,Normal
34879,279085,108,0,92,FFF,2013J,CMA,236.0,0.0,-128.0,Early,269,155,114,6,2.17,1,0.0,40.0,0,0.0,26.7,0,0,Pattern detected because academic activity increased sharply just before the deadline.,Normal
34880,279085,119,0,85,FFF,2013J,CMA,236.0,0.0,-117.0,Early,269,155,114,6,2.17,1,0.0,40.0,0,0.0,40.0,0,0,Pattern detected because academic activity increased sharply just before the deadline.,Normal
34881,279085,136,0,87,FFF,2013J,CMA,236.0,0.0,-100.0,Early,269,155,114,6,2.17,1,0.0,40.0,0,0.0,40.0,0,0,Pattern detected because academic activity increased sharply just before the deadline.,Normal
34882,279085,171,0,85,FFF,2013J,CMA,236.0,0.0,-65.0,Early,269,155,114,6,2.17,1,0.0,40.0,0,0.0,40.0,0,0,Pattern detected because academic activity increased sharply just before the deadline.,Normal
34884,279085,223,0,93,FFF,2013J,CMA,236.0,0.0,-13.0,Early,269,155,114,6,2.17,1,0.0,40.0,0,0.0,40.0,0,0,Pattern detected because academic activity increased sharply just before the deadline.,Normal
34883,279085,227,0,88,FFF,2013J,CMA,236.0,0.0,-9.0,Early,269,155,114,6,2.17,1,0.0,40.0,0,0.0,40.0,0,0,Pattern detected because academic activity increased sharply just before the deadline.,Normal
34873,279750,18,0,86,FFF,2013J,TMA,19.0,12.5,-1.0,Last Minute,213,87,126,8,1.11,0,0.75,45.0,0,,,0,0,Pattern detected because the task was submitted at the last minute.,Normal
34874,279750,46,0,90,FFF,2013J,TMA,47.0,12.5,-1.0,Last Minute,117,63,54,8,1.78,1,0.75,85.0,1,1.0,65.0,0,0,"Pattern detected because the task was submitted at the last minute, and academic activity increased sharply just before the deadline.",Emerging
34875,279750,96,0,80,FFF,2013J,TMA,96.0,25.0,0.0,Last Minute,316,75,241,6,0.51,0,0.75,45.0,0,1.0,58.3,0,0,Pattern detected because the task was submitted at the last minute.,Emerging
34876,279750,129,0,87,FFF,2013J,TMA,131.0,25.0,-2.0,Near Deadline,247,100,147,8,1.1,0,0.35,21.0,0,1.0,50.3,0,0,Pattern detected because the task was completed close to the deadline.,Emerging
34877,279750,172,0,92,FFF,2013J,TMA,173.0,25.0,-1.0,Last Minute,240,43,197,8,0.35,0,0.75,45.0,0,0.0,37.0,0,0,Pattern detected because the task was submitted at the last minute.,Normal
34878,279750,124,0,91,FFF,2013J,CMA,236.0,0.0,-112.0,Early,338,3,335,7,0.01,0,0.0,0.0,0,0.0,22.0,0,0,No strong procrastination pattern detected.,Normal
34879,279750,124,0,97,FFF,2013J,CMA,236.0,0.0,-112.0,Early,338,3,335,7,0.01,0,0.0,0.0,0,0.0,15.0,0,0,No strong procrastination pattern detected.,Normal
34880,279750,179,0,90,FFF,2013J,CMA,236.0,0.0,-57.0,Early,338,3,335,7,0.01,0,0.0,0.0,0,0.0,0.0,0,0,No strong procrastination pattern detected.,Normal
34881,279750,179,0,96,FFF,2013J,CMA,236.0,0.0,-57.0,Early,338,3,335,7,0.01,0,0.0,0.0,0,0.0,0.0,0,0,No strong procrastination pattern detected.,Normal
34882,279750,214,0,93,FFF,2013J,CMA,236.0,0.0,-22.0,Early,338,3,335,7,0.01,0,0.0,0.0,0,0.0,0.0,0,0,No strong procrastination pattern detected.,Normal
34883,279750,214,0,92,FFF,2013J,CMA,236.0,0.0,-22.0,Early,338,3,335,7,0.01,0,0.0,0.0,0,0.0,0.0,0,0,No strong procrastination pattern detected.,Normal
34884,279750,214,0,99,FFF,2013J,CMA,236.0,0.0,-22.0,Early,338,3,335,7,0.01,0,0.0,0.0,0,0.0,0.0,0,0,No strong procrastination pattern detected.,Normal
34873,281638,18,0,88,FFF,2013J,TMA,19.0,12.5,-1.0,Last Minute,145,39,106,8,0.59,0,0.75,45.0,0,,,0,0,Pattern detected because the task was submitted at the last minute.,Normal
34874,281638,47,0,82,FFF,2013J,TMA,47.0,12.5,0.0,Last Minute,83,78,5,3,13.0,1,0.75,85.0,1,1.0,65.0,0,0,"Pattern detected because the task was submitted at the last minute, and academic activity increased sharply just before the deadline.",Emerging
34875,281638,96,0,77,FFF,2013J,TMA,96.0,25.0,0.0,Last Minute,146,24,122,6,0.31,0,0.75,45.0,0,1.0,58.3,0,0,Pattern detected because the task was submitted at the last minute.,Emerging
34876,281638,132,0,78,FFF,2013J,TMA,131.0,25.0,1.0,Late,73,22,51,6,0.65,0,1.0,60.0,1,2.0,63.3,1,1,"Pattern detected because the task was submitted after the deadline, and similar behaviour appeared in at least 2 of the last 3 tasks.",Emerging
34877,281638,173,0,85,FFF,2013J,TMA,173.0,25.0,0.0,Last Minute,145,85,60,6,2.18,1,0.75,85.0,1,2.0,63.3,1,0,"Pattern detected because the task was submitted at the last minute, and academic activity increased sharply just before the deadline, and similar behaviour appeared in at least 2 of the last 3 tasks.",Emerging
34878,281638,70,0,92,FFF,2013J,CMA,236.0,0.0,-166.0,Early,165,105,60,6,2.69,1,0.0,40.0,0,2.0,61.7,1,0,"Pattern detected because academic activity increased sharply just before the deadline, and similar behaviour appeared in at least 2 of the last 3 tasks.",Emerging
34882,281638,179,0,90,FFF,2013J,CMA,236.0,0.0,-57.0,Early,165,105,60,6,2.69,1,0.0,40.0,0,1.0,55.0,0,0,Pattern detected because academic activity increased sharply just before the deadline.,Emerging
34881,281638,180,0,84,FFF,2013J,CMA,236.0,0.0,-56.0,Early,165,105,60,6,2.69,1,0.0,40.0,0,0.0,40.0,0,0,Pattern detected because academic activity increased sharply just before the deadline.,Normal
34879,281638,181,0,90,FFF,2013J,CMA,236.0,0.0,-55.0,Early,165,105,60,6,2.69,1,0.0,40.0,0,0.0,40.0,0,0,Pattern detected because academic activity increased sharply just before the deadline.,Normal
34880,281638,181,0,84,FFF,2013J,CMA,236.0,0.0,-55.0,Early,165,105,60,6,2.69,1,0.0,40.0,0,0.0,40.0,0,0,Pattern detected because academic activity increased sharply just before the deadline.,Normal
34883,281638,181,0,85,FFF,2013J,CMA,236.0,0.0,-55.0,Early,165,105,60,6,2.69,1,0.0,40.0,0,0.0,40.0,0,0,Pattern detected because academic activity increased sharply just before the deadline.,Normal
34884,281638,235,0,70,FFF,2013J,CMA,236.0,0.0,-1.0,Last Minute,165,105,60,6,2.69,1,0.75,85.0,1,1.0,55.0,0,0,"Pattern detected because the task was submitted at the last minute, and academic activity increased sharply just before the deadline.",Emerging
34873,282975,19,0,70,FFF,2013J,TMA,19.0,12.5,0.0,Last Minute,164,41,123,7,0.53,0,0.75,45.0,0,,,0,0,Pattern detected because the task was submitted at the last minute.,Normal
34874,282975,47,0,68,FFF,2013J,TMA,47.0,12.5,0.0,Last Minute,149,56,93,3,0.95,0,0.75,45.0,0,0.0,45.0,0,0,Pattern detected because the task was submitted at the last minute.,Emerging
34875,282975,110,0,74,FFF,2013J,TMA,96.0,25.0,14.0,Late,117,6,111,6,0.09,0,1.0,60.0,1,1.0,50.0,0,0,Pattern detected because the task was submitted after the deadline.,Emerging
34876,282975,131,0,76,FFF,2013J,TMA,131.0,25.0,0.0,Last Minute,215,83,132,5,1.01,0,0.75,45.0,0,1.0,50.0,0,0,Pattern detected because the task was submitted at the last minute.,Emerging
34877,282975,173,0,88,FFF,2013J,TMA,173.0,25.0,0.0,Last Minute,115,19,96,7,0.31,0,0.75,45.0,0,1.0,50.0,0,0,Pattern detected because the task was submitted at the last minute.,Emerging
34878,282975,31,0,87,FFF,2013J,CMA,236.0,0.0,-205.0,Early,255,70,185,8,0.61,0,0.0,0.0,0,0.0,30.0,0,0,No strong procrastination pattern detected.,Normal
34879,282975,31,0,94,FFF,2013J,CMA,236.0,0.0,-205.0,Early,255,70,185,8,0.61,0,0.0,0.0,0,0.0,15.0,0,0,No strong procrastination pattern detected.,Normal
34880,282975,109,0,96,FFF,2013J,CMA,236.0,0.0,-127.0,Early,255,70,185,8,0.61,0,0.0,0.0,0,0.0,0.0,0,0,No strong procrastination pattern detected.,Normal
34881,282975,150,0,88,FFF,2013J,CMA,236.0,0.0,-86.0,Early,255,70,185,8,0.61,0,0.0,0.0,0,0.0,0.0,0,0,No strong procrastination pattern detected.,Normal
34882,282975,214,0,95,FFF,2013J,CMA,236.0,0.0,-22.0,Early,255,70,185,8,0.61,0,0.0,0.0,0,0.0,0.0,0,0,No strong procrastination pattern detected.,Normal
34883,282975,228,0,83,FFF,2013J,CMA,236.0,0.0,-8.0,Early,255,70,185,8,0.61,0,0.0,0.0,0,0.0,0.0,0,0,No strong procrastination pattern detected.,Normal
34884,282975,234,0,89,FFF,2013J,CMA,236.0,0.0,-2.0,Near Deadline,255,70,185,8,0.61,0,0.35,21.0,0,0.0,7.0,0,0,Pattern detected because the task was completed close to the deadline.,Normal
34873,283953,16,0,90,FFF,2013J,TMA,19.0,12.5,-3.0,Near Deadline,151,12,139,5,0.14,0,0.35,21.0,0,,,0,0,Pattern detected because the task was completed close to the deadline.,Normal
34874,283953,46,0,88,FFF,2013J,TMA,47.0,12.5,-1.0,Last Minute,142,108,34,4,4.62,1,0.75,85.0,1,1.0,53.0,0,0,"Pattern detected because the task was submitted at the last minute, and academic activity increased sharply just before the deadline.",Emerging
34875,283953,91,0,85,FFF,2013J,TMA,96.0,25.0,-5.0,Early,151,63,88,6,1.13,0,0.0,0.0,0,1.0,35.3,0,0,No strong procrastination pattern detected.,Normal
34876,283953,128,0,94,FFF,2013J,TMA,131.0,25.0,-3.0,Near Deadline,158,4,154,4,0.04,0,0.35,21.0,0,1.0,35.3,0,0,Pattern detected because the task was completed close to the deadline.,Normal
34877,283953,168,0,88,FFF,2013J,TMA,173.0,25.0,-5.0,Early,265,201,64,5,4.86,1,0.0,40.0,0,0.0,20.3,0,0,Pattern detected because academic activity increased sharply just before the deadline.,Normal
34878,283953,175,0,90,FFF,2013J,CMA,236.0,0.0,-61.0,Early,124,1,123,3,0.01,0,0.0,0.0,0,0.0,20.3,0,0,No strong procrastination pattern detected.,Normal
34879,283953,179,0,86,FFF,2013J,CMA,236.0,0.0,-57.0,Early,124,1,123,3,0.01,0,0.0,0.0,0,0.0,13.3,0,0,No strong procrastination pattern detected.,Normal
34881,283953,186,0,81,FFF,2013J,CMA,236.0,0.0,-50.0,Early,124,1,123,3,0.01,0,0.0,0.0,0,0.0,0.0,0,0,No strong procrastination pattern detected.,Normal
34880,283953,192,0,84,FFF,2013J,CMA,236.0,0.0,-44.0,Early,124,1,123,3,0.01,0,0.0,0.0,0,0.0,0.0,0,0,No strong procrastination pattern detected.,Normal
34882,283953,206,0,92,FFF,2013J,CMA,236.0,0.0,-30.0,Early,124,1,123,3,0.01,0,0.0,0.0,0,0.0,0.0,0,0,No strong procrastination pattern detected.,Normal
34883,283953,206,0,88,FFF,2013J,CMA,236.0,0.0,-30.0,Early,124,1,123,3,0.01,0,0.0,0.0,0,0.0,0.0,0,0,No strong procrastination pattern detected.,Normal
34884,283953,206,0,88,FFF,2013J,CMA,236.0,0.0,-30.0,Early,124,1,123,3,0.01,0,0.0,0.0,0,0.0,0.0,0,0,No strong procrastination pattern detected.,Normal
34873,284036,15,0,90,FFF,2013J,TMA,19.0,12.5,-4.0,Early,825,154,671,8,0.38,0,0.0,0.0,0,,,0,0,No strong procrastination pattern detected.,Normal
34874,284036,46,0,84,FFF,2013J,TMA,47.0,12.5,-1.0,Last Minute,294,65,229,7,0.46,0,0.75,45.0,0,0.0,22.5,0,0,Pattern detected because the task was submitted at the last minute.,Normal
34878,284036,17,0,99,FFF,2013J,CMA,236.0,0.0,-219.0,Early,0,0,0,0,0.0,0,0.0,0.0,0,0.0,15.0,0,0,No strong procrastination pattern detected.,Normal
34879,284036,24,0,98,FFF,2013J,CMA,236.0,0.0,-212.0,Early,0,0,0,0,0.0,0,0.0,0.0,0,0.0,15.0,0,0,No strong procrastination pattern detected.,Normal
34873,284395,19,0,68,FFF,2013J,TMA,19.0,12.5,0.0,Last Minute,165,42,123,4,0.55,0,0.75,45.0,0,,,0,0,Pattern detected because the task was submitted at the last minute.,Normal
34874,284395,47,0,44,FFF,2013J,TMA,47.0,12.5,0.0,Last Minute,250,56,194,8,0.47,0,0.75,45.0,0,0.0,45.0,0,0,Pattern detected because the task was submitted at the last minute.,Emerging
34875,284395,95,0,77,FFF,2013J,TMA,96.0,25.0,-1.0,Last Minute,55,41,14,7,3.6,1,0.75,85.0,1,1.0,58.3,0,0,"Pattern detected because the task was submitted at the last minute, and academic activity increased sharply just before the deadline.",Emerging
34876,284395,130,0,73,FFF,2013J,TMA,131.0,25.0,-1.0,Last Minute,33,8,25,3,0.44,0,0.75,45.0,0,1.0,58.3,0,0,Pattern detected because the task was submitted at the last minute.,Emerging
34877,284395,172,0,91,FFF,2013J,TMA,173.0,25.0,-1.0,Last Minute,118,84,34,6,3.59,1,0.75,85.0,1,2.0,71.7,1,1,"Pattern detected because the task was submitted at the last minute, and academic activity increased sharply just before the deadline, and similar behaviour appeared in at least 2 of the last 3 tasks.",Emerging
34878,284395,186,0,74,FFF,2013J,CMA,236.0,0.0,-50.0,Early,214,37,177,5,0.34,0,0.0,0.0,0,1.0,43.3,0,0,No strong procrastination pattern detected.,Normal
34879,284395,186,0,81,FFF,2013J,CMA,236.0,0.0,-50.0,Early,214,37,177,5,0.34,0,0.0,0.0,0,1.0,28.3,0,0,No strong procrastination pattern detected.,Normal
34880,284395,186,0,66,FFF,2013J,CMA,236.0,0.0,-50.0,Early,214,37,177,5,0.34,0,0.0,0.0,0,0.0,0.0,0,0,No strong procrastination pattern detected.,Normal
34881,284395,186,0,71,FFF,2013J,CMA,236.0,0.0,-50.0,Early,214,37,177,5,0.34,0,0.0,0.0,0,0.0,0.0,0,0,No strong procrastination pattern detected.,Normal
34882,284395,228,0,71,FFF,2013J,CMA,236.0,0.0,-8.0,Early,214,37,177,5,0.34,0,0.0,0.0,0,0.0,0.0,0,0,No strong procrastination pattern detected.,Normal
34884,284395,228,0,72,FFF,2013J,CMA,236.0,0.0,-8.0,Early,214,37,177,5,0.34,0,0.0,0.0,0,0.0,0.0,0,0,No strong procrastination pattern detected.,Normal
34883,284395,237,0,71,FFF,2013J,CMA,236.0,0.0,1.0,Late,214,37,177,5,0.34,0,1.0,60.0,1,1.0,20.0,0,0,Pattern detected because the task was submitted after the deadline.,Normal
34873,289221,24,0,54,FFF,2013J,TMA,19.0,12.5,5.0,Late,348,179,169,7,1.71,1,1.0,100.0,1,,,0,0,"Pattern detected because the task was submitted after the deadline, and academic activity increased sharply just before the deadline.",Normal
34874,289221,53,0,78,FFF,2013J,TMA,47.0,12.5,6.0,Late,174,55,119,7,0.74,0,1.0,60.0,1,2.0,80.0,1,1,"Pattern detected because the task was submitted after the deadline, and similar behaviour appeared in at least 2 of the last 3 tasks.",High
34875,289221,110,0,28,FFF,2013J,TMA,96.0,25.0,14.0,Late,178,57,121,8,0.75,0,1.0,60.0,1,3.0,73.3,1,0,"Pattern detected because the task was submitted after the deadline, and similar behaviour appeared in at least 2 of the last 3 tasks.",Emerging
34876,289221,131,0,41,FFF,2013J,TMA,131.0,25.0,0.0,Last Minute,179,59,120,8,0.79,0,0.75,45.0,0,2.0,55.0,1,0,"Pattern detected because the task was submitted at the last minute, and similar behaviour appeared in at least 2 of the last 3 tasks.",Emerging
34877,289221,172,0,62,FFF,2013J,TMA,173.0,25.0,-1.0,Last Minute,91,37,54,8,1.05,0,0.75,45.0,0,1.0,50.0,0,0,Pattern detected because the task was submitted at the last minute.,Emerging
34878,289221,41,0,72,FFF,2013J,CMA,236.0,0.0,-195.0,Early,260,24,236,5,0.17,0,0.0,0.0,0,0.0,30.0,0,0,No strong procrastination pattern detected.,Normal
34879,289221,46,0,67,FFF,2013J,CMA,236.0,0.0,-190.0,Early,260,24,236,5,0.17,0,0.0,0.0,0,0.0,15.0,0,0,No strong procrastination pattern detected.,Normal
34880,289221,123,0,66,FFF,2013J,CMA,236.0,0.0,-113.0,Early,260,24,236,5,0.17,0,0.0,0.0,0,0.0,0.0,0,0,No strong procrastination pattern detected.,Normal
34881,289221,123,0,72,FFF,2013J,CMA,236.0,0.0,-113.0,Early,260,24,236,5,0.17,0,0.0,0.0,0,0.0,0.0,0,0,No strong procrastination pattern detected.,Normal
34882,289221,165,0,72,FFF,2013J,CMA,236.0,0.0,-71.0,Early,260,24,236,5,0.17,0,0.0,0.0,0,0.0,0.0,0,0,No strong procrastination pattern detected.,Normal
34884,289221,214,0,73,FFF,2013J,CMA,236.0,0.0,-22.0,Early,260,24,236,5,0.17,0,0.0,0.0,0,0.0,0.0,0,0,No strong procrastination pattern detected.,Normal
34883,289221,234,0,44,FFF,2013J,CMA,236.0,0.0,-2.0,Near Deadline,260,24,236,5,0.17,0,0.35,21.0,0,0.0,7.0,0,0,Pattern detected because the task was completed close to the deadline.,Normal
34873,289304,18,0,72,FFF,2013J,TMA,19.0,12.5,-1.0,Last Minute,132,114,18,4,8.26,1,0.75,85.0,1,,,0,0,"Pattern detected because the task was submitted at the last minute, and academic activity increased sharply just before the deadline.",Normal
34874,289304,45,0,82,FFF,2013J,TMA,47.0,12.5,-2.0,Near Deadline,218,90,128,6,1.13,0,0.35,21.0,0,1.0,53.0,0,0,Pattern detected because the task was completed close to the deadline.,Emerging
34875,289304,96,0,41,FFF,2013J,TMA,96.0,25.0,0.0,Last Minute,64,33,31,4,1.53,1,0.75,85.0,1,2.0,63.7,1,1,"Pattern detected because the task was submitted at the last minute, and academic activity increased sharply just before the deadline, and similar behaviour appeared in at least 2 of the last 3 tasks.",Emerging
34876,289304,137,0,86,FFF,2013J,TMA,131.0,25.0,6.0,Late,48,8,40,5,0.3,0,1.0,60.0,1,2.0,55.3,1,0,"Pattern detected because the task was submitted after the deadline, and similar behaviour appeared in at least 2 of the last 3 tasks.",Emerging
34877,289304,180,0,72,FFF,2013J,TMA,173.0,25.0,7.0,Late,33,21,12,5,2.06,1,1.0,100.0,1,3.0,81.7,1,0,"Pattern detected because the task was submitted after the deadline, and academic activity increased sharply just before the deadline, and similar behaviour appeared in at least 2 of the last 3 tasks.",High
34878,289304,103,0,76,FFF,2013J,CMA,236.0,0.0,-133.0,Early,970,112,858,6,0.22,0,0.0,0.0,0,2.0,53.3,1,0,Pattern detected because similar behaviour appeared in at least 2 of the last 3 tasks.,Emerging
34879,289304,227,0,73,FFF,2013J,CMA,236.0,0.0,-9.0,Early,970,112,858,6,0.22,0,0.0,0.0,0,1.0,33.3,0,0,No strong procrastination pattern detected.,Normal
34880,289304,227,0,73,FFF,2013J,CMA,236.0,0.0,-9.0,Early,970,112,858,6,0.22,0,0.0,0.0,0,0.0,0.0,0,0,No strong procrastination pattern detected.,Normal
34884,289304,230,0,78,FFF,2013J,CMA,236.0,0.0,-6.0,Early,970,112,858,6,0.22,0,0.0,0.0,0,0.0,0.0,0,0,No strong procrastination pattern detected.,Normal
34881,289304,234,0,84,FFF,2013J,CMA,236.0,0.0,-2.0,Near Deadline,970,112,858,6,0.22,0,0.35,21.0,0,0.0,7.0,0,0,Pattern detected because the task was completed close to the deadline.,Normal
34882,289304,234,0,76,FFF,2013J,CMA,236.0,0.0,-2.0,Near Deadline,970,112,858,6,0.22,0,0.35,21.0,0,0.0,14.0,0,0,Pattern detected because the task was completed close to the deadline.,Normal
34883,289304,234,0,81,FFF,2013J,CMA,236.0,0.0,-2.0,Near Deadline,970,112,858,6,0.22,0,0.35,21.0,0,0.0,21.0,0,0,Pattern detected because the task was completed close to the deadline.,Normal
34873,290521,18,0,56,FFF,2013J,TMA,19.0,12.5,-1.0,Last Minute,125,112,13,4,10.37,1,0.75,85.0,1,,,0,0,"Pattern detected because the task was submitted at the last minute, and academic activity increased sharply just before the deadline.",Normal
34874,290521,46,0,52,FFF,2013J,TMA,47.0,12.5,-1.0,Last Minute,55,38,17,4,2.88,1,0.75,85.0,1,2.0,85.0,1,1,"Pattern detected because the task was submitted at the last minute, and academic activity increased sharply just before the deadline, and similar behaviour appeared in at least 2 of the last 3 tasks.",High
34875,290521,96,0,56,FFF,2013J,TMA,96.0,25.0,0.0,Last Minute,75,75,0,3,25.0,1,0.75,85.0,1,3.0,85.0,1,0,"Pattern detected because the task was submitted at the last minute, and academic activity increased sharply just before the deadline, and similar behaviour appeared in at least 2 of the last 3 tasks.",High
34876,290521,130,0,59,FFF,2013J,TMA,131.0,25.0,-1.0,Last Minute,275,113,162,6,1.13,0,0.75,45.0,0,2.0,71.7,1,0,"Pattern detected because the task was submitted at the last minute, and similar behaviour appeared in at least 2 of the last 3 tasks.",Emerging
34877,290521,172,0,53,FFF,2013J,TMA,173.0,25.0,-1.0,Last Minute,131,131,0,2,43.67,1,0.75,85.0,1,2.0,71.7,1,0,"Pattern detected because the task was submitted at the last minute, and academic activity increased sharply just before the deadline, and similar behaviour appeared in at least 2 of the last 3 tasks.",Emerging
34878,290521,104,0,89,FFF,2013J,CMA,236.0,0.0,-132.0,Early,303,77,226,4,0.56,0,0.0,0.0,0,1.0,43.3,0,0,No strong procrastination pattern detected.,Normal
34879,290521,104,0,95,FFF,2013J,CMA,236.0,0.0,-132.0,Early,303,77,226,4,0.56,0,0.0,0.0,0,1.0,28.3,0,0,No strong procrastination pattern detected.,Normal
34880,290521,230,0,86,FFF,2013J,CMA,236.0,0.0,-6.0,Early,303,77,226,4,0.56,0,0.0,0.0,0,0.0,0.0,0,0,No strong procrastination pattern detected.,Normal
34881,290521,230,0,85,FFF,2013J,CMA,236.0,0.0,-6.0,Early,303,77,226,4,0.56,0,0.0,0.0,0,0.0,0.0,0,0,No strong procrastination pattern detected.,Normal
34882,290521,230,0,86,FFF,2013J,CMA,236.0,0.0,-6.0,Early,303,77,226,4,0.56,0,0.0,0.0,0,0.0,0.0,0,0,No strong procrastination pattern detected.,Normal
34883,290521,234,0,82,FFF,2013J,CMA,236.0,0.0,-2.0,Near Deadline,303,77,226,4,0.56,0,0.35,21.0,0,0.0,7.0,0,0,Pattern detected because the task was completed close to the deadline.,Normal
34884,290521,234,0,85,FFF,2013J,CMA,236.0,0.0,-2.0,Near Deadline,303,77,226,4,0.56,0,0.35,21.0,0,0.0,14.0,0,0,Pattern detected because the task was completed close to the deadline.,Normal
34873,291237,17,0,82,FFF,2013J,TMA,19.0,12.5,-2.0,Near Deadline,211,104,107,8,1.55,1,0.35,61.0,1,,,0,0,"Pattern detected because the task was completed close to the deadline, and academic activity increased sharply just before the deadline.",Normal
34874,291237,47,0,90,FFF,2013J,TMA,47.0,12.5,0.0,Last Minute,122,29,93,6,0.49,0,0.75,45.0,0,1.0,53.0,0,0,Pattern detected because the task was submitted at the last minute.,Emerging
34875,291237,95,0,85,FFF,2013J,TMA,96.0,25.0,-1.0,Last Minute,50,23,27,7,1.2,0,0.75,45.0,0,1.0,50.3,0,0,Pattern detected because the task was submitted at the last minute.,Emerging
34876,291237,131,0,90,FFF,2013J,TMA,131.0,25.0,0.0,Last Minute,116,54,62,6,1.34,0,0.75,45.0,0,0.0,45.0,0,0,Pattern detected because the task was submitted at the last minute.,Emerging
34877,291237,171,0,88,FFF,2013J,TMA,173.0,25.0,-2.0,Near Deadline,51,4,47,4,0.13,0,0.35,21.0,0,0.0,37.0,0,0,Pattern detected because the task was completed close to the deadline.,Normal
34878,291237,192,0,100,FFF,2013J,CMA,236.0,0.0,-44.0,Early,6,2,4,3,0.37,0,0.0,0.0,0,0.0,22.0,0,0,No strong procrastination pattern detected.,Normal
34879,291237,192,0,99,FFF,2013J,CMA,236.0,0.0,-44.0,Early,6,2,4,3,0.37,0,0.0,0.0,0,0.0,7.0,0,0,No strong procrastination pattern detected.,Normal
34880,291237,217,0,95,FFF,2013J,CMA,236.0,0.0,-19.0,Early,6,2,4,3,0.37,0,0.0,0.0,0,0.0,0.0,0,0,No strong procrastination pattern detected.,Normal
34881,291237,220,0,95,FFF,2013J,CMA,236.0,0.0,-16.0,Early,6,2,4,3,0.37,0,0.0,0.0,0,0.0,0.0,0,0,No strong procrastination pattern detected.,Normal
34882,291237,222,0,100,FFF,2013J,CMA,236.0,0.0,-14.0,Early,6,2,4,3,0.37,0,0.0,0.0,0,0.0,0.0,0,0,No strong procrastination pattern detected.,Normal
34884,291237,223,0,90,FFF,2013J,CMA,236.0,0.0,-13.0,Early,6,2,4,3,0.37,0,0.0,0.0,0,0.0,0.0,0,0,No strong procrastination pattern detected.,Normal
34883,291237,229,0,92,FFF,2013J,CMA,236.0,0.0,-7.0,Early,6,2,4,3,0.37,0,0.0,0.0,0,0.0,0.0,0,0,No strong procrastination pattern detected.,Normal
34873,291516,18,0,92,FFF,2013J,TMA,19.0,12.5,-1.0,Last Minute,229,32,197,7,0.26,0,0.75,45.0,0,,,0,0,Pattern detected because the task was submitted at the last minute.,Normal
34875,291516,96,0,66,FFF,2013J,TMA,96.0,25.0,0.0,Last Minute,38,22,16,3,1.75,1,0.75,85.0,1,1.0,65.0,0,0,"Pattern detected because the task was submitted at the last minute, and academic activity increased sharply just before the deadline.",Emerging
34873,291745,19,0,94,FFF,2013J,TMA,19.0,12.5,0.0,Last Minute,839,310,529,8,0.97,0,0.75,45.0,0,,,0,0,Pattern detected because the task was submitted at the last minute.,Normal
34874,291745,46,0,92,FFF,2013J,TMA,47.0,12.5,-1.0,Last Minute,473,401,72,5,8.68,1,0.75,85.0,1,1.0,65.0,0,0,"Pattern detected because the task was submitted at the last minute, and academic activity increased sharply just before the deadline.",Emerging
34875,291745,96,0,83,FFF,2013J,TMA,96.0,25.0,0.0,Last Minute,377,240,137,6,2.82,1,0.75,85.0,1,2.0,71.7,1,1,"Pattern detected because the task was submitted at the last minute, and academic activity increased sharply just before the deadline, and similar behaviour appeared in at least 2 of the last 3 tasks.",Emerging
34876,291745,131,0,89,FFF,2013J,TMA,131.0,25.0,0.0,Last Minute,198,154,44,6,5.24,1,0.75,85.0,1,3.0,85.0,1,0,"Pattern detected because the task was submitted at the last minute, and academic activity increased sharply just before the deadline, and similar behaviour appeared in at least 2 of the last 3 tasks.",High
34877,291745,171,0,94,FFF,2013J,TMA,173.0,25.0,-2.0,Near Deadline,293,175,118,7,2.37,1,0.35,61.0,1,3.0,77.0,1,0,"Pattern detected because the task was completed close to the deadline, and academic activity increased sharply just before the deadline, and similar behaviour appeared in at least 2 of the last 3 tasks.",High
34878,291745,18,0,99,FFF,2013J,CMA,236.0,0.0,-218.0,Early,156,109,47,6,3.49,1,0.0,40.0,0,2.0,62.0,1,0,"Pattern detected because academic activity increased sharply just before the deadline, and similar behaviour appeared in at least 2 of the last 3 tasks.",Emerging
34879,291745,47,0,98,FFF,2013J,CMA,236.0,0.0,-189.0,Early,156,109,47,6,3.49,1,0.0,40.0,0,1.0,47.0,0,0,Pattern detected because academic activity increased sharply just before the deadline.,Emerging
34880,291745,97,0,90,FFF,2013J,CMA,236.0,0.0,-139.0,Early,156,109,47,6,3.49,1,0.0,40.0,0,0.0,40.0,0,0,Pattern detected because academic activity increased sharply just before the deadline.,Normal
34882,291745,165,0,93,FFF,2013J,CMA,236.0,0.0,-71.0,Early,156,109,47,6,3.49,1,0.0,40.0,0,0.0,40.0,0,0,Pattern detected because academic activity increased sharply just before the deadline.,Normal
34884,291745,187,0,91,FFF,2013J,CMA,236.0,0.0,-49.0,Early,156,109,47,6,3.49,1,0.0,40.0,0,0.0,40.0,0,0,Pattern detected because academic activity increased sharply just before the deadline.,Normal
34881,291745,207,0,93,FFF,2013J,CMA,236.0,0.0,-29.0,Early,156,109,47,6,3.49,1,0.0,40.0,0,0.0,40.0,0,0,Pattern detected because academic activity increased sharply just before the deadline.,Normal
34883,291745,236,0,96,FFF,2013J,CMA,236.0,0.0,0.0,Last Minute,156,109,47,6,3.49,1,0.75,85.0,1,1.0,55.0,0,0,"Pattern detected because the task was submitted at the last minute, and academic activity increased sharply just before the deadline.",Emerging
34873,293317,18,0,76,FFF,2013J,TMA,19.0,12.5,-1.0,Last Minute,489,158,331,6,0.78,0,0.75,45.0,0,,,0,0,Pattern detected because the task was submitted at the last minute.,Normal
34874,293317,51,0,94,FFF,2013J,TMA,47.0,12.5,4.0,Late,91,37,54,2,1.05,0,1.0,60.0,1,1.0,52.5,0,0,Pattern detected because the task was submitted after the deadline.,Emerging
34875,293317,99,0,37,FFF,2013J,TMA,96.0,25.0,3.0,Late,38,36,2,3,8.57,1,1.0,100.0,1,2.0,68.3,1,1,"Pattern detected because the task was submitted after the deadline, and academic activity increased sharply just before the deadline, and similar behaviour appeared in at least 2 of the last 3 tasks.",Emerging
34878,293317,74,0,81,FFF,2013J,CMA,236.0,0.0,-162.0,Early,0,0,0,0,0.0,0,0.0,0.0,0,2.0,53.3,1,0,Pattern detected because similar behaviour appeared in at least 2 of the last 3 tasks.,Emerging
34873,295255,19,0,74,FFF,2013J,TMA,19.0,12.5,0.0,Last Minute,309,203,106,7,3.05,1,0.75,85.0,1,,,0,0,"Pattern detected because the task was submitted at the last minute, and academic activity increased sharply just before the deadline.",Normal
34874,295255,47,0,72,FFF,2013J,TMA,47.0,12.5,0.0,Last Minute,193,153,40,6,5.67,1,0.75,85.0,1,2.0,85.0,1,1,"Pattern detected because the task was submitted at the last minute, and academic activity increased sharply just before the deadline, and similar behaviour appeared in at least 2 of the last 3 tasks.",High
34875,295255,100,0,43,FFF,2013J,TMA,96.0,25.0,4.0,Late,248,115,133,7,1.39,0,1.0,60.0,1,3.0,76.7,1,0,"Pattern detected because the task was submitted after the deadline, and similar behaviour appeared in at least 2 of the last 3 tasks.",High
34876,295255,131,0,40,FFF,2013J,TMA,131.0,25.0,0.0,Last Minute,339,87,252,7,0.56,0,0.75,45.0,0,2.0,63.3,1,0,"Pattern detected because the task was submitted at the last minute, and similar behaviour appeared in at least 2 of the last 3 tasks.",Emerging
34877,295255,177,0,62,FFF,2013J,TMA,173.0,25.0,4.0,Late,383,257,126,4,3.27,1,1.0,100.0,1,2.0,68.3,1,0,"Pattern detected because the task was submitted after the deadline, and academic activity increased sharply just before the deadline, and similar behaviour appeared in at least 2 of the last 3 tasks.",Emerging
34878,295255,238,0,61,FFF,2013J,CMA,236.0,0.0,2.0,Late,1515,770,745,8,1.71,1,1.0,100.0,1,2.0,81.7,1,0,"Pattern detected because the task was submitted after the deadline, and academic activity increased sharply just before the deadline, and similar behaviour appeared in at least 2 of the last 3 tasks.",High
34879,295255,238,0,55,FFF,2013J,CMA,236.0,0.0,2.0,Late,1515,770,745,8,1.71,1,1.0,100.0,1,3.0,100.0,1,0,"Pattern detected because the task was submitted after the deadline, and academic activity increased sharply just before the deadline, and similar behaviour appeared in at least 2 of the last 3 tasks.",High
34880,295255,238,0,57,FFF,2013J,CMA,236.0,0.0,2.0,Late,1515,770,745,8,1.71,1,1.0,100.0,1,3.0,100.0,1,0,"Pattern detected because the task was submitted after the deadline, and academic activity increased sharply just before the deadline, and similar behaviour appeared in at least 2 of the last 3 tasks.",High
34881,295255,238,0,56,FFF,2013J,CMA,236.0,0.0,2.0,Late,1515,770,745,8,1.71,1,1.0,100.0,1,3.0,100.0,1,0,"Pattern detected because the task was submitted after the deadline, and academic activity increased sharply just before the deadline, and similar behaviour appeared in at least 2 of the last 3 tasks.",High
34882,295255,238,0,47,FFF,2013J,CMA,236.0,0.0,2.0,Late,1515,770,745,8,1.71,1,1.0,100.0,1,3.0,100.0,1,0,"Pattern detected because the task was submitted after the deadline, and academic activity increased sharply just before the deadline, and similar behaviour appeared in at least 2 of the last 3 tasks.",High
34883,295255,238,0,52,FFF,2013J,CMA,236.0,0.0,2.0,Late,1515,770,745,8,1.71,1,1.0,100.0,1,3.0,100.0,1,0,"Pattern detected because the task was submitted after the deadline, and academic activity increased sharply just before the deadline, and similar behaviour appeared in at least 2 of the last 3 tasks.",High
34884,295255,238,0,52,FFF,2013J,CMA,236.0,0.0,2.0,Late,1515,770,745,8,1.71,1,1.0,100.0,1,3.0,100.0,1,0,"Pattern detected because the task was submitted after the deadline, and academic activity increased sharply just before the deadline, and similar behaviour appeared in at least 2 of the last 3 tasks.",High
34873,299281,17,0,86,FFF,2013J,TMA,19.0,12.5,-2.0,Near Deadline,161,37,124,7,0.48,0,0.35,21.0,0,,,0,0,Pattern detected because the task was completed close to the deadline.,Normal
34874,299281,46,0,66,FFF,2013J,TMA,47.0,12.5,-1.0,Last Minute,150,88,62,7,2.19,1,0.75,85.0,1,1.0,53.0,0,0,"Pattern detected because the task was submitted at the last minute, and academic activity increased sharply just before the deadline.",Emerging
34875,299281,95,0,76,FFF,2013J,TMA,96.0,25.0,-1.0,Last Minute,77,23,54,5,0.65,0,0.75,45.0,0,1.0,50.3,0,0,Pattern detected because the task was submitted at the last minute.,Emerging
34876,299281,131,0,79,FFF,2013J,TMA,131.0,25.0,0.0,Last Minute,118,59,59,4,1.54,1,0.75,85.0,1,2.0,71.7,1,1,"Pattern detected because the task was submitted at the last minute, and academic activity increased sharply just before the deadline, and similar behaviour appeared in at least 2 of the last 3 tasks.",Emerging
34877,299281,171,0,78,FFF,2013J,TMA,173.0,25.0,-2.0,Near Deadline,401,137,264,8,0.85,0,0.35,21.0,0,1.0,50.3,0,0,Pattern detected because the task was completed close to the deadline.,Emerging
34878,299281,104,0,82,FFF,2013J,CMA,236.0,0.0,-132.0,Early,250,55,195,6,0.46,0,0.0,0.0,0,1.0,35.3,0,0,No strong procrastination pattern detected.,Normal
34879,299281,151,0,97,FFF,2013J,CMA,236.0,0.0,-85.0,Early,250,55,195,6,0.46,0,0.0,0.0,0,0.0,7.0,0,0,No strong procrastination pattern detected.,Normal
34880,299281,171,0,81,FFF,2013J,CMA,236.0,0.0,-65.0,Early,250,55,195,6,0.46,0,0.0,0.0,0,0.0,0.0,0,0,No strong procrastination pattern detected.,Normal
34881,299281,181,0,83,FFF,2013J,CMA,236.0,0.0,-55.0,Early,250,55,195,6,0.46,0,0.0,0.0,0,0.0,0.0,0,0,No strong procrastination pattern detected.,Normal
34882,299281,189,0,77,FFF,2013J,CMA,236.0,0.0,-47.0,Early,250,55,195,6,0.46,0,0.0,0.0,0,0.0,0.0,0,0,No strong procrastination pattern detected.,Normal
34884,299281,192,0,68,FFF,2013J,CMA,236.0,0.0,-44.0,Early,250,55,195,6,0.46,0,0.0,0.0,0,0.0,0.0,0,0,No strong procrastination pattern detected.,Normal
34883,299281,207,0,75,FFF,2013J,CMA,236.0,0.0,-29.0,Early,250,55,195,6,0.46,0,0.0,0.0,0,0.0,0.0,0,0,No strong procrastination pattern detected.,Normal
34873,299886,16,0,92,FFF,2013J,TMA,19.0,12.5,-3.0,Near Deadline,147,0,147,3,0.0,0,0.35,21.0,0,,,0,0,Pattern detected because the task was completed close to the deadline.,Normal
34874,299886,44,0,66,FFF,2013J,TMA,47.0,12.5,-3.0,Near Deadline,199,0,199,4,0.0,0,0.35,21.0,0,0.0,21.0,0,0,Pattern detected because the task was completed close to the deadline.,Normal
34875,299886,90,0,80,FFF,2013J,TMA,96.0,25.0,-6.0,Early,143,71,72,5,1.54,1,0.0,40.0,0,0.0,27.3,0,0,Pattern detected because academic activity increased sharply just before the deadline.,Normal
34876,299886,120,0,89,FFF,2013J,TMA,131.0,25.0,-11.0,Early,0,0,0,0,0.0,0,0.0,0.0,0,0.0,20.3,0,0,No strong procrastination pattern detected.,Normal
34877,299886,168,0,91,FFF,2013J,TMA,173.0,25.0,-5.0,Early,56,0,56,1,0.0,0,0.0,0.0,0,0.0,13.3,0,0,No strong procrastination pattern detected.,Normal
34878,299886,31,0,73,FFF,2013J,CMA,236.0,0.0,-205.0,Early,1,1,0,1,0.33,0,0.0,0.0,0,0.0,0.0,0,0,No strong procrastination pattern detected.,Normal
34879,299886,101,0,87,FFF,2013J,CMA,236.0,0.0,-135.0,Early,1,1,0,1,0.33,0,0.0,0.0,0,0.0,0.0,0,0,No strong procrastination pattern detected.,Normal
34880,299886,108,0,87,FFF,2013J,CMA,236.0,0.0,-128.0,Early,1,1,0,1,0.33,0,0.0,0.0,0,0.0,0.0,0,0,No strong procrastination pattern detected.,Normal
34881,299886,108,0,84,FFF,2013J,CMA,236.0,0.0,-128.0,Early,1,1,0,1,0.33,0,0.0,0.0,0,0.0,0.0,0,0,No strong procrastination pattern detected.,Normal
34882,299886,164,0,81,FFF,2013J,CMA,236.0,0.0,-72.0,Early,1,1,0,1,0.33,0,0.0,0.0,0,0.0,0.0,0,0,No strong procrastination pattern detected.,Normal
34884,299886,196,0,89,FFF,2013J,CMA,236.0,0.0,-40.0,Early,1,1,0,1,0.33,0,0.0,0.0,0,0.0,0.0,0,0,No strong procrastination pattern detected.,Normal
34883,299886,220,0,79,FFF,2013J,CMA,236.0,0.0,-16.0,Early,1,1,0,1,0.33,0,0.0,0.0,0,0.0,0.0,0,0,No strong procrastination pattern detected.,Normal
34873,302566,15,0,66,FFF,2013J,TMA,19.0,12.5,-4.0,Early,420,13,407,6,0.05,0,0.0,0.0,0,,,0,0,No strong procrastination pattern detected.,Normal
34874,302566,46,0,60,FFF,2013J,TMA,47.0,12.5,-1.0,Last Minute,47,12,35,4,0.5,0,0.75,45.0,0,0.0,22.5,0,0,Pattern detected because the task was submitted at the last minute.,Normal
34875,302566,102,0,30,FFF,2013J,TMA,96.0,25.0,6.0,Late,32,0,32,1,0.0,0,1.0,60.0,1,1.0,35.0,0,0,Pattern detected because the task was submitted after the deadline.,Normal
34878,302566,31,0,67,FFF,2013J,CMA,236.0,0.0,-205.0,Early,0,0,0,0,0.0,0,0.0,0.0,0,1.0,35.0,0,0,No strong procrastination pattern detected.,Normal
34873,304240,19,0,82,FFF,2013J,TMA,19.0,12.5,0.0,Last Minute,120,115,5,3,19.17,1,0.75,85.0,1,,,0,0,"Pattern detected because the task was submitted at the last minute, and academic activity increased sharply just before the deadline.",Normal
34874,304240,47,0,92,FFF,2013J,TMA,47.0,12.5,0.0,Last Minute,117,107,10,5,11.89,1,0.75,85.0,1,2.0,85.0,1,1,"Pattern detected because the task was submitted at the last minute, and academic activity increased sharply just before the deadline, and similar behaviour appeared in at least 2 of the last 3 tasks.",High
34875,304240,96,0,69,FFF,2013J,TMA,96.0,25.0,0.0,Last Minute,17,17,0,2,5.67,1,0.75,85.0,1,3.0,85.0,1,0,"Pattern detected because the task was submitted at the last minute, and academic activity increased sharply just before the deadline, and similar behaviour appeared in at least 2 of the last 3 tasks.",High
34876,304240,131,0,66,FFF,2013J,TMA,131.0,25.0,0.0,Last Minute,92,29,63,5,0.71,0,0.75,45.0,0,2.0,71.7,1,0,"Pattern detected because the task was submitted at the last minute, and similar behaviour appeared in at least 2 of the last 3 tasks.",Emerging
34877,304240,173,0,91,FFF,2013J,TMA,173.0,25.0,0.0,Last Minute,58,58,0,3,19.33,1,0.75,85.0,1,2.0,71.7,1,0,"Pattern detected because the task was submitted at the last minute, and academic activity increased sharply just before the deadline, and similar behaviour appeared in at least 2 of the last 3 tasks.",Emerging
34878,304240,220,0,76,FFF,2013J,CMA,236.0,0.0,-16.0,Early,129,129,0,3,43.0,1,0.0,40.0,0,1.0,56.7,0,0,Pattern detected because academic activity increased sharply just before the deadline.,Emerging
34879,304240,220,0,96,FFF,2013J,CMA,236.0,0.0,-16.0,Early,129,129,0,3,43.0,1,0.0,40.0,0,1.0,55.0,0,0,Pattern detected because academic activity increased sharply just before the deadline.,Emerging
34880,304240,220,0,84,FFF,2013J,CMA,236.0,0.0,-16.0,Early,129,129,0,3,43.0,1,0.0,40.0,0,0.0,40.0,0,0,Pattern detected because academic activity increased sharply just before the deadline.,Normal
34883,304240,220,0,85,FFF,2013J,CMA,236.0,0.0,-16.0,Early,129,129,0,3,43.0,1,0.0,40.0,0,0.0,40.0,0,0,Pattern detected because academic activity increased sharply just before the deadline.,Normal
34873,304589,18,0,98,FFF,2013J,TMA,19.0,12.5,-1.0,Last Minute,367,69,298,8,0.38,0,0.75,45.0,0,,,0,0,Pattern detected because the task was submitted at the last minute.,Normal
34874,304589,46,0,96,FFF,2013J,TMA,47.0,12.5,-1.0,Last Minute,191,60,131,8,0.74,0,0.75,45.0,0,0.0,45.0,0,0,Pattern detected because the task was submitted at the last minute.,Emerging
34875,304589,95,0,91,FFF,2013J,TMA,96.0,25.0,-1.0,Last Minute,88,85,3,4,17.71,1,0.75,85.0,1,1.0,58.3,0,0,"Pattern detected because the task was submitted at the last minute, and academic activity increased sharply just before the deadline.",Emerging
34876,304589,130,0,100,FFF,2013J,TMA,131.0,25.0,-1.0,Last Minute,45,37,8,7,4.74,1,0.75,85.0,1,2.0,71.7,1,1,"Pattern detected because the task was submitted at the last minute, and academic activity increased sharply just before the deadline, and similar behaviour appeared in at least 2 of the last 3 tasks.",Emerging
34877,304589,172,0,100,FFF,2013J,TMA,173.0,25.0,-1.0,Last Minute,107,8,99,4,0.13,0,0.75,45.0,0,2.0,71.7,1,0,"Pattern detected because the task was submitted at the last minute, and similar behaviour appeared in at least 2 of the last 3 tasks.",Emerging
34878,304589,16,0,97,FFF,2013J,CMA,236.0,0.0,-220.0,Early,212,86,126,6,1.09,0,0.0,0.0,0,1.0,43.3,0,0,No strong procrastination pattern detected.,Normal
34879,304589,24,0,100,FFF,2013J,CMA,236.0,0.0,-212.0,Early,212,86,126,6,1.09,0,0.0,0.0,0,0.0,15.0,0,0,No strong procrastination pattern detected.,Normal
34880,304589,65,0,98,FFF,2013J,CMA,236.0,0.0,-171.0,Early,212,86,126,6,1.09,0,0.0,0.0,0,0.0,0.0,0,0,No strong procrastination pattern detected.,Normal
34881,304589,112,0,86,FFF,2013J,CMA,236.0,0.0,-124.0,Early,212,86,126,6,1.09,0,0.0,0.0,0,0.0,0.0,0,0,No strong procrastination pattern detected.,Normal
34882,304589,161,0,95,FFF,2013J,CMA,236.0,0.0,-75.0,Early,212,86,126,6,1.09,0,0.0,0.0,0,0.0,0.0,0,0,No strong procrastination pattern detected.,Normal
34883,304589,214,0,92,FFF,2013J,CMA,236.0,0.0,-22.0,Early,212,86,126,6,1.09,0,0.0,0.0,0,0.0,0.0,0,0,No strong procrastination pattern detected.,Normal
34884,304589,214,0,88,FFF,2013J,CMA,236.0,0.0,-22.0,Early,212,86,126,6,1.09,0,0.0,0.0,0,0.0,0.0,0,0,No strong procrastination pattern detected.,Normal
34873,305858,17,0,82,FFF,2013J,TMA,19.0,12.5,-2.0,Near Deadline,120,64,56,5,1.75,1,0.35,61.0,1,,,0,0,"Pattern detected because the task was completed close to the deadline, and academic activity increased sharply just before the deadline.",Normal
34874,305858,45,0,46,FFF,2013J,TMA,47.0,12.5,-2.0,Near Deadline,29,29,0,1,9.67,1,0.35,61.0,1,2.0,61.0,1,1,"Pattern detected because the task was completed close to the deadline, and academic activity increased sharply just before the deadline, and similar behaviour appeared in at least 2 of the last 3 tasks.",Emerging
34875,305858,96,0,85,FFF,2013J,TMA,96.0,25.0,0.0,Last Minute,99,56,43,4,1.94,1,0.75,85.0,1,3.0,69.0,1,0,"Pattern detected because the task was submitted at the last minute, and academic activity increased sharply just before the deadline, and similar behaviour appeared in at least 2 of the last 3 tasks.",Emerging
34876,305858,123,0,90,FFF,2013J,TMA,131.0,25.0,-8.0,Early,82,64,18,4,4.64,1,0.0,40.0,0,2.0,62.0,1,0,"Pattern detected because academic activity increased sharply just before the deadline, and similar behaviour appeared in at least 2 of the last 3 tasks.",Emerging
34877,305858,172,0,90,FFF,2013J,TMA,173.0,25.0,-1.0,Last Minute,119,111,8,4,14.23,1,0.75,85.0,1,2.0,70.0,1,0,"Pattern detected because the task was submitted at the last minute, and academic activity increased sharply just before the deadline, and similar behaviour appeared in at least 2 of the last 3 tasks.",Emerging
34878,305858,75,0,88,FFF,2013J,CMA,236.0,0.0,-161.0,Early,7,4,3,3,0.83,0,0.0,0.0,0,1.0,41.7,0,0,No strong procrastination pattern detected.,Normal
34879,305858,115,0,83,FFF,2013J,CMA,236.0,0.0,-121.0,Early,7,4,3,3,0.83,0,0.0,0.0,0,1.0,28.3,0,0,No strong procrastination pattern detected.,Normal
34880,305858,115,0,72,FFF,2013J,CMA,236.0,0.0,-121.0,Early,7,4,3,3,0.83,0,0.0,0.0,0,0.0,0.0,0,0,No strong procrastination pattern detected.,Normal
34881,305858,121,0,68,FFF,2013J,CMA,236.0,0.0,-115.0,Early,7,4,3,3,0.83,0,0.0,0.0,0,0.0,0.0,0,0,No strong procrastination pattern detected.,Normal
34882,305858,131,0,90,FFF,2013J,CMA,236.0,0.0,-105.0,Early,7,4,3,3,0.83,0,0.0,0.0,0,0.0,0.0,0,0,No strong procrastination pattern detected.,Normal
34884,305858,160,0,88,FFF,2013J,CMA,236.0,0.0,-76.0,Early,7,4,3,3,0.83,0,0.0,0.0,0,0.0,0.0,0,0,No strong procrastination pattern detected.,Normal
34883,305858,161,0,87,FFF,2013J,CMA,236.0,0.0,-75.0,Early,7,4,3,3,0.83,0,0.0,0.0,0,0.0,0.0,0,0,No strong procrastination pattern detected.,Normal
34873,307245,16,0,88,FFF,2013J,TMA,19.0,12.5,-3.0,Near Deadline,126,0,126,4,0.0,0,0.35,21.0,0,,,0,0,Pattern detected because the task was completed close to the deadline.,Normal
34874,307245,47,0,52,FFF,2013J,TMA,47.0,12.5,0.0,Last Minute,25,17,8,3,2.18,1,0.75,85.0,1,1.0,53.0,0,0,"Pattern detected because the task was submitted at the last minute, and academic activity increased sharply just before the deadline.",Emerging
34875,307245,96,0,70,FFF,2013J,TMA,96.0,25.0,0.0,Last Minute,81,23,58,6,0.61,0,0.75,45.0,0,1.0,50.3,0,0,Pattern detected because the task was submitted at the last minute.,Emerging
34876,307245,131,0,56,FFF,2013J,TMA,131.0,25.0,0.0,Last Minute,29,1,28,3,0.05,0,0.75,45.0,0,1.0,58.3,0,0,Pattern detected because the task was submitted at the last minute.,Emerging
34877,307245,180,0,53,FFF,2013J,TMA,173.0,25.0,7.0,Late,93,0,93,4,0.0,0,1.0,60.0,1,1.0,50.0,0,0,Pattern detected because the task was submitted after the deadline.,Emerging
34879,307245,87,0,94,FFF,2013J,CMA,236.0,0.0,-149.0,Early,0,0,0,0,0.0,0,0.0,0.0,0,1.0,35.0,0,0,No strong procrastination pattern detected.,Normal
34878,307245,210,0,76,FFF,2013J,CMA,236.0,0.0,-26.0,Early,0,0,0,0,0.0,0,0.0,0.0,0,1.0,20.0,0,0,No strong procrastination pattern detected.,Normal
34880,307245,210,0,80,FFF,2013J,CMA,236.0,0.0,-26.0,Early,0,0,0,0,0.0,0,0.0,0.0,0,0.0,0.0,0,0,No strong procrastination pattern detected.,Normal
34881,307245,214,0,62,FFF,2013J,CMA,236.0,0.0,-22.0,Early,0,0,0,0,0.0,0,0.0,0.0,0,0.0,0.0,0,0,No strong procrastination pattern detected.,Normal
34882,307245,214,0,83,FFF,2013J,CMA,236.0,0.0,-22.0,Early,0,0,0,0,0.0,0,0.0,0.0,0,0.0,0.0,0,0,No strong procrastination pattern detected.,Normal
34884,307245,214,0,78,FFF,2013J,CMA,236.0,0.0,-22.0,Early,0,0,0,0,0.0,0,0.0,0.0,0,0.0,0.0,0,0,No strong procrastination pattern detected.,Normal
34883,307245,221,0,78,FFF,2013J,CMA,236.0,0.0,-15.0,Early,0,0,0,0,0.0,0,0.0,0.0,0,0.0,0.0,0,0,No strong procrastination pattern detected.,Normal
34873,307676,19,0,74,FFF,2013J,TMA,19.0,12.5,0.0,Last Minute,21,21,0,2,7.0,1,0.75,85.0,1,,,0,0,"Pattern detected because the task was submitted at the last minute, and academic activity increased sharply just before the deadline.",Normal
34878,307676,48,0,82,FFF,2013J,CMA,236.0,0.0,-188.0,Early,294,11,283,4,0.06,0,0.0,0.0,0,1.0,42.5,0,0,No strong procrastination pattern detected.,Normal
34879,307676,227,0,99,FFF,2013J,CMA,236.0,0.0,-9.0,Early,294,11,283,4,0.06,0,0.0,0.0,0,1.0,28.3,0,0,No strong procrastination pattern detected.,Normal
34880,307676,231,0,81,FFF,2013J,CMA,236.0,0.0,-5.0,Early,294,11,283,4,0.06,0,0.0,0.0,0,0.0,0.0,0,0,No strong procrastination pattern detected.,Normal
34881,307676,231,0,91,FFF,2013J,CMA,236.0,0.0,-5.0,Early,294,11,283,4,0.06,0,0.0,0.0,0,0.0,0.0,0,0,No strong procrastination pattern detected.,Normal
34882,307676,234,0,73,FFF,2013J,CMA,236.0,0.0,-2.0,Near Deadline,294,11,283,4,0.06,0,0.35,21.0,0,0.0,7.0,0,0,Pattern detected because the task was completed close to the deadline.,Normal
34873,309150,17,0,42,FFF,2013J,TMA,19.0,12.5,-2.0,Near Deadline,137,135,2,4,32.14,1,0.35,61.0,1,,,0,0,"Pattern detected because the task was completed close to the deadline, and academic activity increased sharply just before the deadline.",Normal
34878,309150,20,0,63,FFF,2013J,CMA,236.0,0.0,-216.0,Early,0,0,0,0,0.0,0,0.0,0.0,0,1.0,30.5,0,0,No strong procrastination pattern detected.,Normal
34873,309893,17,0,80,FFF,2013J,TMA,19.0,12.5,-2.0,Near Deadline,177,60,117,2,0.82,0,0.35,21.0,0,,,0,0,Pattern detected because the task was completed close to the deadline.,Normal
34874,309893,45,0,76,FFF,2013J,TMA,47.0,12.5,-2.0,Near Deadline,67,53,14,5,4.65,1,0.35,61.0,1,1.0,41.0,0,0,"Pattern detected because the task was completed close to the deadline, and academic activity increased sharply just before the deadline.",Normal
34875,309893,95,0,64,FFF,2013J,TMA,96.0,25.0,-1.0,Last Minute,87,38,49,3,1.17,0,0.75,45.0,0,1.0,42.3,0,0,Pattern detected because the task was submitted at the last minute.,Normal
34876,309893,130,0,78,FFF,2013J,TMA,131.0,25.0,-1.0,Last Minute,124,63,61,6,1.59,1,0.75,85.0,1,2.0,63.7,1,1,"Pattern detected because the task was submitted at the last minute, and academic activity increased sharply just before the deadline, and similar behaviour appeared in at least 2 of the last 3 tasks.",Emerging
34877,309893,172,0,78,FFF,2013J,TMA,173.0,25.0,-1.0,Last Minute,50,6,44,7,0.2,0,0.75,45.0,0,1.0,58.3,0,0,Pattern detected because the task was submitted at the last minute.,Emerging
34878,309893,3,0,63,FFF,2013J,CMA,236.0,0.0,-233.0,Early,80,0,80,4,0.0,0,0.0,0.0,0,1.0,43.3,0,0,No strong procrastination pattern detected.,Normal
34879,309893,37,0,58,FFF,2013J,CMA,236.0,0.0,-199.0,Early,80,0,80,4,0.0,0,0.0,0.0,0,0.0,15.0,0,0,No strong procrastination pattern detected.,Normal
34880,309893,104,0,51,FFF,2013J,CMA,236.0,0.0,-132.0,Early,80,0,80,4,0.0,0,0.0,0.0,0,0.0,0.0,0,0,No strong procrastination pattern detected.,Normal
34881,309893,160,0,71,FFF,2013J,CMA,236.0,0.0,-76.0,Early,80,0,80,4,0.0,0,0.0,0.0,0,0.0,0.0,0,0,No strong procrastination pattern detected.,Normal
34882,309893,160,0,48,FFF,2013J,CMA,236.0,0.0,-76.0,Early,80,0,80,4,0.0,0,0.0,0.0,0,0.0,0.0,0,0,No strong procrastination pattern detected.,Normal
34884,309893,206,0,68,FFF,2013J,CMA,236.0,0.0,-30.0,Early,80,0,80,4,0.0,0,0.0,0.0,0,0.0,0.0,0,0,No strong procrastination pattern detected.,Normal
34883,309893,220,0,72,FFF,2013J,CMA,236.0,0.0,-16.0,Early,80,0,80,4,0.0,0,0.0,0.0,0,0.0,0.0,0,0,No strong procrastination pattern detected.,Normal
34873,310646,19,0,78,FFF,2013J,TMA,19.0,12.5,0.0,Last Minute,98,98,0,1,32.67,1,0.75,85.0,1,,,0,0,"Pattern detected because the task was submitted at the last minute, and academic activity increased sharply just before the deadline.",Normal
34874,310646,46,0,84,FFF,2013J,TMA,47.0,12.5,-1.0,Last Minute,166,52,114,6,0.73,0,0.75,45.0,0,1.0,65.0,0,0,Pattern detected because the task was submitted at the last minute.,Emerging
34875,310646,117,0,85,FFF,2013J,TMA,96.0,25.0,21.0,Late,25,25,0,1,8.33,1,1.0,100.0,1,2.0,76.7,1,1,"Pattern detected because the task was submitted after the deadline, and academic activity increased sharply just before the deadline, and similar behaviour appeared in at least 2 of the last 3 tasks.",High
34876,310646,138,0,85,FFF,2013J,TMA,131.0,25.0,7.0,Late,109,19,90,6,0.33,0,1.0,60.0,1,2.0,68.3,1,0,"Pattern detected because the task was submitted after the deadline, and similar behaviour appeared in at least 2 of the last 3 tasks.",Emerging
34877,310646,169,0,31,FFF,2013J,TMA,173.0,25.0,-4.0,Early,31,0,31,2,0.0,0,0.0,0.0,0,2.0,53.3,1,0,Pattern detected because similar behaviour appeared in at least 2 of the last 3 tasks.,Emerging
34878,310646,161,0,95,FFF,2013J,CMA,236.0,0.0,-75.0,Early,162,10,152,4,0.11,0,0.0,0.0,0,1.0,20.0,0,0,No strong procrastination pattern detected.,Normal
34880,310646,164,0,88,FFF,2013J,CMA,236.0,0.0,-72.0,Early,162,10,152,4,0.11,0,0.0,0.0,0,0.0,0.0,0,0,No strong procrastination pattern detected.,Normal
34881,310646,164,0,78,FFF,2013J,CMA,236.0,0.0,-72.0,Early,162,10,152,4,0.11,0,0.0,0.0,0,0.0,0.0,0,0,No strong procrastination pattern detected.,Normal
34879,310646,215,0,94,FFF,2013J,CMA,236.0,0.0,-21.0,Early,162,10,152,4,0.11,0,0.0,0.0,0,0.0,0.0,0,0,No strong procrastination pattern detected.,Normal
34882,310646,215,0,91,FFF,2013J,CMA,236.0,0.0,-21.0,Early,162,10,152,4,0.11,0,0.0,0.0,0,0.0,0.0,0,0,No strong procrastination pattern detected.,Normal
34883,310646,215,0,92,FFF,2013J,CMA,236.0,0.0,-21.0,Early,162,10,152,4,0.11,0,0.0,0.0,0,0.0,0.0,0,0,No strong procrastination pattern detected.,Normal
34884,310646,215,0,95,FFF,2013J,CMA,236.0,0.0,-21.0,Early,162,10,152,4,0.11,0,0.0,0.0,0,0.0,0.0,0,0,No strong procrastination pattern detected.,Normal
34873,311151,23,0,38,FFF,2013J,TMA,19.0,12.5,4.0,Late,13,7,6,2,1.06,0,1.0,60.0,1,,,0,0,Pattern detected because the task was submitted after the deadline.,Normal
34873,312760,19,0,84,FFF,2013J,TMA,19.0,12.5,0.0,Last Minute,85,75,10,3,8.33,1,0.75,85.0,1,,,0,0,"Pattern detected because the task was submitted at the last minute, and academic activity increased sharply just before the deadline.",Normal
34875,312760,96,0,67,FFF,2013J,TMA,96.0,25.0,0.0,Last Minute,163,99,64,6,2.39,1,0.75,85.0,1,2.0,85.0,1,1,"Pattern detected because the task was submitted at the last minute, and academic activity increased sharply just before the deadline, and similar behaviour appeared in at least 2 of the last 3 tasks.",High
34876,312760,131,0,59,FFF,2013J,TMA,131.0,25.0,0.0,Last Minute,168,97,71,5,2.13,1,0.75,85.0,1,3.0,85.0,1,0,"Pattern detected because the task was submitted at the last minute, and academic activity increased sharply just before the deadline, and similar behaviour appeared in at least 2 of the last 3 tasks.",High
34877,312760,172,0,80,FFF,2013J,TMA,173.0,25.0,-1.0,Last Minute,107,38,69,5,0.86,0,0.75,45.0,0,2.0,71.7,1,0,"Pattern detected because the task was submitted at the last minute, and similar behaviour appeared in at least 2 of the last 3 tasks.",Emerging
34878,312760,196,0,82,FFF,2013J,CMA,236.0,0.0,-40.0,Early,323,166,157,7,1.71,1,0.0,40.0,0,1.0,56.7,0,0,Pattern detected because academic activity increased sharply just before the deadline.,Emerging
34879,312760,196,0,96,FFF,2013J,CMA,236.0,0.0,-40.0,Early,323,166,157,7,1.71,1,0.0,40.0,0,0.0,41.7,0,0,Pattern detected because academic activity increased sharply just before the deadline.,Normal
34880,312760,196,0,74,FFF,2013J,CMA,236.0,0.0,-40.0,Early,323,166,157,7,1.71,1,0.0,40.0,0,0.0,40.0,0,0,Pattern detected because academic activity increased sharply just before the deadline.,Normal
34881,312760,199,0,83,FFF,2013J,CMA,236.0,0.0,-37.0,Early,323,166,157,7,1.71,1,0.0,40.0,0,0.0,40.0,0,0,Pattern detected because academic activity increased sharply just before the deadline.,Normal
34882,312760,203,0,66,FFF,2013J,CMA,236.0,0.0,-33.0,Early,323,166,157,7,1.71,1,0.0,40.0,0,0.0,40.0,0,0,Pattern detected because academic activity increased sharply just before the deadline.,Normal
34883,312760,231,0,67,FFF,2013J,CMA,236.0,0.0,-5.0,Early,323,166,157,7,1.71,1,0.0,40.0,0,0.0,40.0,0,0,Pattern detected because academic activity increased sharply just before the deadline.,Normal
34884,312760,234,0,73,FFF,2013J,CMA,236.0,0.0,-2.0,Near Deadline,323,166,157,7,1.71,1,0.35,61.0,1,1.0,47.0,0,0,"Pattern detected because the task was completed close to the deadline, and academic activity increased sharply just before the deadline.",Emerging
34873,313206,19,0,68,FFF,2013J,TMA,19.0,12.5,0.0,Last Minute,73,73,0,2,24.33,1,0.75,85.0,1,,,0,0,"Pattern detected because the task was submitted at the last minute, and academic activity increased sharply just before the deadline.",Normal
34875,313206,106,0,42,FFF,2013J,TMA,96.0,25.0,10.0,Late,14,14,0,1,4.67,1,1.0,100.0,1,2.0,92.5,1,1,"Pattern detected because the task was submitted after the deadline, and academic activity increased sharply just before the deadline, and similar behaviour appeared in at least 2 of the last 3 tasks.",High
34878,313206,229,0,57,FFF,2013J,CMA,236.0,0.0,-7.0,Early,575,575,0,2,191.67,1,0.0,40.0,0,2.0,75.0,1,0,"Pattern detected because academic activity increased sharply just before the deadline, and similar behaviour appeared in at least 2 of the last 3 tasks.",High
34879,313206,236,0,72,FFF,2013J,CMA,236.0,0.0,0.0,Last Minute,575,575,0,2,191.67,1,0.75,85.0,1,2.0,75.0,1,0,"Pattern detected because the task was submitted at the last minute, and academic activity increased sharply just before the deadline, and similar behaviour appeared in at least 2 of the last 3 tasks.",High
34880,313206,236,0,60,FFF,2013J,CMA,236.0,0.0,0.0,Last Minute,575,575,0,2,191.67,1,0.75,85.0,1,2.0,70.0,1,0,"Pattern detected because the task was submitted at the last minute, and academic activity increased sharply just before the deadline, and similar behaviour appeared in at least 2 of the last 3 tasks.",Emerging
34881,313206,236,0,73,FFF,2013J,CMA,236.0,0.0,0.0,Last Minute,575,575,0,2,191.67,1,0.75,85.0,1,3.0,85.0,1,0,"Pattern detected because the task was submitted at the last minute, and academic activity increased sharply just before the deadline, and similar behaviour appeared in at least 2 of the last 3 tasks.",High
34882,313206,236,0,50,FFF,2013J,CMA,236.0,0.0,0.0,Last Minute,575,575,0,2,191.67,1,0.75,85.0,1,3.0,85.0,1,0,"Pattern detected because the task was submitted at the last minute, and academic activity increased sharply just before the deadline, and similar behaviour appeared in at least 2 of the last 3 tasks.",High
34883,313206,237,0,52,FFF,2013J,CMA,236.0,0.0,1.0,Late,575,575,0,2,191.67,1,1.0,100.0,1,3.0,90.0,1,0,"Pattern detected because the task was submitted after the deadline, and academic activity increased sharply just before the deadline, and similar behaviour appeared in at least 2 of the last 3 tasks.",High
34884,313206,237,0,57,FFF,2013J,CMA,236.0,0.0,1.0,Late,575,575,0,2,191.67,1,1.0,100.0,1,3.0,95.0,1,0,"Pattern detected because the task was submitted after the deadline, and academic activity increased sharply just before the deadline, and similar behaviour appeared in at least 2 of the last 3 tasks.",High
34873,313700,10,0,86,FFF,2013J,TMA,19.0,12.5,-9.0,Early,111,61,50,5,1.85,1,0.0,40.0,0,,,0,0,Pattern detected because academic activity increased sharply just before the deadline.,Normal
34874,313700,46,0,92,FFF,2013J,TMA,47.0,12.5,-1.0,Last Minute,343,173,170,8,1.65,1,0.75,85.0,1,1.0,62.5,0,0,"Pattern detected because the task was submitted at the last minute, and academic activity increased sharply just before the deadline.",Emerging
34875,313700,95,0,86,FFF,2013J,TMA,96.0,25.0,-1.0,Last Minute,125,71,54,7,2.01,1,0.75,85.0,1,2.0,70.0,1,1,"Pattern detected because the task was submitted at the last minute, and academic activity increased sharply just before the deadline, and similar behaviour appeared in at least 2 of the last 3 tasks.",Emerging
34878,313700,4,0,87,FFF,2013J,CMA,236.0,0.0,-232.0,Early,0,0,0,0,0.0,0,0.0,0.0,0,2.0,56.7,1,0,Pattern detected because similar behaviour appeared in at least 2 of the last 3 tasks.,Emerging
34879,313700,32,0,91,FFF,2013J,CMA,236.0,0.0,-204.0,Early,0,0,0,0,0.0,0,0.0,0.0,0,1.0,28.3,0,0,No strong procrastination pattern detected.,Normal
34880,313700,69,0,85,FFF,2013J,CMA,236.0,0.0,-167.0,Early,0,0,0,0,0.0,0,0.0,0.0,0,0.0,0.0,0,0,No strong procrastination pattern detected.,Normal
34881,313700,105,0,82,FFF,2013J,CMA,236.0,0.0,-131.0,Early,0,0,0,0,0.0,0,0.0,0.0,0,0.0,0.0,0,0,No strong procrastination pattern detected.,Normal
34873,314776,13,0,88,FFF,2013J,TMA,19.0,12.5,-6.0,Early,612,124,488,7,0.42,0,0.0,0.0,0,,,0,0,No strong procrastination pattern detected.,Normal
34874,314776,43,0,96,FFF,2013J,TMA,47.0,12.5,-4.0,Early,268,37,231,8,0.26,0,0.0,0.0,0,0.0,0.0,0,0,No strong procrastination pattern detected.,Normal
34875,314776,95,0,93,FFF,2013J,TMA,96.0,25.0,-1.0,Last Minute,240,105,135,4,1.25,0,0.75,45.0,0,0.0,15.0,0,0,Pattern detected because the task was submitted at the last minute.,Normal
34876,314776,131,0,89,FFF,2013J,TMA,131.0,25.0,0.0,Last Minute,274,131,143,7,1.48,0,0.75,45.0,0,0.0,30.0,0,0,Pattern detected because the task was submitted at the last minute.,Normal
34877,314776,173,0,73,FFF,2013J,TMA,173.0,25.0,0.0,Last Minute,48,40,8,4,5.13,1,0.75,85.0,1,1.0,58.3,0,0,"Pattern detected because the task was submitted at the last minute, and academic activity increased sharply just before the deadline.",Emerging
34878,314776,21,0,86,FFF,2013J,CMA,236.0,0.0,-215.0,Early,603,307,296,7,1.7,1,0.0,40.0,0,1.0,56.7,0,0,Pattern detected because academic activity increased sharply just before the deadline.,Emerging
34879,314776,94,0,96,FFF,2013J,CMA,236.0,0.0,-142.0,Early,603,307,296,7,1.7,1,0.0,40.0,0,1.0,55.0,0,0,Pattern detected because academic activity increased sharply just before the deadline.,Emerging
34880,314776,124,0,70,FFF,2013J,CMA,236.0,0.0,-112.0,Early,603,307,296,7,1.7,1,0.0,40.0,0,0.0,40.0,0,0,Pattern detected because academic activity increased sharply just before the deadline.,Normal
34881,314776,229,0,64,FFF,2013J,CMA,236.0,0.0,-7.0,Early,603,307,296,7,1.7,1,0.0,40.0,0,0.0,40.0,0,0,Pattern detected because academic activity increased sharply just before the deadline.,Normal
34882,314776,229,0,68,FFF,2013J,CMA,236.0,0.0,-7.0,Early,603,307,296,7,1.7,1,0.0,40.0,0,0.0,40.0,0,0,Pattern detected because academic activity increased sharply just before the deadline.,Normal
34883,314776,234,0,73,FFF,2013J,CMA,236.0,0.0,-2.0,Near Deadline,603,307,296,7,1.7,1,0.35,61.0,1,1.0,47.0,0,0,"Pattern detected because the task was completed close to the deadline, and academic activity increased sharply just before the deadline.",Emerging
34884,314776,238,0,58,FFF,2013J,CMA,236.0,0.0,2.0,Late,603,307,296,7,1.7,1,1.0,100.0,1,2.0,67.0,1,1,"Pattern detected because the task was submitted after the deadline, and academic activity increased sharply just before the deadline, and similar behaviour appeared in at least 2 of the last 3 tasks.",Emerging
34873,315808,16,0,84,FFF,2013J,TMA,19.0,12.5,-3.0,Near Deadline,121,16,105,5,0.24,0,0.35,21.0,0,,,0,0,Pattern detected because the task was completed close to the deadline.,Normal
34874,315808,44,0,98,FFF,2013J,TMA,47.0,12.5,-3.0,Near Deadline,165,36,129,7,0.45,0,0.35,21.0,0,0.0,21.0,0,0,Pattern detected because the task was completed close to the deadline.,Normal
34875,315808,94,0,85,FFF,2013J,TMA,96.0,25.0,-2.0,Near Deadline,103,53,50,7,1.61,1,0.35,61.0,1,1.0,34.3,0,0,"Pattern detected because the task was completed close to the deadline, and academic activity increased sharply just before the deadline.",Normal
34876,315808,127,0,80,FFF,2013J,TMA,131.0,25.0,-4.0,Early,181,58,123,7,0.76,0,0.0,0.0,0,1.0,27.3,0,0,No strong procrastination pattern detected.,Normal
34877,315808,172,0,85,FFF,2013J,TMA,173.0,25.0,-1.0,Last Minute,167,62,105,7,0.94,0,0.75,45.0,0,1.0,35.3,0,0,Pattern detected because the task was submitted at the last minute.,Normal
34878,315808,31,0,100,FFF,2013J,CMA,236.0,0.0,-205.0,Early,87,27,60,6,0.69,0,0.0,0.0,0,0.0,15.0,0,0,No strong procrastination pattern detected.,Normal
34879,315808,40,0,99,FFF,2013J,CMA,236.0,0.0,-196.0,Early,87,27,60,6,0.69,0,0.0,0.0,0,0.0,15.0,0,0,No strong procrastination pattern detected.,Normal
34880,315808,87,0,91,FFF,2013J,CMA,236.0,0.0,-149.0,Early,87,27,60,6,0.69,0,0.0,0.0,0,0.0,0.0,0,0,No strong procrastination pattern detected.,Normal
34881,315808,121,0,96,FFF,2013J,CMA,236.0,0.0,-115.0,Early,87,27,60,6,0.69,0,0.0,0.0,0,0.0,0.0,0,0,No strong procrastination pattern detected.,Normal
34882,315808,160,0,91,FFF,2013J,CMA,236.0,0.0,-76.0,Early,87,27,60,6,0.69,0,0.0,0.0,0,0.0,0.0,0,0,No strong procrastination pattern detected.,Normal
34883,315808,199,0,88,FFF,2013J,CMA,236.0,0.0,-37.0,Early,87,27,60,6,0.69,0,0.0,0.0,0,0.0,0.0,0,0,No strong procrastination pattern detected.,Normal
34884,315808,206,0,93,FFF,2013J,CMA,236.0,0.0,-30.0,Early,87,27,60,6,0.69,0,0.0,0.0,0,0.0,0.0,0,0,No strong procrastination pattern detected.,Normal
34873,316061,19,0,76,FFF,2013J,TMA,19.0,12.5,0.0,Last Minute,32,23,9,3,2.74,1,0.75,85.0,1,,,0,0,"Pattern detected because the task was submitted at the last minute, and academic activity increased sharply just before the deadline.",Normal
34873,316098,16,0,92,FFF,2013J,TMA,19.0,12.5,-3.0,Near Deadline,72,15,57,5,0.4,0,0.35,21.0,0,,,0,0,Pattern detected because the task was completed close to the deadline.,Normal
34874,316098,45,0,82,FFF,2013J,TMA,47.0,12.5,-2.0,Near Deadline,179,117,62,5,2.91,1,0.35,61.0,1,1.0,41.0,0,0,"Pattern detected because the task was completed close to the deadline, and academic activity increased sharply just before the deadline.",Normal
34875,316098,95,0,78,FFF,2013J,TMA,96.0,25.0,-1.0,Last Minute,68,17,51,5,0.51,0,0.75,45.0,0,1.0,42.3,0,0,Pattern detected because the task was submitted at the last minute.,Normal
34876,316098,130,0,78,FFF,2013J,TMA,131.0,25.0,-1.0,Last Minute,44,33,11,4,3.44,1,0.75,85.0,1,2.0,63.7,1,1,"Pattern detected because the task was submitted at the last minute, and academic activity increased sharply just before the deadline, and similar behaviour appeared in at least 2 of the last 3 tasks.",Emerging
34877,316098,172,0,55,FFF,2013J,TMA,173.0,25.0,-1.0,Last Minute,166,98,68,4,2.24,1,0.75,85.0,1,2.0,71.7,1,0,"Pattern detected because the task was submitted at the last minute, and academic activity increased sharply just before the deadline, and similar behaviour appeared in at least 2 of the last 3 tasks.",Emerging
34878,316098,48,0,97,FFF,2013J,CMA,236.0,0.0,-188.0,Early,306,81,225,6,0.59,0,0.0,0.0,0,2.0,56.7,1,0,Pattern detected because similar behaviour appeared in at least 2 of the last 3 tasks.,Emerging
34879,316098,58,0,92,FFF,2013J,CMA,236.0,0.0,-178.0,Early,306,81,225,6,0.59,0,0.0,0.0,0,1.0,28.3,0,0,No strong procrastination pattern detected.,Normal
34880,316098,231,0,81,FFF,2013J,CMA,236.0,0.0,-5.0,Early,306,81,225,6,0.59,0,0.0,0.0,0,0.0,0.0,0,0,No strong procrastination pattern detected.,Normal
34881,316098,231,0,83,FFF,2013J,CMA,236.0,0.0,-5.0,Early,306,81,225,6,0.59,0,0.0,0.0,0,0.0,0.0,0,0,No strong procrastination pattern detected.,Normal
34883,316098,231,0,91,FFF,2013J,CMA,236.0,0.0,-5.0,Early,306,81,225,6,0.59,0,0.0,0.0,0,0.0,0.0,0,0,No strong procrastination pattern detected.,Normal
34882,316098,234,0,91,FFF,2013J,CMA,236.0,0.0,-2.0,Near Deadline,306,81,225,6,0.59,0,0.35,21.0,0,0.0,7.0,0,0,Pattern detected because the task was completed close to the deadline.,Normal
34884,316098,234,0,81,FFF,2013J,CMA,236.0,0.0,-2.0,Near Deadline,306,81,225,6,0.59,0,0.35,21.0,0,0.0,14.0,0,0,Pattern detected because the task was completed close to the deadline.,Normal
34873,316541,19,0,84,FFF,2013J,TMA,19.0,12.5,0.0,Last Minute,681,404,277,7,2.39,1,0.75,85.0,1,,,0,0,"Pattern detected because the task was submitted at the last minute, and academic activity increased sharply just before the deadline.",Normal
34874,316541,46,0,80,FFF,2013J,TMA,47.0,12.5,-1.0,Last Minute,252,84,168,6,0.81,0,0.75,45.0,0,1.0,65.0,0,0,Pattern detected because the task was submitted at the last minute.,Emerging
34875,316541,99,0,84,FFF,2013J,TMA,96.0,25.0,3.0,Late,258,94,164,8,0.93,0,1.0,60.0,1,2.0,63.3,1,1,"Pattern detected because the task was submitted after the deadline, and similar behaviour appeared in at least 2 of the last 3 tasks.",Emerging
34876,316541,131,0,84,FFF,2013J,TMA,131.0,25.0,0.0,Last Minute,494,344,150,6,3.7,1,0.75,85.0,1,2.0,63.3,1,0,"Pattern detected because the task was submitted at the last minute, and academic activity increased sharply just before the deadline, and similar behaviour appeared in at least 2 of the last 3 tasks.",Emerging
34877,316541,173,0,90,FFF,2013J,TMA,173.0,25.0,0.0,Last Minute,315,207,108,6,3.05,1,0.75,85.0,1,3.0,76.7,1,0,"Pattern detected because the task was submitted at the last minute, and academic activity increased sharply just before the deadline, and similar behaviour appeared in at least 2 of the last 3 tasks.",High
34878,316541,189,0,90,FFF,2013J,CMA,236.0,0.0,-47.0,Early,372,228,144,6,2.55,1,0.0,40.0,0,2.0,70.0,1,0,"Pattern detected because academic activity increased sharply just before the deadline, and similar behaviour appeared in at least 2 of the last 3 tasks.",Emerging
34879,316541,189,0,97,FFF,2013J,CMA,236.0,0.0,-47.0,Early,372,228,144,6,2.55,1,0.0,40.0,0,1.0,55.0,0,0,Pattern detected because academic activity increased sharply just before the deadline.,Emerging
34880,316541,192,0,92,FFF,2013J,CMA,236.0,0.0,-44.0,Early,372,228,144,6,2.55,1,0.0,40.0,0,0.0,40.0,0,0,Pattern detected because academic activity increased sharply just before the deadline.,Normal
34881,316541,192,0,90,FFF,2013J,CMA,236.0,0.0,-44.0,Early,372,228,144,6,2.55,1,0.0,40.0,0,0.0,40.0,0,0,Pattern detected because academic activity increased sharply just before the deadline.,Normal
34882,316541,214,0,90,FFF,2013J,CMA,236.0,0.0,-22.0,Early,372,228,144,6,2.55,1,0.0,40.0,0,0.0,40.0,0,0,Pattern detected because academic activity increased sharply just before the deadline.,Normal
34884,316541,217,0,87,FFF,2013J,CMA,236.0,0.0,-19.0,Early,372,228,144,6,2.55,1,0.0,40.0,0,0.0,40.0,0,0,Pattern detected because academic activity increased sharply just before the deadline.,Normal
34883,316541,220,0,91,FFF,2013J,CMA,236.0,0.0,-16.0,Early,372,228,144,6,2.55,1,0.0,40.0,0,0.0,40.0,0,0,Pattern detected because academic activity increased sharply just before the deadline.,Normal
34873,318627,18,0,88,FFF,2013J,TMA,19.0,12.5,-1.0,Last Minute,304,96,208,6,0.75,0,0.75,45.0,0,,,0,0,Pattern detected because the task was submitted at the last minute.,Normal
34874,318627,47,0,82,FFF,2013J,TMA,47.0,12.5,0.0,Last Minute,93,11,82,7,0.21,0,0.75,45.0,0,0.0,45.0,0,0,Pattern detected because the task was submitted at the last minute.,Emerging
34875,318627,97,0,85,FFF,2013J,TMA,96.0,25.0,1.0,Late,189,122,67,7,2.82,1,1.0,100.0,1,1.0,63.3,0,0,"Pattern detected because the task was submitted after the deadline, and academic activity increased sharply just before the deadline.",Emerging
34876,318627,136,0,85,FFF,2013J,TMA,131.0,25.0,5.0,Late,264,140,124,6,1.81,1,1.0,100.0,1,2.0,81.7,1,1,"Pattern detected because the task was submitted after the deadline, and academic activity increased sharply just before the deadline, and similar behaviour appeared in at least 2 of the last 3 tasks.",High
34877,318627,173,0,89,FFF,2013J,TMA,173.0,25.0,0.0,Last Minute,118,61,57,4,1.64,1,0.75,85.0,1,3.0,95.0,1,0,"Pattern detected because the task was submitted at the last minute, and academic activity increased sharply just before the deadline, and similar behaviour appeared in at least 2 of the last 3 tasks.",High
34878,318627,75,0,85,FFF,2013J,CMA,236.0,0.0,-161.0,Early,479,72,407,7,0.29,0,0.0,0.0,0,2.0,61.7,1,0,Pattern detected because similar behaviour appeared in at least 2 of the last 3 tasks.,Emerging
34879,318627,89,0,95,FFF,2013J,CMA,236.0,0.0,-147.0,Early,479,72,407,7,0.29,0,0.0,0.0,0,1.0,28.3,0,0,No strong procrastination pattern detected.,Normal
34880,318627,181,0,91,FFF,2013J,CMA,236.0,0.0,-55.0,Early,479,72,407,7,0.29,0,0.0,0.0,0,0.0,0.0,0,0,No strong procrastination pattern detected.,Normal
34881,318627,216,0,88,FFF,2013J,CMA,236.0,0.0,-20.0,Early,479,72,407,7,0.29,0,0.0,0.0,0,0.0,0.0,0,0,No strong procrastination pattern detected.,Normal
34882,318627,217,0,91,FFF,2013J,CMA,236.0,0.0,-19.0,Early,479,72,407,7,0.29,0,0.0,0.0,0,0.0,0.0,0,0,No strong procrastination pattern detected.,Normal
34884,318627,228,0,87,FFF,2013J,CMA,236.0,0.0,-8.0,Early,479,72,407,7,0.29,0,0.0,0.0,0,0.0,0.0,0,0,No strong procrastination pattern detected.,Normal
34883,318627,234,0,90,FFF,2013J,CMA,236.0,0.0,-2.0,Near Deadline,479,72,407,7,0.29,0,0.35,21.0,0,0.0,7.0,0,0,Pattern detected because the task was completed close to the deadline.,Normal
34873,319578,18,0,88,FFF,2013J,TMA,19.0,12.5,-1.0,Last Minute,96,69,27,4,3.59,1,0.75,85.0,1,,,0,0,"Pattern detected because the task was submitted at the last minute, and academic activity increased sharply just before the deadline.",Normal
34874,319578,46,0,78,FFF,2013J,TMA,47.0,12.5,-1.0,Last Minute,103,64,39,7,2.42,1,0.75,85.0,1,2.0,85.0,1,1,"Pattern detected because the task was submitted at the last minute, and academic activity increased sharply just before the deadline, and similar behaviour appeared in at least 2 of the last 3 tasks.",High
34875,319578,92,0,74,FFF,2013J,TMA,96.0,25.0,-4.0,Early,125,45,80,8,0.88,0,0.0,0.0,0,2.0,56.7,1,0,Pattern detected because similar behaviour appeared in at least 2 of the last 3 tasks.,Emerging
34876,319578,130,0,76,FFF,2013J,TMA,131.0,25.0,-1.0,Last Minute,77,48,29,6,2.35,1,0.75,85.0,1,2.0,56.7,1,0,"Pattern detected because the task was submitted at the last minute, and academic activity increased sharply just before the deadline, and similar behaviour appeared in at least 2 of the last 3 tasks.",Emerging
34877,319578,173,0,80,FFF,2013J,TMA,173.0,25.0,0.0,Last Minute,77,71,6,5,10.76,1,0.75,85.0,1,2.0,56.7,1,0,"Pattern detected because the task was submitted at the last minute, and academic activity increased sharply just before the deadline, and similar behaviour appeared in at least 2 of the last 3 tasks.",Emerging
34878,319578,24,0,76,FFF,2013J,CMA,236.0,0.0,-212.0,Early,5,0,5,1,0.0,0,0.0,0.0,0,2.0,56.7,1,0,Pattern detected because similar behaviour appeared in at least 2 of the last 3 tasks.,Emerging
34879,319578,52,0,96,FFF,2013J,CMA,236.0,0.0,-184.0,Early,5,0,5,1,0.0,0,0.0,0.0,0,1.0,28.3,0,0,No strong procrastination pattern detected.,Normal
34880,319578,75,0,87,FFF,2013J,CMA,236.0,0.0,-161.0,Early,5,0,5,1,0.0,0,0.0,0.0,0,0.0,0.0,0,0,No strong procrastination pattern detected.,Normal
34881,319578,110,0,88,FFF,2013J,CMA,236.0,0.0,-126.0,Early,5,0,5,1,0.0,0,0.0,0.0,0,0.0,0.0,0,0,No strong procrastination pattern detected.,Normal
34882,319578,165,0,79,FFF,2013J,CMA,236.0,0.0,-71.0,Early,5,0,5,1,0.0,0,0.0,0.0,0,0.0,0.0,0,0,No strong procrastination pattern detected.,Normal
34884,319578,206,0,79,FFF,2013J,CMA,236.0,0.0,-30.0,Early,5,0,5,1,0.0,0,0.0,0.0,0,0.0,0.0,0,0,No strong procrastination pattern detected.,Normal
34883,319578,207,0,62,FFF,2013J,CMA,236.0,0.0,-29.0,Early,5,0,5,1,0.0,0,0.0,0.0,0,0.0,0.0,0,0,No strong procrastination pattern detected.,Normal
34873,320437,13,0,78,FFF,2013J,TMA,19.0,12.5,-6.0,Early,49,10,39,4,0.38,0,0.0,0.0,0,,,0,0,No strong procrastination pattern detected.,Normal
34874,320437,46,0,56,FFF,2013J,TMA,47.0,12.5,-1.0,Last Minute,136,84,52,5,2.46,1,0.75,85.0,1,1.0,42.5,0,0,"Pattern detected because the task was submitted at the last minute, and academic activity increased sharply just before the deadline.",Normal
34875,320437,95,0,63,FFF,2013J,TMA,96.0,25.0,-1.0,Last Minute,13,13,0,1,4.33,1,0.75,85.0,1,2.0,56.7,1,1,"Pattern detected because the task was submitted at the last minute, and academic activity increased sharply just before the deadline, and similar behaviour appeared in at least 2 of the last 3 tasks.",Emerging
34876,320437,130,0,56,FFF,2013J,TMA,131.0,25.0,-1.0,Last Minute,27,27,0,2,9.0,1,0.75,85.0,1,3.0,85.0,1,0,"Pattern detected because the task was submitted at the last minute, and academic activity increased sharply just before the deadline, and similar behaviour appeared in at least 2 of the last 3 tasks.",High
34877,320437,172,0,18,FFF,2013J,TMA,173.0,25.0,-1.0,Last Minute,0,0,0,0,0.0,0,0.75,45.0,0,2.0,71.7,1,0,"Pattern detected because the task was submitted at the last minute, and similar behaviour appeared in at least 2 of the last 3 tasks.",Emerging
34878,320437,6,0,91,FFF,2013J,CMA,236.0,0.0,-230.0,Early,87,74,13,4,6.85,1,0.0,40.0,0,1.0,56.7,0,0,Pattern detected because academic activity increased sharply just before the deadline.,Emerging
34879,320437,7,0,100,FFF,2013J,CMA,236.0,0.0,-229.0,Early,87,74,13,4,6.85,1,0.0,40.0,0,0.0,41.7,0,0,Pattern detected because academic activity increased sharply just before the deadline.,Normal
34881,320437,202,0,80,FFF,2013J,CMA,236.0,0.0,-34.0,Early,87,74,13,4,6.85,1,0.0,40.0,0,0.0,40.0,0,0,Pattern detected because academic activity increased sharply just before the deadline.,Normal
34882,320437,202,0,85,FFF,2013J,CMA,236.0,0.0,-34.0,Early,87,74,13,4,6.85,1,0.0,40.0,0,0.0,40.0,0,0,Pattern detected because academic activity increased sharply just before the deadline.,Normal
34880,320437,203,0,74,FFF,2013J,CMA,236.0,0.0,-33.0,Early,87,74,13,4,6.85,1,0.0,40.0,0,0.0,40.0,0,0,Pattern detected because academic activity increased sharply just before the deadline.,Normal
34883,320437,203,0,84,FFF,2013J,CMA,236.0,0.0,-33.0,Early,87,74,13,4,6.85,1,0.0,40.0,0,0.0,40.0,0,0,Pattern detected because academic activity increased sharply just before the deadline.,Normal
34884,320437,206,0,81,FFF,2013J,CMA,236.0,0.0,-30.0,Early,87,74,13,4,6.85,1,0.0,40.0,0,0.0,40.0,0,0,Pattern detected because academic activity increased sharply just before the deadline.,Normal
34873,321486,18,0,96,FFF,2013J,TMA,19.0,12.5,-1.0,Last Minute,92,79,13,3,7.31,1,0.75,85.0,1,,,0,0,"Pattern detected because the task was submitted at the last minute, and academic activity increased sharply just before the deadline.",Normal
34878,321486,21,0,88,FFF,2013J,CMA,236.0,0.0,-215.0,Early,0,0,0,0,0.0,0,0.0,0.0,0,1.0,42.5,0,0,No strong procrastination pattern detected.,Normal
34873,321969,33,0,80,FFF,2013J,TMA,19.0,12.5,14.0,Late,200,25,175,8,0.23,0,1.0,60.0,1,,,0,0,Pattern detected because the task was submitted after the deadline.,Normal
34874,321969,54,0,56,FFF,2013J,TMA,47.0,12.5,7.0,Late,184,37,147,6,0.41,0,1.0,60.0,1,2.0,60.0,1,1,"Pattern detected because the task was submitted after the deadline, and similar behaviour appeared in at least 2 of the last 3 tasks.",Emerging
34874,323480,46,0,72,FFF,2013J,TMA,47.0,12.5,-1.0,Last Minute,105,90,15,2,7.5,1,0.75,85.0,1,,,0,0,"Pattern detected because the task was submitted at the last minute, and academic activity increased sharply just before the deadline.",Normal
34875,323480,95,0,67,FFF,2013J,TMA,96.0,25.0,-1.0,Last Minute,83,22,61,6,0.56,0,0.75,45.0,0,1.0,65.0,0,0,Pattern detected because the task was submitted at the last minute.,Emerging
34876,323480,130,0,70,FFF,2013J,TMA,131.0,25.0,-1.0,Last Minute,84,43,41,4,1.56,1,0.75,85.0,1,2.0,71.7,1,1,"Pattern detected because the task was submitted at the last minute, and academic activity increased sharply just before the deadline, and similar behaviour appeared in at least 2 of the last 3 tasks.",Emerging
34877,323480,172,0,81,FFF,2013J,TMA,173.0,25.0,-1.0,Last Minute,39,7,32,2,0.32,0,0.75,45.0,0,1.0,58.3,0,0,Pattern detected because the task was submitted at the last minute.,Emerging
34878,323480,24,0,74,FFF,2013J,CMA,236.0,0.0,-212.0,Early,0,0,0,0,0.0,0,0.0,0.0,0,1.0,43.3,0,0,No strong procrastination pattern detected.,Normal
34879,323480,83,0,83,FFF,2013J,CMA,236.0,0.0,-153.0,Early,0,0,0,0,0.0,0,0.0,0.0,0,0.0,15.0,0,0,No strong procrastination pattern detected.,Normal
34880,323480,101,0,60,FFF,2013J,CMA,236.0,0.0,-135.0,Early,0,0,0,0,0.0,0,0.0,0.0,0,0.0,0.0,0,0,No strong procrastination pattern detected.,Normal
34881,323480,195,0,65,FFF,2013J,CMA,236.0,0.0,-41.0,Early,0,0,0,0,0.0,0,0.0,0.0,0,0.0,0.0,0,0,No strong procrastination pattern detected.,Normal
34882,323480,195,0,62,FFF,2013J,CMA,236.0,0.0,-41.0,Early,0,0,0,0,0.0,0,0.0,0.0,0,0.0,0.0,0,0,No strong procrastination pattern detected.,Normal
34884,323480,195,0,64,FFF,2013J,CMA,236.0,0.0,-41.0,Early,0,0,0,0,0.0,0,0.0,0.0,0,0.0,0.0,0,0,No strong procrastination pattern detected.,Normal
34883,323480,196,0,64,FFF,2013J,CMA,236.0,0.0,-40.0,Early,0,0,0,0,0.0,0,0.0,0.0,0,0.0,0.0,0,0,No strong procrastination pattern detected.,Normal
34873,323984,19,0,80,FFF,2013J,TMA,19.0,12.5,0.0,Last Minute,216,78,138,8,0.91,0,0.75,45.0,0,,,0,0,Pattern detected because the task was submitted at the last minute.,Normal
34874,323984,46,0,54,FFF,2013J,TMA,47.0,12.5,-1.0,Last Minute,148,55,93,7,0.94,0,0.75,45.0,0,0.0,45.0,0,0,Pattern detected because the task was submitted at the last minute.,Emerging
34875,323984,103,0,50,FFF,2013J,TMA,96.0,25.0,7.0,Late,58,7,51,7,0.21,0,1.0,60.0,1,1.0,50.0,0,0,Pattern detected because the task was submitted after the deadline.,Emerging
34876,323984,140,0,55,FFF,2013J,TMA,131.0,25.0,9.0,Late,292,287,5,4,47.83,1,1.0,100.0,1,2.0,68.3,1,1,"Pattern detected because the task was submitted after the deadline, and academic activity increased sharply just before the deadline, and similar behaviour appeared in at least 2 of the last 3 tasks.",Emerging
34877,323984,175,0,67,FFF,2013J,TMA,173.0,25.0,2.0,Late,295,69,226,5,0.5,0,1.0,60.0,1,3.0,73.3,1,0,"Pattern detected because the task was submitted after the deadline, and similar behaviour appeared in at least 2 of the last 3 tasks.",Emerging
34878,323984,142,0,74,FFF,2013J,CMA,236.0,0.0,-94.0,Early,279,210,69,7,4.73,1,0.0,40.0,0,2.0,66.7,1,0,"Pattern detected because academic activity increased sharply just before the deadline, and similar behaviour appeared in at least 2 of the last 3 tasks.",Emerging
34879,323984,159,0,85,FFF,2013J,CMA,236.0,0.0,-77.0,Early,279,210,69,7,4.73,1,0.0,40.0,0,1.0,46.7,0,0,Pattern detected because academic activity increased sharply just before the deadline.,Emerging
34882,323984,172,0,84,FFF,2013J,CMA,236.0,0.0,-64.0,Early,279,210,69,7,4.73,1,0.0,40.0,0,0.0,40.0,0,0,Pattern detected because academic activity increased sharply just before the deadline.,Normal
34880,323984,186,0,74,FFF,2013J,CMA,236.0,0.0,-50.0,Early,279,210,69,7,4.73,1,0.0,40.0,0,0.0,40.0,0,0,Pattern detected because academic activity increased sharply just before the deadline.,Normal
34881,323984,186,0,82,FFF,2013J,CMA,236.0,0.0,-50.0,Early,279,210,69,7,4.73,1,0.0,40.0,0,0.0,40.0,0,0,Pattern detected because academic activity increased sharply just before the deadline.,Normal
34883,323984,230,0,75,FFF,2013J,CMA,236.0,0.0,-6.0,Early,279,210,69,7,4.73,1,0.0,40.0,0,0.0,40.0,0,0,Pattern detected because academic activity increased sharply just before the deadline.,Normal
34884,323984,230,0,60,FFF,2013J,CMA,236.0,0.0,-6.0,Early,279,210,69,7,4.73,1,0.0,40.0,0,0.0,40.0,0,0,Pattern detected because academic activity increased sharply just before the deadline.,Normal
34873,324331,19,0,56,FFF,2013J,TMA,19.0,12.5,0.0,Last Minute,286,139,147,4,1.52,1,0.75,85.0,1,,,0,0,"Pattern detected because the task was submitted at the last minute, and academic activity increased sharply just before the deadline.",Normal
34874,324331,51,0,24,FFF,2013J,TMA,47.0,12.5,4.0,Late,38,4,34,3,0.17,0,1.0,60.0,1,2.0,72.5,1,1,"Pattern detected because the task was submitted after the deadline, and similar behaviour appeared in at least 2 of the last 3 tasks.",Emerging
34875,324331,96,0,50,FFF,2013J,TMA,96.0,25.0,0.0,Last Minute,107,64,43,4,2.22,1,0.75,85.0,1,3.0,76.7,1,0,"Pattern detected because the task was submitted at the last minute, and academic activity increased sharply just before the deadline, and similar behaviour appeared in at least 2 of the last 3 tasks.",High
34878,324331,7,0,84,FFF,2013J,CMA,236.0,0.0,-229.0,Early,0,0,0,0,0.0,0,0.0,0.0,0,2.0,48.3,1,0,Pattern detected because similar behaviour appeared in at least 2 of the last 3 tasks.,Emerging
34873,324672,18,0,80,FFF,2013J,TMA,19.0,12.5,-1.0,Last Minute,137,43,94,5,0.72,0,0.75,45.0,0,,,0,0,Pattern detected because the task was submitted at the last minute.,Normal
34874,324672,47,0,84,FFF,2013J,TMA,47.0,12.5,0.0,Last Minute,76,28,48,6,0.88,0,0.75,45.0,0,0.0,45.0,0,0,Pattern detected because the task was submitted at the last minute.,Emerging
34875,324672,96,0,64,FFF,2013J,TMA,96.0,25.0,0.0,Last Minute,99,98,1,4,27.22,1,0.75,85.0,1,1.0,58.3,0,0,"Pattern detected because the task was submitted at the last minute, and academic activity increased sharply just before the deadline.",Emerging
34876,324672,130,0,77,FFF,2013J,TMA,131.0,25.0,-1.0,Last Minute,113,27,86,4,0.49,0,0.75,45.0,0,1.0,58.3,0,0,Pattern detected because the task was submitted at the last minute.,Emerging
34877,324672,172,0,86,FFF,2013J,TMA,173.0,25.0,-1.0,Last Minute,90,71,19,2,4.93,1,0.75,85.0,1,2.0,71.7,1,1,"Pattern detected because the task was submitted at the last minute, and academic activity increased sharply just before the deadline, and similar behaviour appeared in at least 2 of the last 3 tasks.",Emerging
34878,324672,16,0,59,FFF,2013J,CMA,236.0,0.0,-220.0,Early,615,58,557,4,0.17,0,0.0,0.0,0,1.0,43.3,0,0,No strong procrastination pattern detected.,Normal
34879,324672,234,0,75,FFF,2013J,CMA,236.0,0.0,-2.0,Near Deadline,615,58,557,4,0.17,0,0.35,21.0,0,1.0,35.3,0,0,Pattern detected because the task was completed close to the deadline.,Normal
34880,324672,235,0,67,FFF,2013J,CMA,236.0,0.0,-1.0,Last Minute,615,58,557,4,0.17,0,0.75,45.0,0,0.0,22.0,0,0,Pattern detected because the task was submitted at the last minute.,Normal
34881,324672,235,0,64,FFF,2013J,CMA,236.0,0.0,-1.0,Last Minute,615,58,557,4,0.17,0,0.75,45.0,0,0.0,37.0,0,0,Pattern detected because the task was submitted at the last minute.,Normal
34882,324672,235,0,72,FFF,2013J,CMA,236.0,0.0,-1.0,Last Minute,615,58,557,4,0.17,0,0.75,45.0,0,0.0,45.0,0,0,Pattern detected because the task was submitted at the last minute.,Emerging
34883,324672,235,0,59,FFF,2013J,CMA,236.0,0.0,-1.0,Last Minute,615,58,557,4,0.17,0,0.75,45.0,0,0.0,45.0,0,0,Pattern detected because the task was submitted at the last minute.,Emerging
34884,324672,235,0,70,FFF,2013J,CMA,236.0,0.0,-1.0,Last Minute,615,58,557,4,0.17,0,0.75,45.0,0,0.0,45.0,0,0,Pattern detected because the task was submitted at the last minute.,Emerging
34873,325368,19,0,94,FFF,2013J,TMA,19.0,12.5,0.0,Last Minute,115,99,16,5,7.86,1,0.75,85.0,1,,,0,0,"Pattern detected because the task was submitted at the last minute, and academic activity increased sharply just before the deadline.",Normal
34873,325750,19,0,68,FFF,2013J,TMA,19.0,12.5,0.0,Last Minute,68,40,28,4,2.02,1,0.75,85.0,1,,,0,0,"Pattern detected because the task was submitted at the last minute, and academic activity increased sharply just before the deadline.",Normal
34874,325750,47,0,24,FFF,2013J,TMA,47.0,12.5,0.0,Last Minute,190,83,107,4,1.24,0,0.75,45.0,0,1.0,65.0,0,0,Pattern detected because the task was submitted at the last minute.,Emerging
34875,325750,106,0,81,FFF,2013J,TMA,96.0,25.0,10.0,Late,7,0,7,1,0.0,0,1.0,60.0,1,2.0,63.3,1,1,"Pattern detected because the task was submitted after the deadline, and similar behaviour appeared in at least 2 of the last 3 tasks.",Emerging
34876,325750,131,0,63,FFF,2013J,TMA,131.0,25.0,0.0,Last Minute,224,178,46,4,5.82,1,0.75,85.0,1,2.0,63.3,1,0,"Pattern detected because the task was submitted at the last minute, and academic activity increased sharply just before the deadline, and similar behaviour appeared in at least 2 of the last 3 tasks.",Emerging
34877,325750,173,0,68,FFF,2013J,TMA,173.0,25.0,0.0,Last Minute,418,409,9,4,48.69,1,0.75,85.0,1,3.0,76.7,1,0,"Pattern detected because the task was submitted at the last minute, and academic activity increased sharply just before the deadline, and similar behaviour appeared in at least 2 of the last 3 tasks.",High
34878,325750,608,0,74,FFF,2013J,CMA,236.0,0.0,372.0,Late,0,0,0,0,0.0,0,1.0,60.0,1,3.0,76.7,1,0,"Pattern detected because the task was submitted after the deadline, and similar behaviour appeared in at least 2 of the last 3 tasks.",High
34879,325750,608,0,95,FFF,2013J,CMA,236.0,0.0,372.0,Late,0,0,0,0,0.0,0,1.0,60.0,1,3.0,68.3,1,0,"Pattern detected because the task was submitted after the deadline, and similar behaviour appeared in at least 2 of the last 3 tasks.",Emerging
34880,325750,608,0,68,FFF,2013J,CMA,236.0,0.0,372.0,Late,0,0,0,0,0.0,0,1.0,60.0,1,3.0,60.0,1,0,"Pattern detected because the task was submitted after the deadline, and similar behaviour appeared in at least 2 of the last 3 tasks.",Emerging
34881,325750,608,0,66,FFF,2013J,CMA,236.0,0.0,372.0,Late,0,0,0,0,0.0,0,1.0,60.0,1,3.0,60.0,1,0,"Pattern detected because the task was submitted after the deadline, and similar behaviour appeared in at least 2 of the last 3 tasks.",Emerging
34882,325750,608,0,68,FFF,2013J,CMA,236.0,0.0,372.0,Late,0,0,0,0,0.0,0,1.0,60.0,1,3.0,60.0,1,0,"Pattern detected because the task was submitted after the deadline, and similar behaviour appeared in at least 2 of the last 3 tasks.",Emerging
34873,330192,31,0,92,FFF,2013J,TMA,19.0,12.5,12.0,Late,14,14,0,1,4.67,1,1.0,100.0,1,,,0,0,"Pattern detected because the task was submitted after the deadline, and academic activity increased sharply just before the deadline.",Normal
34874,330192,51,0,66,FFF,2013J,TMA,47.0,12.5,4.0,Late,302,29,273,5,0.17,0,1.0,60.0,1,2.0,80.0,1,1,"Pattern detected because the task was submitted after the deadline, and similar behaviour appeared in at least 2 of the last 3 tasks.",High
34875,330192,107,0,59,FFF,2013J,TMA,96.0,25.0,11.0,Late,1,1,0,1,0.33,0,1.0,60.0,1,3.0,73.3,1,0,"Pattern detected because the task was submitted after the deadline, and similar behaviour appeared in at least 2 of the last 3 tasks.",Emerging
34876,330192,143,0,60,FFF,2013J,TMA,131.0,25.0,12.0,Late,7,0,7,1,0.0,0,1.0,60.0,1,3.0,60.0,1,0,"Pattern detected because the task was submitted after the deadline, and similar behaviour appeared in at least 2 of the last 3 tasks.",Emerging
34877,330192,187,0,66,FFF,2013J,TMA,173.0,25.0,14.0,Late,3,0,3,1,0.0,0,1.0,60.0,1,3.0,60.0,1,0,"Pattern detected because the task was submitted after the deadline, and similar behaviour appeared in at least 2 of the last 3 tasks.",Emerging
34878,330192,220,0,70,FFF,2013J,CMA,236.0,0.0,-16.0,Early,253,159,94,4,2.68,1,0.0,40.0,0,2.0,53.3,1,0,"Pattern detected because academic activity increased sharply just before the deadline, and similar behaviour appeared in at least 2 of the last 3 tasks.",Emerging
34879,330192,220,0,72,FFF,2013J,CMA,236.0,0.0,-16.0,Early,253,159,94,4,2.68,1,0.0,40.0,0,1.0,46.7,0,0,Pattern detected because academic activity increased sharply just before the deadline.,Emerging
34880,330192,220,0,77,FFF,2013J,CMA,236.0,0.0,-16.0,Early,253,159,94,4,2.68,1,0.0,40.0,0,0.0,40.0,0,0,Pattern detected because academic activity increased sharply just before the deadline.,Normal
34881,330192,220,0,80,FFF,2013J,CMA,236.0,0.0,-16.0,Early,253,159,94,4,2.68,1,0.0,40.0,0,0.0,40.0,0,0,Pattern detected because academic activity increased sharply just before the deadline.,Normal
34882,330192,220,0,70,FFF,2013J,CMA,236.0,0.0,-16.0,Early,253,159,94,4,2.68,1,0.0,40.0,0,0.0,40.0,0,0,Pattern detected because academic activity increased sharply just before the deadline.,Normal
34883,330192,220,0,67,FFF,2013J,CMA,236.0,0.0,-16.0,Early,253,159,94,4,2.68,1,0.0,40.0,0,0.0,40.0,0,0,Pattern detected because academic activity increased sharply just before the deadline.,Normal
34884,330192,220,0,62,FFF,2013J,CMA,236.0,0.0,-16.0,Early,253,159,94,4,2.68,1,0.0,40.0,0,0.0,40.0,0,0,Pattern detected because academic activity increased sharply just before the deadline.,Normal
34873,330347,25,0,48,FFF,2013J,TMA,19.0,12.5,6.0,Late,14,0,14,2,0.0,0,1.0,60.0,1,,,0,0,Pattern detected because the task was submitted after the deadline.,Normal
34874,330347,64,0,40,FFF,2013J,TMA,47.0,12.5,17.0,Late,26,1,25,2,0.06,0,1.0,60.0,1,2.0,60.0,1,1,"Pattern detected because the task was submitted after the deadline, and similar behaviour appeared in at least 2 of the last 3 tasks.",Emerging
34875,330347,116,0,29,FFF,2013J,TMA,96.0,25.0,20.0,Late,41,0,41,2,0.0,0,1.0,60.0,1,3.0,60.0,1,0,"Pattern detected because the task was submitted after the deadline, and similar behaviour appeared in at least 2 of the last 3 tasks.",Emerging
34878,330347,117,0,80,FFF,2013J,CMA,236.0,0.0,-119.0,Early,0,0,0,0,0.0,0,0.0,0.0,0,2.0,40.0,1,0,Pattern detected because similar behaviour appeared in at least 2 of the last 3 tasks.,Normal
34873,330723,18,0,62,FFF,2013J,TMA,19.0,12.5,-1.0,Last Minute,61,1,60,2,0.03,0,0.75,45.0,0,,,0,0,Pattern detected because the task was submitted at the last minute.,Normal
34874,330723,53,0,18,FFF,2013J,TMA,47.0,12.5,6.0,Late,1,1,0,1,0.33,0,1.0,60.0,1,1.0,52.5,0,0,Pattern detected because the task was submitted after the deadline.,Emerging
34875,330723,99,0,22,FFF,2013J,TMA,96.0,25.0,3.0,Late,3,3,0,2,1.0,0,1.0,60.0,1,2.0,55.0,1,1,"Pattern detected because the task was submitted after the deadline, and similar behaviour appeared in at least 2 of the last 3 tasks.",Emerging
34876,330723,156,0,13,FFF,2013J,TMA,131.0,25.0,25.0,Late,2,0,2,1,0.0,0,1.0,60.0,1,3.0,60.0,1,0,"Pattern detected because the task was submitted after the deadline, and similar behaviour appeared in at least 2 of the last 3 tasks.",Emerging
34873,331039,19,0,74,FFF,2013J,TMA,19.0,12.5,0.0,Last Minute,29,29,0,2,9.67,1,0.75,85.0,1,,,0,0,"Pattern detected because the task was submitted at the last minute, and academic activity increased sharply just before the deadline.",Normal
34874,331039,47,0,48,FFF,2013J,TMA,47.0,12.5,0.0,Last Minute,62,26,36,4,1.06,0,0.75,45.0,0,1.0,65.0,0,0,Pattern detected because the task was submitted at the last minute.,Emerging
34875,331039,96,0,59,FFF,2013J,TMA,96.0,25.0,0.0,Last Minute,36,36,0,2,12.0,1,0.75,85.0,1,2.0,71.7,1,1,"Pattern detected because the task was submitted at the last minute, and academic activity increased sharply just before the deadline, and similar behaviour appeared in at least 2 of the last 3 tasks.",Emerging
34876,331039,128,0,84,FFF,2013J,TMA,131.0,25.0,-3.0,Near Deadline,67,0,67,5,0.0,0,0.35,21.0,0,1.0,50.3,0,0,Pattern detected because the task was completed close to the deadline.,Emerging
34878,331039,56,0,79,FFF,2013J,CMA,236.0,0.0,-180.0,Early,20,0,20,2,0.0,0,0.0,0.0,0,1.0,35.3,0,0,No strong procrastination pattern detected.,Normal
34879,331039,150,0,71,FFF,2013J,CMA,236.0,0.0,-86.0,Early,20,0,20,2,0.0,0,0.0,0.0,0,0.0,7.0,0,0,No strong procrastination pattern detected.,Normal
34880,331039,150,0,62,FFF,2013J,CMA,236.0,0.0,-86.0,Early,20,0,20,2,0.0,0,0.0,0.0,0,0.0,0.0,0,0,No strong procrastination pattern detected.,Normal
34881,331039,150,0,61,FFF,2013J,CMA,236.0,0.0,-86.0,Early,20,0,20,2,0.0,0,0.0,0.0,0,0.0,0.0,0,0,No strong procrastination pattern detected.,Normal
34882,331039,150,0,57,FFF,2013J,CMA,236.0,0.0,-86.0,Early,20,0,20,2,0.0,0,0.0,0.0,0,0.0,0.0,0,0,No strong procrastination pattern detected.,Normal
34883,331039,153,0,66,FFF,2013J,CMA,236.0,0.0,-83.0,Early,20,0,20,2,0.0,0,0.0,0.0,0,0.0,0.0,0,0,No strong procrastination pattern detected.,Normal
34884,331039,153,0,55,FFF,2013J,CMA,236.0,0.0,-83.0,Early,20,0,20,2,0.0,0,0.0,0.0,0,0.0,0.0,0,0,No strong procrastination pattern detected.,Normal
34873,331417,19,0,58,FFF,2013J,TMA,19.0,12.5,0.0,Last Minute,136,126,10,6,14.0,1,0.75,85.0,1,,,0,0,"Pattern detected because the task was submitted at the last minute, and academic activity increased sharply just before the deadline.",Normal
34874,331417,47,0,64,FFF,2013J,TMA,47.0,12.5,0.0,Last Minute,256,158,98,6,2.56,1,0.75,85.0,1,2.0,85.0,1,1,"Pattern detected because the task was submitted at the last minute, and academic activity increased sharply just before the deadline, and similar behaviour appeared in at least 2 of the last 3 tasks.",High
34875,331417,95,0,71,FFF,2013J,TMA,96.0,25.0,-1.0,Last Minute,349,256,93,7,4.35,1,0.75,85.0,1,3.0,85.0,1,0,"Pattern detected because the task was submitted at the last minute, and academic activity increased sharply just before the deadline, and similar behaviour appeared in at least 2 of the last 3 tasks.",High
34876,331417,131,0,82,FFF,2013J,TMA,131.0,25.0,0.0,Last Minute,109,32,77,4,0.65,0,0.75,45.0,0,2.0,71.7,1,0,"Pattern detected because the task was submitted at the last minute, and similar behaviour appeared in at least 2 of the last 3 tasks.",Emerging
34877,331417,172,0,66,FFF,2013J,TMA,173.0,25.0,-1.0,Last Minute,258,85,173,6,0.8,0,0.75,45.0,0,1.0,58.3,0,0,Pattern detected because the task was submitted at the last minute.,Emerging
34878,331417,48,0,85,FFF,2013J,CMA,236.0,0.0,-188.0,Early,309,130,179,6,1.18,0,0.0,0.0,0,0.0,30.0,0,0,No strong procrastination pattern detected.,Normal
34879,331417,97,0,98,FFF,2013J,CMA,236.0,0.0,-139.0,Early,309,130,179,6,1.18,0,0.0,0.0,0,0.0,15.0,0,0,No strong procrastination pattern detected.,Normal
34880,331417,97,0,79,FFF,2013J,CMA,236.0,0.0,-139.0,Early,309,130,179,6,1.18,0,0.0,0.0,0,0.0,0.0,0,0,No strong procrastination pattern detected.,Normal
34881,331417,112,0,70,FFF,2013J,CMA,236.0,0.0,-124.0,Early,309,130,179,6,1.18,0,0.0,0.0,0,0.0,0.0,0,0,No strong procrastination pattern detected.,Normal
34882,331417,171,0,89,FFF,2013J,CMA,236.0,0.0,-65.0,Early,309,130,179,6,1.18,0,0.0,0.0,0,0.0,0.0,0,0,No strong procrastination pattern detected.,Normal
34883,331417,229,0,78,FFF,2013J,CMA,236.0,0.0,-7.0,Early,309,130,179,6,1.18,0,0.0,0.0,0,0.0,0.0,0,0,No strong procrastination pattern detected.,Normal
34884,331417,234,0,73,FFF,2013J,CMA,236.0,0.0,-2.0,Near Deadline,309,130,179,6,1.18,0,0.35,21.0,0,0.0,7.0,0,0,Pattern detected because the task was completed close to the deadline.,Normal
34873,333710,19,0,92,FFF,2013J,TMA,19.0,12.5,0.0,Last Minute,88,47,41,6,1.7,1,0.75,85.0,1,,,0,0,"Pattern detected because the task was submitted at the last minute, and academic activity increased sharply just before the deadline.",Normal
34875,333710,110,0,53,FFF,2013J,TMA,96.0,25.0,14.0,Late,12,6,6,4,0.91,0,1.0,60.0,1,2.0,72.5,1,1,"Pattern detected because the task was submitted after the deadline, and similar behaviour appeared in at least 2 of the last 3 tasks.",Emerging
34878,333710,31,0,83,FFF,2013J,CMA,236.0,0.0,-205.0,Early,0,0,0,0,0.0,0,0.0,0.0,0,2.0,48.3,1,0,Pattern detected because similar behaviour appeared in at least 2 of the last 3 tasks.,Emerging
34879,333710,33,0,91,FFF,2013J,CMA,236.0,0.0,-203.0,Early,0,0,0,0,0.0,0,0.0,0.0,0,1.0,20.0,0,0,No strong procrastination pattern detected.,Normal
34873,334476,16,0,60,FFF,2013J,TMA,19.0,12.5,-3.0,Near Deadline,220,186,34,3,7.95,1,0.35,61.0,1,,,0,0,"Pattern detected because the task was completed close to the deadline, and academic activity increased sharply just before the deadline.",Normal
34874,334476,54,0,66,FFF,2013J,TMA,47.0,12.5,7.0,Late,15,15,0,2,5.0,1,1.0,100.0,1,2.0,80.5,1,1,"Pattern detected because the task was submitted after the deadline, and academic activity increased sharply just before the deadline, and similar behaviour appeared in at least 2 of the last 3 tasks.",High
34875,334476,95,0,70,FFF,2013J,TMA,96.0,25.0,-1.0,Last Minute,364,313,51,3,9.32,1,0.75,85.0,1,3.0,82.0,1,0,"Pattern detected because the task was submitted at the last minute, and academic activity increased sharply just before the deadline, and similar behaviour appeared in at least 2 of the last 3 tasks.",High
34876,334476,138,0,77,FFF,2013J,TMA,131.0,25.0,7.0,Late,23,0,23,2,0.0,0,1.0,60.0,1,3.0,81.7,1,0,"Pattern detected because the task was submitted after the deadline, and similar behaviour appeared in at least 2 of the last 3 tasks.",High
34877,334476,173,0,75,FFF,2013J,TMA,173.0,25.0,0.0,Last Minute,41,41,0,2,13.67,1,0.75,85.0,1,3.0,76.7,1,0,"Pattern detected because the task was submitted at the last minute, and academic activity increased sharply just before the deadline, and similar behaviour appeared in at least 2 of the last 3 tasks.",High
34878,334476,19,0,91,FFF,2013J,CMA,236.0,0.0,-217.0,Early,107,33,74,5,0.7,0,0.0,0.0,0,2.0,48.3,1,0,Pattern detected because similar behaviour appeared in at least 2 of the last 3 tasks.,Emerging
34879,334476,80,0,95,FFF,2013J,CMA,236.0,0.0,-156.0,Early,107,33,74,5,0.7,0,0.0,0.0,0,1.0,28.3,0,0,No strong procrastination pattern detected.,Normal
34880,334476,97,0,81,FFF,2013J,CMA,236.0,0.0,-139.0,Early,107,33,74,5,0.7,0,0.0,0.0,0,0.0,0.0,0,0,No strong procrastination pattern detected.,Normal
34881,334476,199,0,84,FFF,2013J,CMA,236.0,0.0,-37.0,Early,107,33,74,5,0.7,0,0.0,0.0,0,0.0,0.0,0,0,No strong procrastination pattern detected.,Normal
34882,334476,201,0,76,FFF,2013J,CMA,236.0,0.0,-35.0,Early,107,33,74,5,0.7,0,0.0,0.0,0,0.0,0.0,0,0,No strong procrastination pattern detected.,Normal
34884,334476,217,0,75,FFF,2013J,CMA,236.0,0.0,-19.0,Early,107,33,74,5,0.7,0,0.0,0.0,0,0.0,0.0,0,0,No strong procrastination pattern detected.,Normal
34883,334476,235,0,76,FFF,2013J,CMA,236.0,0.0,-1.0,Last Minute,107,33,74,5,0.7,0,0.75,45.0,0,0.0,15.0,0,0,Pattern detected because the task was submitted at the last minute.,Normal
34873,334669,16,0,74,FFF,2013J,TMA,19.0,12.5,-3.0,Near Deadline,106,50,56,4,1.37,0,0.35,21.0,0,,,0,0,Pattern detected because the task was completed close to the deadline.,Normal
34874,334669,45,0,64,FFF,2013J,TMA,47.0,12.5,-2.0,Near Deadline,90,39,51,5,1.16,0,0.35,21.0,0,0.0,21.0,0,0,Pattern detected because the task was completed close to the deadline.,Normal
34878,334669,24,0,81,FFF,2013J,CMA,236.0,0.0,-212.0,Early,0,0,0,0,0.0,0,0.0,0.0,0,0.0,14.0,0,0,No strong procrastination pattern detected.,Normal
34873,335476,12,0,84,FFF,2013J,TMA,19.0,12.5,-7.0,Early,109,49,60,4,1.26,0,0.0,0.0,0,,,0,0,No strong procrastination pattern detected.,Normal
34874,335476,45,0,92,FFF,2013J,TMA,47.0,12.5,-2.0,Near Deadline,54,37,17,2,2.8,1,0.35,61.0,1,1.0,30.5,0,0,"Pattern detected because the task was completed close to the deadline, and academic activity increased sharply just before the deadline.",Normal
34875,335476,100,0,86,FFF,2013J,TMA,96.0,25.0,4.0,Late,75,74,1,3,20.56,1,1.0,100.0,1,2.0,53.7,1,1,"Pattern detected because the task was submitted after the deadline, and academic activity increased sharply just before the deadline, and similar behaviour appeared in at least 2 of the last 3 tasks.",Emerging
34876,335476,131,0,85,FFF,2013J,TMA,131.0,25.0,0.0,Last Minute,102,100,2,4,23.81,1,0.75,85.0,1,3.0,82.0,1,0,"Pattern detected because the task was submitted at the last minute, and academic activity increased sharply just before the deadline, and similar behaviour appeared in at least 2 of the last 3 tasks.",High
34877,335476,172,0,91,FFF,2013J,TMA,173.0,25.0,-1.0,Last Minute,95,70,25,3,3.89,1,0.75,85.0,1,3.0,90.0,1,0,"Pattern detected because the task was submitted at the last minute, and academic activity increased sharply just before the deadline, and similar behaviour appeared in at least 2 of the last 3 tasks.",High
34878,335476,3,0,100,FFF,2013J,CMA,236.0,0.0,-233.0,Early,150,31,119,7,0.42,0,0.0,0.0,0,2.0,56.7,1,0,Pattern detected because similar behaviour appeared in at least 2 of the last 3 tasks.,Emerging
34879,335476,24,0,100,FFF,2013J,CMA,236.0,0.0,-212.0,Early,150,31,119,7,0.42,0,0.0,0.0,0,1.0,28.3,0,0,No strong procrastination pattern detected.,Normal
34880,335476,52,0,84,FFF,2013J,CMA,236.0,0.0,-184.0,Early,150,31,119,7,0.42,0,0.0,0.0,0,0.0,0.0,0,0,No strong procrastination pattern detected.,Normal
34881,335476,151,0,76,FFF,2013J,CMA,236.0,0.0,-85.0,Early,150,31,119,7,0.42,0,0.0,0.0,0,0.0,0.0,0,0,No strong procrastination pattern detected.,Normal
34882,335476,158,0,73,FFF,2013J,CMA,236.0,0.0,-78.0,Early,150,31,119,7,0.42,0,0.0,0.0,0,0.0,0.0,0,0,No strong procrastination pattern detected.,Normal
34883,335476,158,0,73,FFF,2013J,CMA,236.0,0.0,-78.0,Early,150,31,119,7,0.42,0,0.0,0.0,0,0.0,0.0,0,0,No strong procrastination pattern detected.,Normal
34884,335476,158,0,68,FFF,2013J,CMA,236.0,0.0,-78.0,Early,150,31,119,7,0.42,0,0.0,0.0,0,0.0,0.0,0,0,No strong procrastination pattern detected.,Normal
34873,335562,6,0,100,FFF,2013J,TMA,19.0,12.5,-13.0,Early,292,34,258,7,0.22,0,0.0,0.0,0,,,0,0,No strong procrastination pattern detected.,Normal
34874,335562,36,0,90,FFF,2013J,TMA,47.0,12.5,-11.0,Early,407,157,250,7,1.03,0,0.0,0.0,0,0.0,0.0,0,0,No strong procrastination pattern detected.,Normal
34875,335562,64,0,98,FFF,2013J,TMA,96.0,25.0,-32.0,Early,113,3,110,3,0.04,0,0.0,0.0,0,0.0,0.0,0,0,No strong procrastination pattern detected.,Normal
34876,335562,103,0,96,FFF,2013J,TMA,131.0,25.0,-28.0,Early,132,65,67,2,1.5,1,0.0,40.0,0,0.0,13.3,0,0,Pattern detected because academic activity increased sharply just before the deadline.,Normal
34877,335562,162,0,94,FFF,2013J,TMA,173.0,25.0,-11.0,Early,3,0,3,2,0.0,0,0.0,0.0,0,0.0,13.3,0,0,No strong procrastination pattern detected.,Normal
34879,335562,7,0,95,FFF,2013J,CMA,236.0,0.0,-229.0,Early,0,0,0,0,0.0,0,0.0,0.0,0,0.0,13.3,0,0,No strong procrastination pattern detected.,Normal
34878,335562,10,0,94,FFF,2013J,CMA,236.0,0.0,-226.0,Early,0,0,0,0,0.0,0,0.0,0.0,0,0.0,0.0,0,0,No strong procrastination pattern detected.,Normal
34880,335562,52,0,94,FFF,2013J,CMA,236.0,0.0,-184.0,Early,0,0,0,0,0.0,0,0.0,0.0,0,0.0,0.0,0,0,No strong procrastination pattern detected.,Normal
34881,335562,101,0,91,FFF,2013J,CMA,236.0,0.0,-135.0,Early,0,0,0,0,0.0,0,0.0,0.0,0,0.0,0.0,0,0,No strong procrastination pattern detected.,Normal
34882,335562,136,0,87,FFF,2013J,CMA,236.0,0.0,-100.0,Early,0,0,0,0,0.0,0,0.0,0.0,0,0.0,0.0,0,0,No strong procrastination pattern detected.,Normal
34884,335562,156,0,90,FFF,2013J,CMA,236.0,0.0,-80.0,Early,0,0,0,0,0.0,0,0.0,0.0,0,0.0,0.0,0,0,No strong procrastination pattern detected.,Normal
34883,335562,199,0,84,FFF,2013J,CMA,236.0,0.0,-37.0,Early,0,0,0,0,0.0,0,0.0,0.0,0,0.0,0.0,0,0,No strong procrastination pattern detected.,Normal
34873,335582,18,0,96,FFF,2013J,TMA,19.0,12.5,-1.0,Last Minute,736,359,377,8,1.57,1,0.75,85.0,1,,,0,0,"Pattern detected because the task was submitted at the last minute, and academic activity increased sharply just before the deadline.",Normal
34874,335582,47,0,94,FFF,2013J,TMA,47.0,12.5,0.0,Last Minute,123,99,24,4,5.69,1,0.75,85.0,1,2.0,85.0,1,1,"Pattern detected because the task was submitted at the last minute, and academic activity increased sharply just before the deadline, and similar behaviour appeared in at least 2 of the last 3 tasks.",High
34875,335582,101,0,90,FFF,2013J,TMA,96.0,25.0,5.0,Late,63,6,57,4,0.16,0,1.0,60.0,1,3.0,76.7,1,0,"Pattern detected because the task was submitted after the deadline, and similar behaviour appeared in at least 2 of the last 3 tasks.",High
34876,335582,130,0,91,FFF,2013J,TMA,131.0,25.0,-1.0,Last Minute,290,195,95,7,3.25,1,0.75,85.0,1,3.0,76.7,1,0,"Pattern detected because the task was submitted at the last minute, and academic activity increased sharply just before the deadline, and similar behaviour appeared in at least 2 of the last 3 tasks.",High
34877,335582,175,0,97,FFF,2013J,TMA,173.0,25.0,2.0,Late,5,0,5,1,0.0,0,1.0,60.0,1,3.0,68.3,1,0,"Pattern detected because the task was submitted after the deadline, and similar behaviour appeared in at least 2 of the last 3 tasks.",Emerging
34878,335582,13,0,93,FFF,2013J,CMA,236.0,0.0,-223.0,Early,168,74,94,7,1.25,0,0.0,0.0,0,2.0,48.3,1,0,Pattern detected because similar behaviour appeared in at least 2 of the last 3 tasks.,Emerging
34879,335582,132,0,93,FFF,2013J,CMA,236.0,0.0,-104.0,Early,168,74,94,7,1.25,0,0.0,0.0,0,1.0,20.0,0,0,No strong procrastination pattern detected.,Normal
34880,335582,133,0,88,FFF,2013J,CMA,236.0,0.0,-103.0,Early,168,74,94,7,1.25,0,0.0,0.0,0,0.0,0.0,0,0,No strong procrastination pattern detected.,Normal
34881,335582,220,0,79,FFF,2013J,CMA,236.0,0.0,-16.0,Early,168,74,94,7,1.25,0,0.0,0.0,0,0.0,0.0,0,0,No strong procrastination pattern detected.,Normal
34882,335582,220,0,82,FFF,2013J,CMA,236.0,0.0,-16.0,Early,168,74,94,7,1.25,0,0.0,0.0,0,0.0,0.0,0,0,No strong procrastination pattern detected.,Normal
34884,335582,228,0,97,FFF,2013J,CMA,236.0,0.0,-8.0,Early,168,74,94,7,1.25,0,0.0,0.0,0,0.0,0.0,0,0,No strong procrastination pattern detected.,Normal
34883,335582,230,0,90,FFF,2013J,CMA,236.0,0.0,-6.0,Early,168,74,94,7,1.25,0,0.0,0.0,0,0.0,0.0,0,0,No strong procrastination pattern detected.,Normal
34873,335644,15,0,94,FFF,2013J,TMA,19.0,12.5,-4.0,Early,586,205,381,7,0.89,0,0.0,0.0,0,,,0,0,No strong procrastination pattern detected.,Normal
34874,335644,46,0,96,FFF,2013J,TMA,47.0,12.5,-1.0,Last Minute,534,207,327,8,1.04,0,0.75,45.0,0,0.0,22.5,0,0,Pattern detected because the task was submitted at the last minute.,Normal
34875,335644,96,0,82,FFF,2013J,TMA,96.0,25.0,0.0,Last Minute,195,195,0,3,65.0,1,0.75,85.0,1,1.0,43.3,0,0,"Pattern detected because the task was submitted at the last minute, and academic activity increased sharply just before the deadline.",Normal
34876,335644,131,0,61,FFF,2013J,TMA,131.0,25.0,0.0,Last Minute,121,56,65,6,1.33,0,0.75,45.0,0,1.0,58.3,0,0,Pattern detected because the task was submitted at the last minute.,Emerging
34877,335644,173,0,24,FFF,2013J,TMA,173.0,25.0,0.0,Last Minute,138,137,1,3,38.06,1,0.75,85.0,1,2.0,71.7,1,1,"Pattern detected because the task was submitted at the last minute, and academic activity increased sharply just before the deadline, and similar behaviour appeared in at least 2 of the last 3 tasks.",Emerging
34878,335644,18,0,99,FFF,2013J,CMA,236.0,0.0,-218.0,Early,95,0,95,2,0.0,0,0.0,0.0,0,1.0,43.3,0,0,No strong procrastination pattern detected.,Normal
34879,335644,45,0,99,FFF,2013J,CMA,236.0,0.0,-191.0,Early,95,0,95,2,0.0,0,0.0,0.0,0,1.0,28.3,0,0,No strong procrastination pattern detected.,Normal
34880,335644,65,0,99,FFF,2013J,CMA,236.0,0.0,-171.0,Early,95,0,95,2,0.0,0,0.0,0.0,0,0.0,0.0,0,0,No strong procrastination pattern detected.,Normal
34881,335644,109,0,100,FFF,2013J,CMA,236.0,0.0,-127.0,Early,95,0,95,2,0.0,0,0.0,0.0,0,0.0,0.0,0,0,No strong procrastination pattern detected.,Normal
34882,335644,137,0,96,FFF,2013J,CMA,236.0,0.0,-99.0,Early,95,0,95,2,0.0,0,0.0,0.0,0,0.0,0.0,0,0,No strong procrastination pattern detected.,Normal
34884,335644,188,0,89,FFF,2013J,CMA,236.0,0.0,-48.0,Early,95,0,95,2,0.0,0,0.0,0.0,0,0.0,0.0,0,0,No strong procrastination pattern detected.,Normal
34883,335644,189,0,92,FFF,2013J,CMA,236.0,0.0,-47.0,Early,95,0,95,2,0.0,0,0.0,0.0,0,0.0,0.0,0,0,No strong procrastination pattern detected.,Normal
34879,335726,72,0,98,FFF,2013J,CMA,236.0,0.0,-164.0,Early,0,0,0,0,0.0,0,0.0,0.0,0,,,0,0,No strong procrastination pattern detected.,Normal
34873,338536,18,0,94,FFF,2013J,TMA,19.0,12.5,-1.0,Last Minute,134,134,0,2,44.67,1,0.75,85.0,1,,,0,0,"Pattern detected because the task was submitted at the last minute, and academic activity increased sharply just before the deadline.",Normal
34874,338536,46,0,90,FFF,2013J,TMA,47.0,12.5,-1.0,Last Minute,153,57,96,6,0.94,0,0.75,45.0,0,1.0,65.0,0,0,Pattern detected because the task was submitted at the last minute.,Emerging
34875,338536,103,0,89,FFF,2013J,TMA,96.0,25.0,7.0,Late,11,11,0,1,3.67,1,1.0,100.0,1,2.0,76.7,1,1,"Pattern detected because the task was submitted after the deadline, and academic activity increased sharply just before the deadline, and similar behaviour appeared in at least 2 of the last 3 tasks.",High
34876,338536,138,0,90,FFF,2013J,TMA,131.0,25.0,7.0,Late,43,15,28,3,0.76,0,1.0,60.0,1,2.0,68.3,1,0,"Pattern detected because the task was submitted after the deadline, and similar behaviour appeared in at least 2 of the last 3 tasks.",Emerging
34877,338536,173,0,28,FFF,2013J,TMA,173.0,25.0,0.0,Last Minute,24,24,0,2,8.0,1,0.75,85.0,1,3.0,81.7,1,0,"Pattern detected because the task was submitted at the last minute, and academic activity increased sharply just before the deadline, and similar behaviour appeared in at least 2 of the last 3 tasks.",High
34878,338536,31,0,98,FFF,2013J,CMA,236.0,0.0,-205.0,Early,172,165,7,5,22.92,1,0.0,40.0,0,2.0,61.7,1,0,"Pattern detected because academic activity increased sharply just before the deadline, and similar behaviour appeared in at least 2 of the last 3 tasks.",Emerging
34879,338536,31,0,94,FFF,2013J,CMA,236.0,0.0,-205.0,Early,172,165,7,5,22.92,1,0.0,40.0,0,1.0,55.0,0,0,Pattern detected because academic activity increased sharply just before the deadline.,Emerging
34880,338536,227,0,89,FFF,2013J,CMA,236.0,0.0,-9.0,Early,172,165,7,5,22.92,1,0.0,40.0,0,0.0,40.0,0,0,Pattern detected because academic activity increased sharply just before the deadline.,Normal
34881,338536,228,0,90,FFF,2013J,CMA,236.0,0.0,-8.0,Early,172,165,7,5,22.92,1,0.0,40.0,0,0.0,40.0,0,0,Pattern detected because academic activity increased sharply just before the deadline.,Normal
34882,338536,228,0,80,FFF,2013J,CMA,236.0,0.0,-8.0,Early,172,165,7,5,22.92,1,0.0,40.0,0,0.0,40.0,0,0,Pattern detected because academic activity increased sharply just before the deadline.,Normal
34883,338536,229,0,88,FFF,2013J,CMA,236.0,0.0,-7.0,Early,172,165,7,5,22.92,1,0.0,40.0,0,0.0,40.0,0,0,Pattern detected because academic activity increased sharply just before the deadline.,Normal
34884,338536,229,0,82,FFF,2013J,CMA,236.0,0.0,-7.0,Early,172,165,7,5,22.92,1,0.0,40.0,0,0.0,40.0,0,0,Pattern detected because academic activity increased sharply just before the deadline.,Normal
34873,338806,19,0,56,FFF,2013J,TMA,19.0,12.5,0.0,Last Minute,19,7,12,3,0.69,0,0.75,45.0,0,,,0,0,Pattern detected because the task was submitted at the last minute.,Normal
34874,338806,46,0,46,FFF,2013J,TMA,47.0,12.5,-1.0,Last Minute,38,10,28,4,0.51,0,0.75,45.0,0,0.0,45.0,0,0,Pattern detected because the task was submitted at the last minute.,Emerging
34875,338806,100,0,35,FFF,2013J,TMA,96.0,25.0,4.0,Late,0,0,0,0,0.0,0,1.0,60.0,1,1.0,50.0,0,0,Pattern detected because the task was submitted after the deadline.,Emerging
34876,338806,131,0,49,FFF,2013J,TMA,131.0,25.0,0.0,Last Minute,95,80,15,3,6.67,1,0.75,85.0,1,2.0,63.3,1,1,"Pattern detected because the task was submitted at the last minute, and academic activity increased sharply just before the deadline, and similar behaviour appeared in at least 2 of the last 3 tasks.",Emerging
34877,338806,173,0,47,FFF,2013J,TMA,173.0,25.0,0.0,Last Minute,84,62,22,3,3.83,1,0.75,85.0,1,3.0,76.7,1,0,"Pattern detected because the task was submitted at the last minute, and academic activity increased sharply just before the deadline, and similar behaviour appeared in at least 2 of the last 3 tasks.",High
34873,338975,1,0,84,FFF,2013J,TMA,19.0,12.5,-18.0,Early,19,0,19,1,0.0,0,0.0,0.0,0,,,0,0,No strong procrastination pattern detected.,Normal
34874,338975,43,0,68,FFF,2013J,TMA,47.0,12.5,-4.0,Early,36,3,33,4,0.13,0,0.0,0.0,0,0.0,0.0,0,0,No strong procrastination pattern detected.,Normal
34875,338975,77,0,85,FFF,2013J,TMA,96.0,25.0,-19.0,Early,89,11,78,2,0.22,0,0.0,0.0,0,0.0,0.0,0,0,No strong procrastination pattern detected.,Normal
34876,338975,106,0,88,FFF,2013J,TMA,131.0,25.0,-25.0,Early,85,85,0,1,28.33,1,0.0,40.0,0,0.0,13.3,0,0,Pattern detected because academic activity increased sharply just before the deadline.,Normal
34877,338975,168,0,89,FFF,2013J,TMA,173.0,25.0,-5.0,Early,122,1,121,4,0.01,0,0.0,0.0,0,0.0,13.3,0,0,No strong procrastination pattern detected.,Normal
34878,338975,3,0,83,FFF,2013J,CMA,236.0,0.0,-233.0,Early,14,6,8,4,0.77,0,0.0,0.0,0,0.0,13.3,0,0,No strong procrastination pattern detected.,Normal
34879,338975,3,0,94,FFF,2013J,CMA,236.0,0.0,-233.0,Early,14,6,8,4,0.77,0,0.0,0.0,0,0.0,0.0,0,0,No strong procrastination pattern detected.,Normal
34880,338975,49,0,76,FFF,2013J,CMA,236.0,0.0,-187.0,Early,14,6,8,4,0.77,0,0.0,0.0,0,0.0,0.0,0,0,No strong procrastination pattern detected.,Normal
34881,338975,101,0,78,FFF,2013J,CMA,236.0,0.0,-135.0,Early,14,6,8,4,0.77,0,0.0,0.0,0,0.0,0.0,0,0,No strong procrastination pattern detected.,Normal
34882,338975,132,0,83,FFF,2013J,CMA,236.0,0.0,-104.0,Early,14,6,8,4,0.77,0,0.0,0.0,0,0.0,0.0,0,0,No strong procrastination pattern detected.,Normal
34883,338975,154,0,86,FFF,2013J,CMA,236.0,0.0,-82.0,Early,14,6,8,4,0.77,0,0.0,0.0,0,0.0,0.0,0,0,No strong procrastination pattern detected.,Normal
34884,338975,154,0,88,FFF,2013J,CMA,236.0,0.0,-82.0,Early,14,6,8,4,0.77,0,0.0,0.0,0,0.0,0.0,0,0,No strong procrastination pattern detected.,Normal
34873,340647,18,0,62,FFF,2013J,TMA,19.0,12.5,-1.0,Last Minute,229,105,124,5,1.36,0,0.75,45.0,0,,,0,0,Pattern detected because the task was submitted at the last minute.,Normal
34874,340647,47,0,70,FFF,2013J,TMA,47.0,12.5,0.0,Last Minute,303,61,242,5,0.41,0,0.75,45.0,0,0.0,45.0,0,0,Pattern detected because the task was submitted at the last minute.,Emerging
34875,340647,99,0,72,FFF,2013J,TMA,96.0,25.0,3.0,Late,143,9,134,5,0.11,0,1.0,60.0,1,1.0,50.0,0,0,Pattern detected because the task was submitted after the deadline.,Emerging
34876,340647,131,0,78,FFF,2013J,TMA,131.0,25.0,0.0,Last Minute,84,67,17,5,5.08,1,0.75,85.0,1,2.0,63.3,1,1,"Pattern detected because the task was submitted at the last minute, and academic activity increased sharply just before the deadline, and similar behaviour appeared in at least 2 of the last 3 tasks.",Emerging
34877,340647,172,0,80,FFF,2013J,TMA,173.0,25.0,-1.0,Last Minute,204,76,128,6,0.95,0,0.75,45.0,0,2.0,63.3,1,0,"Pattern detected because the task was submitted at the last minute, and similar behaviour appeared in at least 2 of the last 3 tasks.",Emerging
34878,340647,104,0,80,FFF,2013J,CMA,236.0,0.0,-132.0,Early,471,114,357,7,0.52,0,0.0,0.0,0,1.0,43.3,0,0,No strong procrastination pattern detected.,Normal
34880,340647,112,0,77,FFF,2013J,CMA,236.0,0.0,-124.0,Early,471,114,357,7,0.52,0,0.0,0.0,0,0.0,15.0,0,0,No strong procrastination pattern detected.,Normal
34882,340647,180,0,81,FFF,2013J,CMA,236.0,0.0,-56.0,Early,471,114,357,7,0.52,0,0.0,0.0,0,0.0,0.0,0,0,No strong procrastination pattern detected.,Normal
34879,340647,181,0,94,FFF,2013J,CMA,236.0,0.0,-55.0,Early,471,114,357,7,0.52,0,0.0,0.0,0,0.0,0.0,0,0,No strong procrastination pattern detected.,Normal
34884,340647,194,0,87,FFF,2013J,CMA,236.0,0.0,-42.0,Early,471,114,357,7,0.52,0,0.0,0.0,0,0.0,0.0,0,0,No strong procrastination pattern detected.,Normal
34881,340647,227,0,85,FFF,2013J,CMA,236.0,0.0,-9.0,Early,471,114,357,7,0.52,0,0.0,0.0,0,0.0,0.0,0,0,No strong procrastination pattern detected.,Normal
34883,340647,238,0,87,FFF,2013J,CMA,236.0,0.0,2.0,Late,471,114,357,7,0.52,0,1.0,60.0,1,1.0,20.0,0,0,Pattern detected because the task was submitted after the deadline.,Normal
34873,340751,18,0,92,FFF,2013J,TMA,19.0,12.5,-1.0,Last Minute,42,42,0,1,14.0,1,0.75,85.0,1,,,0,0,"Pattern detected because the task was submitted at the last minute, and academic activity increased sharply just before the deadline.",Normal
34873,341096,19,0,66,FFF,2013J,TMA,19.0,12.5,0.0,Last Minute,330,281,49,8,8.67,1,0.75,85.0,1,,,0,0,"Pattern detected because the task was submitted at the last minute, and academic activity increased sharply just before the deadline.",Normal
34874,341096,47,0,66,FFF,2013J,TMA,47.0,12.5,0.0,Last Minute,278,54,224,8,0.39,0,0.75,45.0,0,1.0,65.0,0,0,Pattern detected because the task was submitted at the last minute.,Emerging
34875,341096,103,0,46,FFF,2013J,TMA,96.0,25.0,7.0,Late,116,88,28,4,4.44,1,1.0,100.0,1,2.0,76.7,1,1,"Pattern detected because the task was submitted after the deadline, and academic activity increased sharply just before the deadline, and similar behaviour appeared in at least 2 of the last 3 tasks.",High
34876,341096,137,0,57,FFF,2013J,TMA,131.0,25.0,6.0,Late,207,111,96,7,1.83,1,1.0,100.0,1,2.0,81.7,1,0,"Pattern detected because the task was submitted after the deadline, and academic activity increased sharply just before the deadline, and similar behaviour appeared in at least 2 of the last 3 tasks.",High
34877,341096,180,0,24,FFF,2013J,TMA,173.0,25.0,7.0,Late,459,22,437,7,0.08,0,1.0,60.0,1,3.0,86.7,1,0,"Pattern detected because the task was submitted after the deadline, and similar behaviour appeared in at least 2 of the last 3 tasks.",High
34878,341096,165,0,68,FFF,2013J,CMA,236.0,0.0,-71.0,Early,195,165,30,7,7.86,1,0.0,40.0,0,2.0,66.7,1,0,"Pattern detected because academic activity increased sharply just before the deadline, and similar behaviour appeared in at least 2 of the last 3 tasks.",Emerging
34879,341096,166,0,89,FFF,2013J,CMA,236.0,0.0,-70.0,Early,195,165,30,7,7.86,1,0.0,40.0,0,1.0,46.7,0,0,Pattern detected because academic activity increased sharply just before the deadline.,Emerging
34880,341096,167,0,52,FFF,2013J,CMA,236.0,0.0,-69.0,Early,195,165,30,7,7.86,1,0.0,40.0,0,0.0,40.0,0,0,Pattern detected because academic activity increased sharply just before the deadline.,Normal
34881,341096,167,0,64,FFF,2013J,CMA,236.0,0.0,-69.0,Early,195,165,30,7,7.86,1,0.0,40.0,0,0.0,40.0,0,0,Pattern detected because academic activity increased sharply just before the deadline.,Normal
34884,341096,167,0,62,FFF,2013J,CMA,236.0,0.0,-69.0,Early,195,165,30,7,7.86,1,0.0,40.0,0,0.0,40.0,0,0,Pattern detected because academic activity increased sharply just before the deadline.,Normal
34882,341096,193,0,75,FFF,2013J,CMA,236.0,0.0,-43.0,Early,195,165,30,7,7.86,1,0.0,40.0,0,0.0,40.0,0,0,Pattern detected because academic activity increased sharply just before the deadline.,Normal
34883,341096,193,0,76,FFF,2013J,CMA,236.0,0.0,-43.0,Early,195,165,30,7,7.86,1,0.0,40.0,0,0.0,40.0,0,0,Pattern detected because academic activity increased sharply just before the deadline.,Normal
34873,341361,19,0,70,FFF,2013J,TMA,19.0,12.5,0.0,Last Minute,197,83,114,7,1.16,0,0.75,45.0,0,,,0,0,Pattern detected because the task was submitted at the last minute.,Normal
34874,341361,50,0,74,FFF,2013J,TMA,47.0,12.5,3.0,Late,161,29,132,6,0.35,0,1.0,60.0,1,1.0,52.5,0,0,Pattern detected because the task was submitted after the deadline.,Emerging
34875,341361,96,0,51,FFF,2013J,TMA,96.0,25.0,0.0,Last Minute,98,85,13,4,7.87,1,0.75,85.0,1,2.0,63.3,1,1,"Pattern detected because the task was submitted at the last minute, and academic activity increased sharply just before the deadline, and similar behaviour appeared in at least 2 of the last 3 tasks.",Emerging
34876,341361,132,0,48,FFF,2013J,TMA,131.0,25.0,1.0,Late,183,28,155,7,0.29,0,1.0,60.0,1,3.0,68.3,1,0,"Pattern detected because the task was submitted after the deadline, and similar behaviour appeared in at least 2 of the last 3 tasks.",Emerging
34877,341361,178,0,71,FFF,2013J,TMA,173.0,25.0,5.0,Late,124,71,53,4,2.04,1,1.0,100.0,1,3.0,81.7,1,0,"Pattern detected because the task was submitted after the deadline, and academic activity increased sharply just before the deadline, and similar behaviour appeared in at least 2 of the last 3 tasks.",High
34878,341361,84,0,65,FFF,2013J,CMA,236.0,0.0,-152.0,Early,439,57,382,7,0.25,0,0.0,0.0,0,2.0,53.3,1,0,Pattern detected because similar behaviour appeared in at least 2 of the last 3 tasks.,Emerging
34879,341361,101,0,79,FFF,2013J,CMA,236.0,0.0,-135.0,Early,439,57,382,7,0.25,0,0.0,0.0,0,1.0,33.3,0,0,No strong procrastination pattern detected.,Normal
34880,341361,203,0,79,FFF,2013J,CMA,236.0,0.0,-33.0,Early,439,57,382,7,0.25,0,0.0,0.0,0,0.0,0.0,0,0,No strong procrastination pattern detected.,Normal
34881,341361,207,0,75,FFF,2013J,CMA,236.0,0.0,-29.0,Early,439,57,382,7,0.25,0,0.0,0.0,0,0.0,0.0,0,0,No strong procrastination pattern detected.,Normal
34882,341361,221,0,76,FFF,2013J,CMA,236.0,0.0,-15.0,Early,439,57,382,7,0.25,0,0.0,0.0,0,0.0,0.0,0,0,No strong procrastination pattern detected.,Normal
34883,341361,234,0,70,FFF,2013J,CMA,236.0,0.0,-2.0,Near Deadline,439,57,382,7,0.25,0,0.35,21.0,0,0.0,7.0,0,0,Pattern detected because the task was completed close to the deadline.,Normal
34884,341361,234,0,70,FFF,2013J,CMA,236.0,0.0,-2.0,Near Deadline,439,57,382,7,0.25,0,0.35,21.0,0,0.0,14.0,0,0,Pattern detected because the task was completed close to the deadline.,Normal
34873,341470,16,0,84,FFF,2013J,TMA,19.0,12.5,-3.0,Near Deadline,346,25,321,8,0.13,0,0.35,21.0,0,,,0,0,Pattern detected because the task was completed close to the deadline.,Normal
34874,341470,46,0,54,FFF,2013J,TMA,47.0,12.5,-1.0,Last Minute,129,101,28,6,5.1,1,0.75,85.0,1,1.0,53.0,0,0,"Pattern detected because the task was submitted at the last minute, and academic activity increased sharply just before the deadline.",Emerging
34875,341470,95,0,79,FFF,2013J,TMA,96.0,25.0,-1.0,Last Minute,107,5,102,4,0.08,0,0.75,45.0,0,1.0,50.3,0,0,Pattern detected because the task was submitted at the last minute.,Emerging
34876,341470,127,0,74,FFF,2013J,TMA,131.0,25.0,-4.0,Early,165,153,12,4,15.0,1,0.0,40.0,0,1.0,56.7,0,0,Pattern detected because academic activity increased sharply just before the deadline.,Emerging
34877,341470,172,0,79,FFF,2013J,TMA,173.0,25.0,-1.0,Last Minute,337,118,219,8,0.88,0,0.75,45.0,0,0.0,43.3,0,0,Pattern detected because the task was submitted at the last minute.,Normal
34878,341470,16,0,80,FFF,2013J,CMA,236.0,0.0,-220.0,Early,89,0,89,4,0.0,0,0.0,0.0,0,0.0,28.3,0,0,No strong procrastination pattern detected.,Normal
34879,341470,27,0,72,FFF,2013J,CMA,236.0,0.0,-209.0,Early,89,0,89,4,0.0,0,0.0,0.0,0,0.0,15.0,0,0,No strong procrastination pattern detected.,Normal
34880,341470,80,0,65,FFF,2013J,CMA,236.0,0.0,-156.0,Early,89,0,89,4,0.0,0,0.0,0.0,0,0.0,0.0,0,0,No strong procrastination pattern detected.,Normal
34881,341470,131,0,62,FFF,2013J,CMA,236.0,0.0,-105.0,Early,89,0,89,4,0.0,0,0.0,0.0,0,0.0,0.0,0,0,No strong procrastination pattern detected.,Normal
34882,341470,150,0,75,FFF,2013J,CMA,236.0,0.0,-86.0,Early,89,0,89,4,0.0,0,0.0,0.0,0,0.0,0.0,0,0,No strong procrastination pattern detected.,Normal
34884,341470,171,0,56,FFF,2013J,CMA,236.0,0.0,-65.0,Early,89,0,89,4,0.0,0,0.0,0.0,0,0.0,0.0,0,0,No strong procrastination pattern detected.,Normal
34883,341470,195,0,54,FFF,2013J,CMA,236.0,0.0,-41.0,Early,89,0,89,4,0.0,0,0.0,0.0,0,0.0,0.0,0,0,No strong procrastination pattern detected.,Normal
34873,341839,18,0,70,FFF,2013J,TMA,19.0,12.5,-1.0,Last Minute,97,55,42,5,1.95,1,0.75,85.0,1,,,0,0,"Pattern detected because the task was submitted at the last minute, and academic activity increased sharply just before the deadline.",Normal
34874,341839,46,0,60,FFF,2013J,TMA,47.0,12.5,-1.0,Last Minute,101,69,32,4,3.11,1,0.75,85.0,1,2.0,85.0,1,1,"Pattern detected because the task was submitted at the last minute, and academic activity increased sharply just before the deadline, and similar behaviour appeared in at least 2 of the last 3 tasks.",High
34873,342155,19,0,70,FFF,2013J,TMA,19.0,12.5,0.0,Last Minute,218,59,159,5,0.6,0,0.75,45.0,0,,,0,0,Pattern detected because the task was submitted at the last minute.,Normal
34874,342155,47,0,70,FFF,2013J,TMA,47.0,12.5,0.0,Last Minute,137,74,63,6,1.81,1,0.75,85.0,1,1.0,65.0,0,0,"Pattern detected because the task was submitted at the last minute, and academic activity increased sharply just before the deadline.",Emerging
34875,342155,99,0,64,FFF,2013J,TMA,96.0,25.0,3.0,Late,95,75,20,5,5.0,1,1.0,100.0,1,2.0,76.7,1,1,"Pattern detected because the task was submitted after the deadline, and academic activity increased sharply just before the deadline, and similar behaviour appeared in at least 2 of the last 3 tasks.",High
34876,342155,135,0,62,FFF,2013J,TMA,131.0,25.0,4.0,Late,165,97,68,4,2.21,1,1.0,100.0,1,3.0,95.0,1,0,"Pattern detected because the task was submitted after the deadline, and academic activity increased sharply just before the deadline, and similar behaviour appeared in at least 2 of the last 3 tasks.",High
34877,342155,173,0,79,FFF,2013J,TMA,173.0,25.0,0.0,Last Minute,143,128,15,5,10.67,1,0.75,85.0,1,3.0,95.0,1,0,"Pattern detected because the task was submitted at the last minute, and academic activity increased sharply just before the deadline, and similar behaviour appeared in at least 2 of the last 3 tasks.",High
34878,342155,137,0,76,FFF,2013J,CMA,236.0,0.0,-99.0,Early,315,0,315,3,0.0,0,0.0,0.0,0,2.0,61.7,1,0,Pattern detected because similar behaviour appeared in at least 2 of the last 3 tasks.,Emerging
34879,342155,137,0,92,FFF,2013J,CMA,236.0,0.0,-99.0,Early,315,0,315,3,0.0,0,0.0,0.0,0,1.0,28.3,0,0,No strong procrastination pattern detected.,Normal
34880,342155,139,0,87,FFF,2013J,CMA,236.0,0.0,-97.0,Early,315,0,315,3,0.0,0,0.0,0.0,0,0.0,0.0,0,0,No strong procrastination pattern detected.,Normal
34881,342155,142,0,87,FFF,2013J,CMA,236.0,0.0,-94.0,Early,315,0,315,3,0.0,0,0.0,0.0,0,0.0,0.0,0,0,No strong procrastination pattern detected.,Normal
34882,342155,214,0,87,FFF,2013J,CMA,236.0,0.0,-22.0,Early,315,0,315,3,0.0,0,0.0,0.0,0,0.0,0.0,0,0,No strong procrastination pattern detected.,Normal
34883,342155,234,0,73,FFF,2013J,CMA,236.0,0.0,-2.0,Near Deadline,315,0,315,3,0.0,0,0.35,21.0,0,0.0,7.0,0,0,Pattern detected because the task was completed close to the deadline.,Normal
34884,342155,234,0,79,FFF,2013J,CMA,236.0,0.0,-2.0,Near Deadline,315,0,315,3,0.0,0,0.35,21.0,0,0.0,14.0,0,0,Pattern detected because the task was completed close to the deadline.,Normal
34873,342953,18,0,88,FFF,2013J,TMA,19.0,12.5,-1.0,Last Minute,189,78,111,5,1.12,0,0.75,45.0,0,,,0,0,Pattern detected because the task was submitted at the last minute.,Normal
34874,342953,46,0,84,FFF,2013J,TMA,47.0,12.5,-1.0,Last Minute,48,32,16,3,2.54,1,0.75,85.0,1,1.0,65.0,0,0,"Pattern detected because the task was submitted at the last minute, and academic activity increased sharply just before the deadline.",Emerging
34875,342953,95,0,75,FFF,2013J,TMA,96.0,25.0,-1.0,Last Minute,98,57,41,5,2.07,1,0.75,85.0,1,2.0,71.7,1,1,"Pattern detected because the task was submitted at the last minute, and academic activity increased sharply just before the deadline, and similar behaviour appeared in at least 2 of the last 3 tasks.",Emerging
34876,342953,130,0,89,FFF,2013J,TMA,131.0,25.0,-1.0,Last Minute,91,59,32,5,2.66,1,0.75,85.0,1,3.0,85.0,1,0,"Pattern detected because the task was submitted at the last minute, and academic activity increased sharply just before the deadline, and similar behaviour appeared in at least 2 of the last 3 tasks.",High
34877,342953,171,0,97,FFF,2013J,TMA,173.0,25.0,-2.0,Near Deadline,112,12,100,4,0.19,0,0.35,21.0,0,2.0,63.7,1,0,"Pattern detected because the task was completed close to the deadline, and similar behaviour appeared in at least 2 of the last 3 tasks.",Emerging
34878,342953,199,0,75,FFF,2013J,CMA,236.0,0.0,-37.0,Early,425,247,178,5,2.25,1,0.0,40.0,0,1.0,48.7,0,0,Pattern detected because academic activity increased sharply just before the deadline.,Emerging
34879,342953,206,0,88,FFF,2013J,CMA,236.0,0.0,-30.0,Early,425,247,178,5,2.25,1,0.0,40.0,0,0.0,33.7,0,0,Pattern detected because academic activity increased sharply just before the deadline.,Normal
34880,342953,206,0,72,FFF,2013J,CMA,236.0,0.0,-30.0,Early,425,247,178,5,2.25,1,0.0,40.0,0,0.0,40.0,0,0,Pattern detected because academic activity increased sharply just before the deadline.,Normal
34881,342953,210,0,69,FFF,2013J,CMA,236.0,0.0,-26.0,Early,425,247,178,5,2.25,1,0.0,40.0,0,0.0,40.0,0,0,Pattern detected because academic activity increased sharply just before the deadline.,Normal
34882,342953,220,0,81,FFF,2013J,CMA,236.0,0.0,-16.0,Early,425,247,178,5,2.25,1,0.0,40.0,0,0.0,40.0,0,0,Pattern detected because academic activity increased sharply just before the deadline.,Normal
34883,342953,220,0,91,FFF,2013J,CMA,236.0,0.0,-16.0,Early,425,247,178,5,2.25,1,0.0,40.0,0,0.0,40.0,0,0,Pattern detected because academic activity increased sharply just before the deadline.,Normal
34884,342953,220,0,80,FFF,2013J,CMA,236.0,0.0,-16.0,Early,425,247,178,5,2.25,1,0.0,40.0,0,0.0,40.0,0,0,Pattern detected because academic activity increased sharply just before the deadline.,Normal
34873,343419,18,0,90,FFF,2013J,TMA,19.0,12.5,-1.0,Last Minute,129,50,79,7,0.99,0,0.75,45.0,0,,,0,0,Pattern detected because the task was submitted at the last minute.,Normal
34874,343419,54,0,88,FFF,2013J,TMA,47.0,12.5,7.0,Late,70,8,62,6,0.2,0,1.0,60.0,1,1.0,52.5,0,0,Pattern detected because the task was submitted after the deadline.,Emerging
34873,343658,19,0,68,FFF,2013J,TMA,19.0,12.5,0.0,Last Minute,78,22,56,3,0.6,0,0.75,45.0,0,,,0,0,Pattern detected because the task was submitted at the last minute.,Normal
34873,343828,26,0,54,FFF,2013J,TMA,19.0,12.5,7.0,Late,180,94,86,6,1.72,1,1.0,100.0,1,,,0,0,"Pattern detected because the task was submitted after the deadline, and academic activity increased sharply just before the deadline.",Normal
34874,343828,54,0,68,FFF,2013J,TMA,47.0,12.5,7.0,Late,265,80,185,4,0.7,0,1.0,60.0,1,2.0,80.0,1,1,"Pattern detected because the task was submitted after the deadline, and similar behaviour appeared in at least 2 of the last 3 tasks.",High
34875,343828,110,0,45,FFF,2013J,TMA,96.0,25.0,14.0,Late,0,0,0,0,0.0,0,1.0,60.0,1,3.0,73.3,1,0,"Pattern detected because the task was submitted after the deadline, and similar behaviour appeared in at least 2 of the last 3 tasks.",Emerging
34876,343828,139,0,40,FFF,2013J,TMA,131.0,25.0,8.0,Late,145,32,113,4,0.45,0,1.0,60.0,1,3.0,60.0,1,0,"Pattern detected because the task was submitted after the deadline, and similar behaviour appeared in at least 2 of the last 3 tasks.",Emerging
34877,343828,174,0,41,FFF,2013J,TMA,173.0,25.0,1.0,Late,305,164,141,5,1.87,1,1.0,100.0,1,3.0,73.3,1,0,"Pattern detected because the task was submitted after the deadline, and academic activity increased sharply just before the deadline, and similar behaviour appeared in at least 2 of the last 3 tasks.",Emerging
34878,343828,55,0,81,FFF,2013J,CMA,236.0,0.0,-181.0,Early,368,289,79,5,5.73,1,0.0,40.0,0,2.0,66.7,1,0,"Pattern detected because academic activity increased sharply just before the deadline, and similar behaviour appeared in at least 2 of the last 3 tasks.",Emerging
34879,343828,201,0,83,FFF,2013J,CMA,236.0,0.0,-35.0,Early,368,289,79,5,5.73,1,0.0,40.0,0,1.0,60.0,0,0,Pattern detected because academic activity increased sharply just before the deadline.,Emerging
34880,343828,203,0,64,FFF,2013J,CMA,236.0,0.0,-33.0,Early,368,289,79,5,5.73,1,0.0,40.0,0,0.0,40.0,0,0,Pattern detected because academic activity increased sharply just before the deadline.,Normal
34881,343828,207,0,72,FFF,2013J,CMA,236.0,0.0,-29.0,Early,368,289,79,5,5.73,1,0.0,40.0,0,0.0,40.0,0,0,Pattern detected because academic activity increased sharply just before the deadline.,Normal
34882,343828,210,0,71,FFF,2013J,CMA,236.0,0.0,-26.0,Early,368,289,79,5,5.73,1,0.0,40.0,0,0.0,40.0,0,0,Pattern detected because academic activity increased sharply just before the deadline.,Normal
34884,343828,216,0,77,FFF,2013J,CMA,236.0,0.0,-20.0,Early,368,289,79,5,5.73,1,0.0,40.0,0,0.0,40.0,0,0,Pattern detected because academic activity increased sharply just before the deadline.,Normal
34883,343828,217,0,61,FFF,2013J,CMA,236.0,0.0,-19.0,Early,368,289,79,5,5.73,1,0.0,40.0,0,0.0,40.0,0,0,Pattern detected because academic activity increased sharply just before the deadline.,Normal
34873,344787,19,0,76,FFF,2013J,TMA,19.0,12.5,0.0,Last Minute,359,217,142,8,2.46,1,0.75,85.0,1,,,0,0,"Pattern detected because the task was submitted at the last minute, and academic activity increased sharply just before the deadline.",Normal
34874,344787,47,0,48,FFF,2013J,TMA,47.0,12.5,0.0,Last Minute,253,104,149,7,1.13,0,0.75,45.0,0,1.0,65.0,0,0,Pattern detected because the task was submitted at the last minute.,Emerging
34876,344787,131,0,66,FFF,2013J,TMA,131.0,25.0,0.0,Last Minute,420,211,209,7,1.64,1,0.75,85.0,1,2.0,71.7,1,1,"Pattern detected because the task was submitted at the last minute, and academic activity increased sharply just before the deadline, and similar behaviour appeared in at least 2 of the last 3 tasks.",Emerging
34877,344787,173,0,77,FFF,2013J,TMA,173.0,25.0,0.0,Last Minute,508,342,166,8,3.33,1,0.75,85.0,1,2.0,71.7,1,0,"Pattern detected because the task was submitted at the last minute, and academic activity increased sharply just before the deadline, and similar behaviour appeared in at least 2 of the last 3 tasks.",Emerging
34878,344787,214,0,87,FFF,2013J,CMA,236.0,0.0,-22.0,Early,443,261,182,8,2.33,1,0.0,40.0,0,2.0,70.0,1,0,"Pattern detected because academic activity increased sharply just before the deadline, and similar behaviour appeared in at least 2 of the last 3 tasks.",Emerging
34879,344787,214,0,94,FFF,2013J,CMA,236.0,0.0,-22.0,Early,443,261,182,8,2.33,1,0.0,40.0,0,1.0,55.0,0,0,Pattern detected because academic activity increased sharply just before the deadline.,Emerging
34880,344787,214,0,75,FFF,2013J,CMA,236.0,0.0,-22.0,Early,443,261,182,8,2.33,1,0.0,40.0,0,0.0,40.0,0,0,Pattern detected because academic activity increased sharply just before the deadline.,Normal
34881,344787,214,0,89,FFF,2013J,CMA,236.0,0.0,-22.0,Early,443,261,182,8,2.33,1,0.0,40.0,0,0.0,40.0,0,0,Pattern detected because academic activity increased sharply just before the deadline.,Normal
34882,344787,214,0,87,FFF,2013J,CMA,236.0,0.0,-22.0,Early,443,261,182,8,2.33,1,0.0,40.0,0,0.0,40.0,0,0,Pattern detected because academic activity increased sharply just before the deadline.,Normal
34883,344787,214,0,83,FFF,2013J,CMA,236.0,0.0,-22.0,Early,443,261,182,8,2.33,1,0.0,40.0,0,0.0,40.0,0,0,Pattern detected because academic activity increased sharply just before the deadline.,Normal
34884,344787,214,0,79,FFF,2013J,CMA,236.0,0.0,-22.0,Early,443,261,182,8,2.33,1,0.0,40.0,0,0.0,40.0,0,0,Pattern detected because academic activity increased sharply just before the deadline.,Normal
34873,347484,18,0,68,FFF,2013J,TMA,19.0,12.5,-1.0,Last Minute,67,37,30,6,1.76,1,0.75,85.0,1,,,0,0,"Pattern detected because the task was submitted at the last minute, and academic activity increased sharply just before the deadline.",Normal
34874,347484,46,0,68,FFF,2013J,TMA,47.0,12.5,-1.0,Last Minute,142,32,110,7,0.46,0,0.75,45.0,0,1.0,65.0,0,0,Pattern detected because the task was submitted at the last minute.,Emerging
34875,347484,96,0,72,FFF,2013J,TMA,96.0,25.0,0.0,Last Minute,93,59,34,7,2.52,1,0.75,85.0,1,2.0,71.7,1,1,"Pattern detected because the task was submitted at the last minute, and academic activity increased sharply just before the deadline, and similar behaviour appeared in at least 2 of the last 3 tasks.",Emerging
34876,347484,130,0,76,FFF,2013J,TMA,131.0,25.0,-1.0,Last Minute,36,6,30,4,0.29,0,0.75,45.0,0,1.0,58.3,0,0,Pattern detected because the task was submitted at the last minute.,Emerging
34877,347484,172,0,63,FFF,2013J,TMA,173.0,25.0,-1.0,Last Minute,40,30,10,4,3.33,1,0.75,85.0,1,2.0,71.7,1,0,"Pattern detected because the task was submitted at the last minute, and academic activity increased sharply just before the deadline, and similar behaviour appeared in at least 2 of the last 3 tasks.",Emerging
34878,347484,56,0,90,FFF,2013J,CMA,236.0,0.0,-180.0,Early,9,9,0,1,3.0,1,0.0,40.0,0,1.0,56.7,0,0,Pattern detected because academic activity increased sharply just before the deadline.,Emerging
34879,347484,65,0,89,FFF,2013J,CMA,236.0,0.0,-171.0,Early,9,9,0,1,3.0,1,0.0,40.0,0,1.0,55.0,0,0,Pattern detected because academic activity increased sharply just before the deadline.,Emerging
34880,347484,214,0,79,FFF,2013J,CMA,236.0,0.0,-22.0,Early,9,9,0,1,3.0,1,0.0,40.0,0,0.0,40.0,0,0,Pattern detected because academic activity increased sharply just before the deadline.,Normal
34881,347484,214,0,85,FFF,2013J,CMA,236.0,0.0,-22.0,Early,9,9,0,1,3.0,1,0.0,40.0,0,0.0,40.0,0,0,Pattern detected because academic activity increased sharply just before the deadline.,Normal
34882,347484,214,0,86,FFF,2013J,CMA,236.0,0.0,-22.0,Early,9,9,0,1,3.0,1,0.0,40.0,0,0.0,40.0,0,0,Pattern detected because academic activity increased sharply just before the deadline.,Normal
34883,347484,214,0,80,FFF,2013J,CMA,236.0,0.0,-22.0,Early,9,9,0,1,3.0,1,0.0,40.0,0,0.0,40.0,0,0,Pattern detected because academic activity increased sharply just before the deadline.,Normal
34884,347484,214,0,88,FFF,2013J,CMA,236.0,0.0,-22.0,Early,9,9,0,1,3.0,1,0.0,40.0,0,0.0,40.0,0,0,Pattern detected because academic activity increased sharply just before the deadline.,Normal
34873,347809,19,0,80,FFF,2013J,TMA,19.0,12.5,0.0,Last Minute,367,247,120,8,3.29,1,0.75,85.0,1,,,0,0,"Pattern detected because the task was submitted at the last minute, and academic activity increased sharply just before the deadline.",Normal
34874,347809,46,0,74,FFF,2013J,TMA,47.0,12.5,-1.0,Last Minute,438,367,71,8,8.05,1,0.75,85.0,1,2.0,85.0,1,1,"Pattern detected because the task was submitted at the last minute, and academic activity increased sharply just before the deadline, and similar behaviour appeared in at least 2 of the last 3 tasks.",High
34875,347809,96,0,92,FFF,2013J,TMA,96.0,25.0,0.0,Last Minute,35,33,2,3,7.86,1,0.75,85.0,1,3.0,85.0,1,0,"Pattern detected because the task was submitted at the last minute, and academic activity increased sharply just before the deadline, and similar behaviour appeared in at least 2 of the last 3 tasks.",High
34876,347809,128,0,92,FFF,2013J,TMA,131.0,25.0,-3.0,Near Deadline,37,11,26,2,0.59,0,0.35,21.0,0,2.0,63.7,1,0,"Pattern detected because the task was completed close to the deadline, and similar behaviour appeared in at least 2 of the last 3 tasks.",Emerging
34877,347809,172,0,87,FFF,2013J,TMA,173.0,25.0,-1.0,Last Minute,140,135,5,2,22.5,1,0.75,85.0,1,2.0,63.7,1,0,"Pattern detected because the task was submitted at the last minute, and academic activity increased sharply just before the deadline, and similar behaviour appeared in at least 2 of the last 3 tasks.",Emerging
34878,347809,47,0,98,FFF,2013J,CMA,236.0,0.0,-189.0,Early,42,20,22,3,1.23,0,0.0,0.0,0,1.0,35.3,0,0,No strong procrastination pattern detected.,Normal
34879,347809,47,0,99,FFF,2013J,CMA,236.0,0.0,-189.0,Early,42,20,22,3,1.23,0,0.0,0.0,0,1.0,28.3,0,0,No strong procrastination pattern detected.,Normal
34880,347809,108,0,81,FFF,2013J,CMA,236.0,0.0,-128.0,Early,42,20,22,3,1.23,0,0.0,0.0,0,0.0,0.0,0,0,No strong procrastination pattern detected.,Normal
34881,347809,185,0,80,FFF,2013J,CMA,236.0,0.0,-51.0,Early,42,20,22,3,1.23,0,0.0,0.0,0,0.0,0.0,0,0,No strong procrastination pattern detected.,Normal
34882,347809,185,0,89,FFF,2013J,CMA,236.0,0.0,-51.0,Early,42,20,22,3,1.23,0,0.0,0.0,0,0.0,0.0,0,0,No strong procrastination pattern detected.,Normal
34884,347809,214,0,77,FFF,2013J,CMA,236.0,0.0,-22.0,Early,42,20,22,3,1.23,0,0.0,0.0,0,0.0,0.0,0,0,No strong procrastination pattern detected.,Normal
34883,347809,215,0,75,FFF,2013J,CMA,236.0,0.0,-21.0,Early,42,20,22,3,1.23,0,0.0,0.0,0,0.0,0.0,0,0,No strong procrastination pattern detected.,Normal
34875,348717,99,0,61,FFF,2013J,TMA,96.0,25.0,3.0,Late,44,0,44,3,0.0,0,1.0,60.0,1,,,0,0,Pattern detected because the task was submitted after the deadline.,Normal
34876,348717,130,0,75,FFF,2013J,TMA,131.0,25.0,-1.0,Last Minute,27,20,7,3,2.78,1,0.75,85.0,1,2.0,72.5,1,1,"Pattern detected because the task was submitted at the last minute, and academic activity increased sharply just before the deadline, and similar behaviour appeared in at least 2 of the last 3 tasks.",Emerging
34877,348717,172,0,73,FFF,2013J,TMA,173.0,25.0,-1.0,Last Minute,46,24,22,4,1.48,0,0.75,45.0,0,2.0,63.3,1,0,"Pattern detected because the task was submitted at the last minute, and similar behaviour appeared in at least 2 of the last 3 tasks.",Emerging
34879,348717,199,0,68,FFF,2013J,CMA,236.0,0.0,-37.0,Early,187,152,35,5,6.33,1,0.0,40.0,0,1.0,56.7,0,0,Pattern detected because academic activity increased sharply just before the deadline.,Emerging
34880,348717,199,0,58,FFF,2013J,CMA,236.0,0.0,-37.0,Early,187,152,35,5,6.33,1,0.0,40.0,0,0.0,41.7,0,0,Pattern detected because academic activity increased sharply just before the deadline.,Normal
34881,348717,210,0,62,FFF,2013J,CMA,236.0,0.0,-26.0,Early,187,152,35,5,6.33,1,0.0,40.0,0,0.0,40.0,0,0,Pattern detected because academic activity increased sharply just before the deadline.,Normal
34882,348717,210,0,70,FFF,2013J,CMA,236.0,0.0,-26.0,Early,187,152,35,5,6.33,1,0.0,40.0,0,0.0,40.0,0,0,Pattern detected because academic activity increased sharply just before the deadline.,Normal
34883,348717,214,0,51,FFF,2013J,CMA,236.0,0.0,-22.0,Early,187,152,35,5,6.33,1,0.0,40.0,0,0.0,40.0,0,0,Pattern detected because academic activity increased sharply just before the deadline.,Normal
34884,348717,214,0,68,FFF,2013J,CMA,236.0,0.0,-22.0,Early,187,152,35,5,6.33,1,0.0,40.0,0,0.0,40.0,0,0,Pattern detected because academic activity increased sharply just before the deadline.,Normal
34873,348783,1,0,92,FFF,2013J,TMA,19.0,12.5,-18.0,Early,197,192,5,3,32.0,1,0.0,40.0,0,,,0,0,Pattern detected because academic activity increased sharply just before the deadline.,Normal
34874,348783,46,0,80,FFF,2013J,TMA,47.0,12.5,-1.0,Last Minute,119,68,51,7,2.02,1,0.75,85.0,1,1.0,62.5,0,0,"Pattern detected because the task was submitted at the last minute, and academic activity increased sharply just before the deadline.",Emerging
34875,348783,96,0,86,FFF,2013J,TMA,96.0,25.0,0.0,Last Minute,78,77,1,3,21.39,1,0.75,85.0,1,2.0,70.0,1,1,"Pattern detected because the task was submitted at the last minute, and academic activity increased sharply just before the deadline, and similar behaviour appeared in at least 2 of the last 3 tasks.",Emerging
34876,348783,131,0,95,FFF,2013J,TMA,131.0,25.0,0.0,Last Minute,325,152,173,4,1.42,0,0.75,45.0,0,2.0,71.7,1,0,"Pattern detected because the task was submitted at the last minute, and similar behaviour appeared in at least 2 of the last 3 tasks.",Emerging
34877,348783,173,0,93,FFF,2013J,TMA,173.0,25.0,0.0,Last Minute,143,120,23,3,7.14,1,0.75,85.0,1,2.0,71.7,1,0,"Pattern detected because the task was submitted at the last minute, and academic activity increased sharply just before the deadline, and similar behaviour appeared in at least 2 of the last 3 tasks.",Emerging
34878,348783,52,0,90,FFF,2013J,CMA,236.0,0.0,-184.0,Early,114,0,114,2,0.0,0,0.0,0.0,0,1.0,43.3,0,0,No strong procrastination pattern detected.,Normal
34879,348783,52,0,99,FFF,2013J,CMA,236.0,0.0,-184.0,Early,114,0,114,2,0.0,0,0.0,0.0,0,1.0,28.3,0,0,No strong procrastination pattern detected.,Normal
34880,348783,192,0,96,FFF,2013J,CMA,236.0,0.0,-44.0,Early,114,0,114,2,0.0,0,0.0,0.0,0,0.0,0.0,0,0,No strong procrastination pattern detected.,Normal
34881,348783,192,0,96,FFF,2013J,CMA,236.0,0.0,-44.0,Early,114,0,114,2,0.0,0,0.0,0.0,0,0.0,0.0,0,0,No strong procrastination pattern detected.,Normal
34882,348783,199,0,90,FFF,2013J,CMA,236.0,0.0,-37.0,Early,114,0,114,2,0.0,0,0.0,0.0,0,0.0,0.0,0,0,No strong procrastination pattern detected.,Normal
34883,348783,199,0,94,FFF,2013J,CMA,236.0,0.0,-37.0,Early,114,0,114,2,0.0,0,0.0,0.0,0,0.0,0.0,0,0,No strong procrastination pattern detected.,Normal
34884,348783,206,0,96,FFF,2013J,CMA,236.0,0.0,-30.0,Early,114,0,114,2,0.0,0,0.0,0.0,0,0.0,0.0,0,0,No strong procrastination pattern detected.,Normal
34873,349219,18,0,78,FFF,2013J,TMA,19.0,12.5,-1.0,Last Minute,28,2,26,3,0.11,0,0.75,45.0,0,,,0,0,Pattern detected because the task was submitted at the last minute.,Normal
34876,349219,131,0,46,FFF,2013J,TMA,131.0,25.0,0.0,Last Minute,43,3,40,6,0.11,0,0.75,45.0,0,0.0,45.0,0,0,Pattern detected because the task was submitted at the last minute.,Emerging
34878,349219,5,0,77,FFF,2013J,CMA,236.0,0.0,-231.0,Early,0,0,0,0,0.0,0,0.0,0.0,0,0.0,30.0,0,0,No strong procrastination pattern detected.,Normal
34879,349219,6,0,65,FFF,2013J,CMA,236.0,0.0,-230.0,Early,0,0,0,0,0.0,0,0.0,0.0,0,0.0,15.0,0,0,No strong procrastination pattern detected.,Normal
34873,349247,18,0,52,FFF,2013J,TMA,19.0,12.5,-1.0,Last Minute,75,70,5,2,11.67,1,0.75,85.0,1,,,0,0,"Pattern detected because the task was submitted at the last minute, and academic activity increased sharply just before the deadline.",Normal
34873,349676,16,0,84,FFF,2013J,TMA,19.0,12.5,-3.0,Near Deadline,295,166,129,7,2.06,1,0.35,61.0,1,,,0,0,"Pattern detected because the task was completed close to the deadline, and academic activity increased sharply just before the deadline.",Normal
34874,349676,45,0,76,FFF,2013J,TMA,47.0,12.5,-2.0,Near Deadline,328,167,161,7,1.68,1,0.35,61.0,1,2.0,61.0,1,1,"Pattern detected because the task was completed close to the deadline, and academic activity increased sharply just before the deadline, and similar behaviour appeared in at least 2 of the last 3 tasks.",Emerging
34875,349676,94,0,62,FFF,2013J,TMA,96.0,25.0,-2.0,Near Deadline,766,199,567,7,0.58,0,0.35,21.0,0,2.0,47.7,1,0,"Pattern detected because the task was completed close to the deadline, and similar behaviour appeared in at least 2 of the last 3 tasks.",Emerging
34876,349676,127,0,75,FFF,2013J,TMA,131.0,25.0,-4.0,Early,322,165,157,7,1.7,1,0.0,40.0,0,1.0,40.7,0,0,Pattern detected because academic activity increased sharply just before the deadline.,Normal
34877,349676,169,0,87,FFF,2013J,TMA,173.0,25.0,-4.0,Early,305,148,157,8,1.52,1,0.0,40.0,0,0.0,33.7,0,0,Pattern detected because academic activity increased sharply just before the deadline.,Normal
34878,349676,39,0,80,FFF,2013J,CMA,236.0,0.0,-197.0,Early,274,146,128,8,1.83,1,0.0,40.0,0,0.0,40.0,0,0,Pattern detected because academic activity increased sharply just before the deadline.,Normal
34879,349676,94,0,84,FFF,2013J,CMA,236.0,0.0,-142.0,Early,274,146,128,8,1.83,1,0.0,40.0,0,0.0,40.0,0,0,Pattern detected because academic activity increased sharply just before the deadline.,Normal
34880,349676,94,0,82,FFF,2013J,CMA,236.0,0.0,-142.0,Early,274,146,128,8,1.83,1,0.0,40.0,0,0.0,40.0,0,0,Pattern detected because academic activity increased sharply just before the deadline.,Normal
34881,349676,101,0,88,FFF,2013J,CMA,236.0,0.0,-135.0,Early,274,146,128,8,1.83,1,0.0,40.0,0,0.0,40.0,0,0,Pattern detected because academic activity increased sharply just before the deadline.,Normal
34882,349676,167,0,86,FFF,2013J,CMA,236.0,0.0,-69.0,Early,274,146,128,8,1.83,1,0.0,40.0,0,0.0,40.0,0,0,Pattern detected because academic activity increased sharply just before the deadline.,Normal
34883,349676,180,0,75,FFF,2013J,CMA,236.0,0.0,-56.0,Early,274,146,128,8,1.83,1,0.0,40.0,0,0.0,40.0,0,0,Pattern detected because academic activity increased sharply just before the deadline.,Normal
34884,349676,188,0,73,FFF,2013J,CMA,236.0,0.0,-48.0,Early,274,146,128,8,1.83,1,0.0,40.0,0,0.0,40.0,0,0,Pattern detected because academic activity increased sharply just before the deadline.,Normal
34873,351170,18,0,64,FFF,2013J,TMA,19.0,12.5,-1.0,Last Minute,19,4,15,2,0.33,0,0.75,45.0,0,,,0,0,Pattern detected because the task was submitted at the last minute.,Normal
34874,351170,46,0,62,FFF,2013J,TMA,47.0,12.5,-1.0,Last Minute,27,9,18,3,0.65,0,0.75,45.0,0,0.0,45.0,0,0,Pattern detected because the task was submitted at the last minute.,Emerging
34875,351170,96,0,46,FFF,2013J,TMA,96.0,25.0,0.0,Last Minute,98,92,6,4,13.94,1,0.75,85.0,1,1.0,58.3,0,0,"Pattern detected because the task was submitted at the last minute, and academic activity increased sharply just before the deadline.",Emerging
34876,351170,130,0,56,FFF,2013J,TMA,131.0,25.0,-1.0,Last Minute,128,101,27,4,5.26,1,0.75,85.0,1,2.0,71.7,1,1,"Pattern detected because the task was submitted at the last minute, and academic activity increased sharply just before the deadline, and similar behaviour appeared in at least 2 of the last 3 tasks.",Emerging
34877,351170,171,0,30,FFF,2013J,TMA,173.0,25.0,-2.0,Near Deadline,85,54,31,2,2.5,1,0.35,61.0,1,3.0,77.0,1,0,"Pattern detected because the task was completed close to the deadline, and academic activity increased sharply just before the deadline, and similar behaviour appeared in at least 2 of the last 3 tasks.",High
34878,351170,178,0,75,FFF,2013J,CMA,236.0,0.0,-58.0,Early,97,97,0,2,32.33,1,0.0,40.0,0,2.0,62.0,1,0,"Pattern detected because academic activity increased sharply just before the deadline, and similar behaviour appeared in at least 2 of the last 3 tasks.",Emerging
34880,351170,178,0,53,FFF,2013J,CMA,236.0,0.0,-58.0,Early,97,97,0,2,32.33,1,0.0,40.0,0,1.0,47.0,0,0,Pattern detected because academic activity increased sharply just before the deadline.,Emerging
34881,351170,179,0,74,FFF,2013J,CMA,236.0,0.0,-57.0,Early,97,97,0,2,32.33,1,0.0,40.0,0,0.0,40.0,0,0,Pattern detected because academic activity increased sharply just before the deadline.,Normal
34879,351170,181,0,70,FFF,2013J,CMA,236.0,0.0,-55.0,Early,97,97,0,2,32.33,1,0.0,40.0,0,0.0,40.0,0,0,Pattern detected because academic activity increased sharply just before the deadline.,Normal
34882,351170,181,0,68,FFF,2013J,CMA,236.0,0.0,-55.0,Early,97,97,0,2,32.33,1,0.0,40.0,0,0.0,40.0,0,0,Pattern detected because academic activity increased sharply just before the deadline.,Normal
34883,351170,181,0,66,FFF,2013J,CMA,236.0,0.0,-55.0,Early,97,97,0,2,32.33,1,0.0,40.0,0,0.0,40.0,0,0,Pattern detected because academic activity increased sharply just before the deadline.,Normal
34884,351170,181,0,63,FFF,2013J,CMA,236.0,0.0,-55.0,Early,97,97,0,2,32.33,1,0.0,40.0,0,0.0,40.0,0,0,Pattern detected because academic activity increased sharply just before the deadline.,Normal
34873,351505,13,0,92,FFF,2013J,TMA,19.0,12.5,-6.0,Early,91,1,90,4,0.02,0,0.0,0.0,0,,,0,0,No strong procrastination pattern detected.,Normal
34874,351505,44,0,86,FFF,2013J,TMA,47.0,12.5,-3.0,Near Deadline,135,110,25,3,6.11,1,0.35,61.0,1,1.0,30.5,0,0,"Pattern detected because the task was completed close to the deadline, and academic activity increased sharply just before the deadline.",Normal
34875,351505,100,0,74,FFF,2013J,TMA,96.0,25.0,4.0,Late,4,0,4,1,0.0,0,1.0,60.0,1,2.0,40.3,1,1,"Pattern detected because the task was submitted after the deadline, and similar behaviour appeared in at least 2 of the last 3 tasks.",Normal
34876,351505,127,0,79,FFF,2013J,TMA,131.0,25.0,-4.0,Early,5,0,5,1,0.0,0,0.0,0.0,0,2.0,40.3,1,0,Pattern detected because similar behaviour appeared in at least 2 of the last 3 tasks.,Normal
34877,351505,165,0,83,FFF,2013J,TMA,173.0,25.0,-8.0,Early,0,0,0,0,0.0,0,0.0,0.0,0,1.0,20.0,0,0,No strong procrastination pattern detected.,Normal
34878,351505,11,0,95,FFF,2013J,CMA,236.0,0.0,-225.0,Early,0,0,0,0,0.0,0,0.0,0.0,0,0.0,0.0,0,0,No strong procrastination pattern detected.,Normal
34879,351505,13,0,97,FFF,2013J,CMA,236.0,0.0,-223.0,Early,0,0,0,0,0.0,0,0.0,0.0,0,0.0,0.0,0,0,No strong procrastination pattern detected.,Normal
34880,351505,49,0,76,FFF,2013J,CMA,236.0,0.0,-187.0,Early,0,0,0,0,0.0,0,0.0,0.0,0,0.0,0.0,0,0,No strong procrastination pattern detected.,Normal
34881,351505,98,0,81,FFF,2013J,CMA,236.0,0.0,-138.0,Early,0,0,0,0,0.0,0,0.0,0.0,0,0.0,0.0,0,0,No strong procrastination pattern detected.,Normal
34882,351505,147,0,78,FFF,2013J,CMA,236.0,0.0,-89.0,Early,0,0,0,0,0.0,0,0.0,0.0,0,0.0,0.0,0,0,No strong procrastination pattern detected.,Normal
34883,351505,156,0,87,FFF,2013J,CMA,236.0,0.0,-80.0,Early,0,0,0,0,0.0,0,0.0,0.0,0,0.0,0.0,0,0,No strong procrastination pattern detected.,Normal
34884,351505,156,0,83,FFF,2013J,CMA,236.0,0.0,-80.0,Early,0,0,0,0,0.0,0,0.0,0.0,0,0.0,0.0,0,0,No strong procrastination pattern detected.,Normal
34873,353790,19,0,82,FFF,2013J,TMA,19.0,12.5,0.0,Last Minute,88,25,63,4,0.61,0,0.75,45.0,0,,,0,0,Pattern detected because the task was submitted at the last minute.,Normal
34874,353790,47,0,50,FFF,2013J,TMA,47.0,12.5,0.0,Last Minute,72,61,11,2,6.35,1,0.75,85.0,1,1.0,65.0,0,0,"Pattern detected because the task was submitted at the last minute, and academic activity increased sharply just before the deadline.",Emerging
34875,353790,114,0,40,FFF,2013J,TMA,96.0,25.0,18.0,Late,59,59,0,1,19.67,1,1.0,100.0,1,2.0,76.7,1,1,"Pattern detected because the task was submitted after the deadline, and academic activity increased sharply just before the deadline, and similar behaviour appeared in at least 2 of the last 3 tasks.",High
34873,354550,20,0,48,FFF,2013J,TMA,19.0,12.5,1.0,Late,5,5,0,1,1.67,1,1.0,100.0,1,,,0,0,"Pattern detected because the task was submitted after the deadline, and academic activity increased sharply just before the deadline.",Normal
34875,354550,96,0,44,FFF,2013J,TMA,96.0,25.0,0.0,Last Minute,16,8,8,3,1.03,0,0.75,45.0,0,1.0,72.5,0,0,Pattern detected because the task was submitted at the last minute.,Emerging
34876,354550,131,0,41,FFF,2013J,TMA,131.0,25.0,0.0,Last Minute,25,4,21,4,0.26,0,0.75,45.0,0,1.0,63.3,0,0,Pattern detected because the task was submitted at the last minute.,Emerging
34877,354550,173,0,56,FFF,2013J,TMA,173.0,25.0,0.0,Last Minute,47,33,14,5,2.89,1,0.75,85.0,1,1.0,58.3,0,0,"Pattern detected because the task was submitted at the last minute, and academic activity increased sharply just before the deadline.",Emerging
34878,354550,112,0,85,FFF,2013J,CMA,236.0,0.0,-124.0,Early,134,111,23,3,6.61,1,0.0,40.0,0,1.0,56.7,0,0,Pattern detected because academic activity increased sharply just before the deadline.,Emerging
34879,354550,115,0,75,FFF,2013J,CMA,236.0,0.0,-121.0,Early,134,111,23,3,6.61,1,0.0,40.0,0,1.0,55.0,0,0,Pattern detected because academic activity increased sharply just before the deadline.,Emerging
34880,354550,115,0,76,FFF,2013J,CMA,236.0,0.0,-121.0,Early,134,111,23,3,6.61,1,0.0,40.0,0,0.0,40.0,0,0,Pattern detected because academic activity increased sharply just before the deadline.,Normal
34881,354550,237,0,59,FFF,2013J,CMA,236.0,0.0,1.0,Late,134,111,23,3,6.61,1,1.0,100.0,1,1.0,60.0,0,0,"Pattern detected because the task was submitted after the deadline, and academic activity increased sharply just before the deadline.",Emerging
34873,355293,17,0,76,FFF,2013J,TMA,19.0,12.5,-2.0,Near Deadline,110,7,103,4,0.11,0,0.35,21.0,0,,,0,0,Pattern detected because the task was completed close to the deadline.,Normal
34874,355293,45,0,80,FFF,2013J,TMA,47.0,12.5,-2.0,Near Deadline,160,69,91,5,1.2,0,0.35,21.0,0,0.0,21.0,0,0,Pattern detected because the task was completed close to the deadline.,Normal
34875,355293,99,0,38,FFF,2013J,TMA,96.0,25.0,3.0,Late,71,67,4,4,12.41,1,1.0,100.0,1,1.0,47.3,0,0,"Pattern detected because the task was submitted after the deadline, and academic activity increased sharply just before the deadline.",Emerging
34876,355293,131,0,0,FFF,2013J,TMA,131.0,25.0,0.0,Last Minute,92,73,19,5,5.07,1,0.75,85.0,1,2.0,68.7,1,1,"Pattern detected because the task was submitted at the last minute, and academic activity increased sharply just before the deadline, and similar behaviour appeared in at least 2 of the last 3 tasks.",Emerging
34878,355293,33,0,79,FFF,2013J,CMA,236.0,0.0,-203.0,Early,0,0,0,0,0.0,0,0.0,0.0,0,2.0,61.7,1,0,Pattern detected because similar behaviour appeared in at least 2 of the last 3 tasks.,Emerging
34879,355293,52,0,87,FFF,2013J,CMA,236.0,0.0,-184.0,Early,0,0,0,0,0.0,0,0.0,0.0,0,1.0,28.3,0,0,No strong procrastination pattern detected.,Normal
34873,355335,17,0,86,FFF,2013J,TMA,19.0,12.5,-2.0,Near Deadline,249,29,220,8,0.21,0,0.35,21.0,0,,,0,0,Pattern detected because the task was completed close to the deadline.,Normal
34874,355335,45,0,64,FFF,2013J,TMA,47.0,12.5,-2.0,Near Deadline,121,60,61,6,1.52,1,0.35,61.0,1,1.0,41.0,0,0,"Pattern detected because the task was completed close to the deadline, and academic activity increased sharply just before the deadline.",Normal
34875,355335,94,0,63,FFF,2013J,TMA,96.0,25.0,-2.0,Near Deadline,76,38,38,5,1.47,0,0.35,21.0,0,1.0,34.3,0,0,Pattern detected because the task was completed close to the deadline.,Normal
34876,355335,130,0,65,FFF,2013J,TMA,131.0,25.0,-1.0,Last Minute,61,57,4,4,10.56,1,0.75,85.0,1,2.0,55.7,1,1,"Pattern detected because the task was submitted at the last minute, and academic activity increased sharply just before the deadline, and similar behaviour appeared in at least 2 of the last 3 tasks.",Emerging
34877,355335,166,0,89,FFF,2013J,TMA,173.0,25.0,-7.0,Early,198,181,17,3,13.71,1,0.0,40.0,0,1.0,48.7,0,0,Pattern detected because academic activity increased sharply just before the deadline.,Emerging
34878,355335,150,0,80,FFF,2013J,CMA,236.0,0.0,-86.0,Early,88,88,0,2,29.33,1,0.0,40.0,0,1.0,55.0,0,0,Pattern detected because academic activity increased sharply just before the deadline.,Emerging
34879,355335,173,0,90,FFF,2013J,CMA,236.0,0.0,-63.0,Early,88,88,0,2,29.33,1,0.0,40.0,0,0.0,40.0,0,0,Pattern detected because academic activity increased sharply just before the deadline.,Normal
34880,355335,173,0,71,FFF,2013J,CMA,236.0,0.0,-63.0,Early,88,88,0,2,29.33,1,0.0,40.0,0,0.0,40.0,0,0,Pattern detected because academic activity increased sharply just before the deadline.,Normal
34881,355335,199,0,76,FFF,2013J,CMA,236.0,0.0,-37.0,Early,88,88,0,2,29.33,1,0.0,40.0,0,0.0,40.0,0,0,Pattern detected because academic activity increased sharply just before the deadline.,Normal
34882,355335,220,0,81,FFF,2013J,CMA,236.0,0.0,-16.0,Early,88,88,0,2,29.33,1,0.0,40.0,0,0.0,40.0,0,0,Pattern detected because academic activity increased sharply just before the deadline.,Normal
34883,355335,220,0,73,FFF,2013J,CMA,236.0,0.0,-16.0,Early,88,88,0,2,29.33,1,0.0,40.0,0,0.0,40.0,0,0,Pattern detected because academic activity increased sharply just before the deadline.,Normal
34884,355335,220,0,69,FFF,2013J,CMA,236.0,0.0,-16.0,Early,88,88,0,2,29.33,1,0.0,40.0,0,0.0,40.0,0,0,Pattern detected because academic activity increased sharply just before the deadline.,Normal
34878,356397,0,0,65,FFF,2013J,CMA,236.0,0.0,-236.0,Early,0,0,0,0,0.0,0,0.0,0.0,0,,,0,0,No strong procrastination pattern detected.,Normal
34873,357851,15,0,96,FFF,2013J,TMA,19.0,12.5,-4.0,Early,539,84,455,6,0.3,0,0.0,0.0,0,,,0,0,No strong procrastination pattern detected.,Normal
34874,357851,45,0,72,FFF,2013J,TMA,47.0,12.5,-2.0,Near Deadline,78,53,25,2,2.94,1,0.35,61.0,1,1.0,30.5,0,0,"Pattern detected because the task was completed close to the deadline, and academic activity increased sharply just before the deadline.",Normal
34875,357851,94,0,89,FFF,2013J,TMA,96.0,25.0,-2.0,Near Deadline,252,188,64,3,4.54,1,0.35,61.0,1,2.0,40.7,1,1,"Pattern detected because the task was completed close to the deadline, and academic activity increased sharply just before the deadline, and similar behaviour appeared in at least 2 of the last 3 tasks.",Normal
34876,357851,130,0,94,FFF,2013J,TMA,131.0,25.0,-1.0,Last Minute,108,108,0,2,36.0,1,0.75,85.0,1,3.0,69.0,1,0,"Pattern detected because the task was submitted at the last minute, and academic activity increased sharply just before the deadline, and similar behaviour appeared in at least 2 of the last 3 tasks.",Emerging
34878,357851,16,0,97,FFF,2013J,CMA,236.0,0.0,-220.0,Early,0,0,0,0,0.0,0,0.0,0.0,0,2.0,48.7,1,0,Pattern detected because similar behaviour appeared in at least 2 of the last 3 tasks.,Emerging
34879,357851,31,0,97,FFF,2013J,CMA,236.0,0.0,-205.0,Early,0,0,0,0,0.0,0,0.0,0.0,0,1.0,28.3,0,0,No strong procrastination pattern detected.,Normal
34880,357851,96,0,88,FFF,2013J,CMA,236.0,0.0,-140.0,Early,0,0,0,0,0.0,0,0.0,0.0,0,0.0,0.0,0,0,No strong procrastination pattern detected.,Normal
34873,359149,11,0,94,FFF,2013J,TMA,19.0,12.5,-8.0,Early,61,22,39,5,0.83,0,0.0,0.0,0,,,0,0,No strong procrastination pattern detected.,Normal
34874,359149,47,0,80,FFF,2013J,TMA,47.0,12.5,0.0,Last Minute,38,23,15,5,1.92,1,0.75,85.0,1,1.0,42.5,0,0,"Pattern detected because the task was submitted at the last minute, and academic activity increased sharply just before the deadline.",Normal
34878,359149,3,0,88,FFF,2013J,CMA,236.0,0.0,-233.0,Early,0,0,0,0,0.0,0,0.0,0.0,0,1.0,28.3,0,0,No strong procrastination pattern detected.,Normal
34879,359149,4,0,88,FFF,2013J,CMA,236.0,0.0,-232.0,Early,0,0,0,0,0.0,0,0.0,0.0,0,1.0,28.3,0,0,No strong procrastination pattern detected.,Normal
34873,360747,19,0,80,FFF,2013J,TMA,19.0,12.5,0.0,Last Minute,123,45,78,5,0.9,0,0.75,45.0,0,,,0,0,Pattern detected because the task was submitted at the last minute.,Normal
34874,360747,47,0,82,FFF,2013J,TMA,47.0,12.5,0.0,Last Minute,126,121,5,5,20.17,1,0.75,85.0,1,1.0,65.0,0,0,"Pattern detected because the task was submitted at the last minute, and academic activity increased sharply just before the deadline.",Emerging
34875,360747,95,0,77,FFF,2013J,TMA,96.0,25.0,-1.0,Last Minute,33,0,33,3,0.0,0,0.75,45.0,0,1.0,58.3,0,0,Pattern detected because the task was submitted at the last minute.,Emerging
34876,360747,131,0,64,FFF,2013J,TMA,131.0,25.0,0.0,Last Minute,201,153,48,3,4.81,1,0.75,85.0,1,2.0,71.7,1,1,"Pattern detected because the task was submitted at the last minute, and academic activity increased sharply just before the deadline, and similar behaviour appeared in at least 2 of the last 3 tasks.",Emerging
34877,360747,177,0,74,FFF,2013J,TMA,173.0,25.0,4.0,Late,1,0,1,1,0.0,0,1.0,60.0,1,2.0,63.3,1,0,"Pattern detected because the task was submitted after the deadline, and similar behaviour appeared in at least 2 of the last 3 tasks.",Emerging
34878,360747,48,0,91,FFF,2013J,CMA,236.0,0.0,-188.0,Early,84,7,77,3,0.14,0,0.0,0.0,0,2.0,48.3,1,0,Pattern detected because similar behaviour appeared in at least 2 of the last 3 tasks.,Emerging
34879,360747,207,0,99,FFF,2013J,CMA,236.0,0.0,-29.0,Early,84,7,77,3,0.14,0,0.0,0.0,0,1.0,20.0,0,0,No strong procrastination pattern detected.,Normal
34880,360747,207,0,85,FFF,2013J,CMA,236.0,0.0,-29.0,Early,84,7,77,3,0.14,0,0.0,0.0,0,0.0,0.0,0,0,No strong procrastination pattern detected.,Normal
34881,360747,207,0,86,FFF,2013J,CMA,236.0,0.0,-29.0,Early,84,7,77,3,0.14,0,0.0,0.0,0,0.0,0.0,0,0,No strong procrastination pattern detected.,Normal
34882,360747,207,0,92,FFF,2013J,CMA,236.0,0.0,-29.0,Early,84,7,77,3,0.14,0,0.0,0.0,0,0.0,0.0,0,0,No strong procrastination pattern detected.,Normal
34883,360747,229,0,89,FFF,2013J,CMA,236.0,0.0,-7.0,Early,84,7,77,3,0.14,0,0.0,0.0,0,0.0,0.0,0,0,No strong procrastination pattern detected.,Normal
34884,360747,229,0,93,FFF,2013J,CMA,236.0,0.0,-7.0,Early,84,7,77,3,0.14,0,0.0,0.0,0,0.0,0.0,0,0,No strong procrastination pattern detected.,Normal
34873,360986,18,0,64,FFF,2013J,TMA,19.0,12.5,-1.0,Last Minute,231,92,139,4,1.06,0,0.75,45.0,0,,,0,0,Pattern detected because the task was submitted at the last minute.,Normal
34874,360986,47,0,76,FFF,2013J,TMA,47.0,12.5,0.0,Last Minute,109,39,70,4,0.87,0,0.75,45.0,0,0.0,45.0,0,0,Pattern detected because the task was submitted at the last minute.,Emerging
34875,360986,104,0,38,FFF,2013J,TMA,96.0,25.0,8.0,Late,108,108,0,3,36.0,1,1.0,100.0,1,1.0,63.3,0,0,"Pattern detected because the task was submitted after the deadline, and academic activity increased sharply just before the deadline.",Emerging
34876,360986,131,0,52,FFF,2013J,TMA,131.0,25.0,0.0,Last Minute,126,102,24,3,5.86,1,0.75,85.0,1,2.0,76.7,1,1,"Pattern detected because the task was submitted at the last minute, and academic activity increased sharply just before the deadline, and similar behaviour appeared in at least 2 of the last 3 tasks.",High
34877,360986,171,0,71,FFF,2013J,TMA,173.0,25.0,-2.0,Near Deadline,38,20,18,5,1.45,0,0.35,21.0,0,2.0,68.7,1,0,"Pattern detected because the task was completed close to the deadline, and similar behaviour appeared in at least 2 of the last 3 tasks.",Emerging
34878,360986,4,0,77,FFF,2013J,CMA,236.0,0.0,-232.0,Early,279,75,204,3,0.6,0,0.0,0.0,0,1.0,35.3,0,0,No strong procrastination pattern detected.,Normal
34879,360986,4,0,75,FFF,2013J,CMA,236.0,0.0,-232.0,Early,279,75,204,3,0.6,0,0.0,0.0,0,0.0,7.0,0,0,No strong procrastination pattern detected.,Normal
34880,360986,70,0,66,FFF,2013J,CMA,236.0,0.0,-166.0,Early,279,75,204,3,0.6,0,0.0,0.0,0,0.0,0.0,0,0,No strong procrastination pattern detected.,Normal
34881,360986,97,0,73,FFF,2013J,CMA,236.0,0.0,-139.0,Early,279,75,204,3,0.6,0,0.0,0.0,0,0.0,0.0,0,0,No strong procrastination pattern detected.,Normal
34882,360986,136,0,50,FFF,2013J,CMA,236.0,0.0,-100.0,Early,279,75,204,3,0.6,0,0.0,0.0,0,0.0,0.0,0,0,No strong procrastination pattern detected.,Normal
34884,360986,165,0,68,FFF,2013J,CMA,236.0,0.0,-71.0,Early,279,75,204,3,0.6,0,0.0,0.0,0,0.0,0.0,0,0,No strong procrastination pattern detected.,Normal
34883,360986,166,0,69,FFF,2013J,CMA,236.0,0.0,-70.0,Early,279,75,204,3,0.6,0,0.0,0.0,0,0.0,0.0,0,0,No strong procrastination pattern detected.,Normal
34873,363738,16,0,90,FFF,2013J,TMA,19.0,12.5,-3.0,Near Deadline,37,5,32,3,0.23,0,0.35,21.0,0,,,0,0,Pattern detected because the task was completed close to the deadline.,Normal
34874,363738,46,0,48,FFF,2013J,TMA,47.0,12.5,-1.0,Last Minute,131,128,3,2,26.67,1,0.75,85.0,1,1.0,53.0,0,0,"Pattern detected because the task was submitted at the last minute, and academic activity increased sharply just before the deadline.",Emerging
34878,363738,48,0,82,FFF,2013J,CMA,236.0,0.0,-188.0,Early,0,0,0,0,0.0,0,0.0,0.0,0,1.0,35.3,0,0,No strong procrastination pattern detected.,Normal
34873,364790,18,0,94,FFF,2013J,TMA,19.0,12.5,-1.0,Last Minute,232,133,99,8,2.13,1,0.75,85.0,1,,,0,0,"Pattern detected because the task was submitted at the last minute, and academic activity increased sharply just before the deadline.",Normal
34874,364790,47,0,82,FFF,2013J,TMA,47.0,12.5,0.0,Last Minute,110,101,9,4,12.02,1,0.75,85.0,1,2.0,85.0,1,1,"Pattern detected because the task was submitted at the last minute, and academic activity increased sharply just before the deadline, and similar behaviour appeared in at least 2 of the last 3 tasks.",High
34875,364790,94,0,96,FFF,2013J,TMA,96.0,25.0,-2.0,Near Deadline,365,136,229,7,0.97,0,0.35,21.0,0,2.0,63.7,1,0,"Pattern detected because the task was completed close to the deadline, and similar behaviour appeared in at least 2 of the last 3 tasks.",Emerging
34876,364790,130,0,91,FFF,2013J,TMA,131.0,25.0,-1.0,Last Minute,153,62,91,6,1.08,0,0.75,45.0,0,1.0,50.3,0,0,Pattern detected because the task was submitted at the last minute.,Emerging
34877,364790,171,0,91,FFF,2013J,TMA,173.0,25.0,-2.0,Near Deadline,181,40,141,5,0.46,0,0.35,21.0,0,0.0,29.0,0,0,Pattern detected because the task was completed close to the deadline.,Normal
34878,364790,228,0,78,FFF,2013J,CMA,236.0,0.0,-8.0,Early,389,177,212,6,1.36,0,0.0,0.0,0,0.0,22.0,0,0,No strong procrastination pattern detected.,Normal
34879,364790,229,0,93,FFF,2013J,CMA,236.0,0.0,-7.0,Early,389,177,212,6,1.36,0,0.0,0.0,0,0.0,7.0,0,0,No strong procrastination pattern detected.,Normal
34880,364790,229,0,79,FFF,2013J,CMA,236.0,0.0,-7.0,Early,389,177,212,6,1.36,0,0.0,0.0,0,0.0,0.0,0,0,No strong procrastination pattern detected.,Normal
34881,364790,229,0,81,FFF,2013J,CMA,236.0,0.0,-7.0,Early,389,177,212,6,1.36,0,0.0,0.0,0,0.0,0.0,0,0,No strong procrastination pattern detected.,Normal
34882,364790,230,0,74,FFF,2013J,CMA,236.0,0.0,-6.0,Early,389,177,212,6,1.36,0,0.0,0.0,0,0.0,0.0,0,0,No strong procrastination pattern detected.,Normal
34883,364790,230,0,79,FFF,2013J,CMA,236.0,0.0,-6.0,Early,389,177,212,6,1.36,0,0.0,0.0,0,0.0,0.0,0,0,No strong procrastination pattern detected.,Normal
34884,364790,230,0,72,FFF,2013J,CMA,236.0,0.0,-6.0,Early,389,177,212,6,1.36,0,0.0,0.0,0,0.0,0.0,0,0,No strong procrastination pattern detected.,Normal
34873,364974,17,0,78,FFF,2013J,TMA,19.0,12.5,-2.0,Near Deadline,650,295,355,8,1.37,0,0.35,21.0,0,,,0,0,Pattern detected because the task was completed close to the deadline.,Normal
34874,364974,46,0,54,FFF,2013J,TMA,47.0,12.5,-1.0,Last Minute,154,55,99,8,0.88,0,0.75,45.0,0,0.0,33.0,0,0,Pattern detected because the task was submitted at the last minute.,Normal
34875,364974,102,0,53,FFF,2013J,TMA,96.0,25.0,6.0,Late,208,142,66,8,3.33,1,1.0,100.0,1,1.0,55.3,0,0,"Pattern detected because the task was submitted after the deadline, and academic activity increased sharply just before the deadline.",Emerging
34876,364974,131,0,68,FFF,2013J,TMA,131.0,25.0,0.0,Last Minute,394,185,209,8,1.44,0,0.75,45.0,0,1.0,63.3,0,0,Pattern detected because the task was submitted at the last minute.,Emerging
34877,364974,172,0,72,FFF,2013J,TMA,173.0,25.0,-1.0,Last Minute,269,155,114,8,2.17,1,0.75,85.0,1,2.0,76.7,1,1,"Pattern detected because the task was submitted at the last minute, and academic activity increased sharply just before the deadline, and similar behaviour appeared in at least 2 of the last 3 tasks.",High
34878,364974,20,0,57,FFF,2013J,CMA,236.0,0.0,-216.0,Early,205,108,97,8,1.76,1,0.0,40.0,0,1.0,56.7,0,0,Pattern detected because academic activity increased sharply just before the deadline.,Emerging
34879,364974,33,0,60,FFF,2013J,CMA,236.0,0.0,-203.0,Early,205,108,97,8,1.76,1,0.0,40.0,0,1.0,55.0,0,0,Pattern detected because academic activity increased sharply just before the deadline.,Emerging
34880,364974,65,0,53,FFF,2013J,CMA,236.0,0.0,-171.0,Early,205,108,97,8,1.76,1,0.0,40.0,0,0.0,40.0,0,0,Pattern detected because academic activity increased sharply just before the deadline.,Normal
34881,364974,108,0,65,FFF,2013J,CMA,236.0,0.0,-128.0,Early,205,108,97,8,1.76,1,0.0,40.0,0,0.0,40.0,0,0,Pattern detected because academic activity increased sharply just before the deadline.,Normal
34882,364974,172,0,56,FFF,2013J,CMA,236.0,0.0,-64.0,Early,205,108,97,8,1.76,1,0.0,40.0,0,0.0,40.0,0,0,Pattern detected because academic activity increased sharply just before the deadline.,Normal
34884,364974,206,0,58,FFF,2013J,CMA,236.0,0.0,-30.0,Early,205,108,97,8,1.76,1,0.0,40.0,0,0.0,40.0,0,0,Pattern detected because academic activity increased sharply just before the deadline.,Normal
34883,364974,217,0,48,FFF,2013J,CMA,236.0,0.0,-19.0,Early,205,108,97,8,1.76,1,0.0,40.0,0,0.0,40.0,0,0,Pattern detected because academic activity increased sharply just before the deadline.,Normal
34873,367510,19,0,88,FFF,2013J,TMA,19.0,12.5,0.0,Last Minute,394,143,251,6,0.93,0,0.75,45.0,0,,,0,0,Pattern detected because the task was submitted at the last minute.,Normal
34874,367510,47,0,44,FFF,2013J,TMA,47.0,12.5,0.0,Last Minute,120,112,8,4,14.36,1,0.75,85.0,1,1.0,65.0,0,0,"Pattern detected because the task was submitted at the last minute, and academic activity increased sharply just before the deadline.",Emerging
34878,367510,17,0,85,FFF,2013J,CMA,236.0,0.0,-219.0,Early,0,0,0,0,0.0,0,0.0,0.0,0,1.0,43.3,0,0,No strong procrastination pattern detected.,Normal
34873,367605,18,0,76,FFF,2013J,TMA,19.0,12.5,-1.0,Last Minute,37,30,7,4,4.17,1,0.75,85.0,1,,,0,0,"Pattern detected because the task was submitted at the last minute, and academic activity increased sharply just before the deadline.",Normal
34874,367605,46,0,66,FFF,2013J,TMA,47.0,12.5,-1.0,Last Minute,85,31,54,5,0.88,0,0.75,45.0,0,1.0,65.0,0,0,Pattern detected because the task was submitted at the last minute.,Emerging
34875,367605,95,0,53,FFF,2013J,TMA,96.0,25.0,-1.0,Last Minute,99,30,69,6,0.68,0,0.75,45.0,0,1.0,58.3,0,0,Pattern detected because the task was submitted at the last minute.,Emerging
34876,367605,130,0,56,FFF,2013J,TMA,131.0,25.0,-1.0,Last Minute,148,85,63,4,2.08,1,0.75,85.0,1,1.0,58.3,0,0,"Pattern detected because the task was submitted at the last minute, and academic activity increased sharply just before the deadline.",Emerging
34877,367605,172,0,64,FFF,2013J,TMA,173.0,25.0,-1.0,Last Minute,65,64,1,3,17.78,1,0.75,85.0,1,2.0,71.7,1,1,"Pattern detected because the task was submitted at the last minute, and academic activity increased sharply just before the deadline, and similar behaviour appeared in at least 2 of the last 3 tasks.",Emerging
34878,367605,103,0,67,FFF,2013J,CMA,236.0,0.0,-133.0,Early,82,49,33,4,2.15,1,0.0,40.0,0,2.0,70.0,1,0,"Pattern detected because academic activity increased sharply just before the deadline, and similar behaviour appeared in at least 2 of the last 3 tasks.",Emerging
34879,367605,108,0,70,FFF,2013J,CMA,236.0,0.0,-128.0,Early,82,49,33,4,2.15,1,0.0,40.0,0,1.0,55.0,0,0,Pattern detected because academic activity increased sharply just before the deadline.,Emerging
34880,367605,154,0,58,FFF,2013J,CMA,236.0,0.0,-82.0,Early,82,49,33,4,2.15,1,0.0,40.0,0,0.0,40.0,0,0,Pattern detected because academic activity increased sharply just before the deadline.,Normal
34881,367605,154,0,62,FFF,2013J,CMA,236.0,0.0,-82.0,Early,82,49,33,4,2.15,1,0.0,40.0,0,0.0,40.0,0,0,Pattern detected because academic activity increased sharply just before the deadline.,Normal
34882,367605,201,0,66,FFF,2013J,CMA,236.0,0.0,-35.0,Early,82,49,33,4,2.15,1,0.0,40.0,0,0.0,40.0,0,0,Pattern detected because academic activity increased sharply just before the deadline.,Normal
34884,367605,206,0,68,FFF,2013J,CMA,236.0,0.0,-30.0,Early,82,49,33,4,2.15,1,0.0,40.0,0,0.0,40.0,0,0,Pattern detected because academic activity increased sharply just before the deadline.,Normal
34883,367605,229,0,63,FFF,2013J,CMA,236.0,0.0,-7.0,Early,82,49,33,4,2.15,1,0.0,40.0,0,0.0,40.0,0,0,Pattern detected because academic activity increased sharply just before the deadline.,Normal
34873,368315,18,0,82,FFF,2013J,TMA,19.0,12.5,-1.0,Last Minute,1767,1090,677,8,2.66,1,0.75,85.0,1,,,0,0,"Pattern detected because the task was submitted at the last minute, and academic activity increased sharply just before the deadline.",Normal
34874,368315,46,0,80,FFF,2013J,TMA,47.0,12.5,-1.0,Last Minute,2262,1217,1045,8,1.93,1,0.75,85.0,1,2.0,85.0,1,1,"Pattern detected because the task was submitted at the last minute, and academic activity increased sharply just before the deadline, and similar behaviour appeared in at least 2 of the last 3 tasks.",High
34875,368315,95,0,82,FFF,2013J,TMA,96.0,25.0,-1.0,Last Minute,329,322,7,5,44.72,1,0.75,85.0,1,3.0,85.0,1,0,"Pattern detected because the task was submitted at the last minute, and academic activity increased sharply just before the deadline, and similar behaviour appeared in at least 2 of the last 3 tasks.",High
34876,368315,130,0,86,FFF,2013J,TMA,131.0,25.0,-1.0,Last Minute,737,637,100,7,10.11,1,0.75,85.0,1,3.0,85.0,1,0,"Pattern detected because the task was submitted at the last minute, and academic activity increased sharply just before the deadline, and similar behaviour appeared in at least 2 of the last 3 tasks.",High
34877,368315,172,0,93,FFF,2013J,TMA,173.0,25.0,-1.0,Last Minute,2342,2294,48,6,72.14,1,0.75,85.0,1,3.0,85.0,1,0,"Pattern detected because the task was submitted at the last minute, and academic activity increased sharply just before the deadline, and similar behaviour appeared in at least 2 of the last 3 tasks.",High
34878,368315,16,0,100,FFF,2013J,CMA,236.0,0.0,-220.0,Early,205,60,145,8,0.67,0,0.0,0.0,0,2.0,56.7,1,0,Pattern detected because similar behaviour appeared in at least 2 of the last 3 tasks.,Emerging
34879,368315,19,0,100,FFF,2013J,CMA,236.0,0.0,-217.0,Early,205,60,145,8,0.67,0,0.0,0.0,0,1.0,28.3,0,0,No strong procrastination pattern detected.,Normal
34880,368315,49,0,100,FFF,2013J,CMA,236.0,0.0,-187.0,Early,205,60,145,8,0.67,0,0.0,0.0,0,0.0,0.0,0,0,No strong procrastination pattern detected.,Normal
34881,368315,108,0,100,FFF,2013J,CMA,236.0,0.0,-128.0,Early,205,60,145,8,0.67,0,0.0,0.0,0,0.0,0.0,0,0,No strong procrastination pattern detected.,Normal
34882,368315,130,0,100,FFF,2013J,CMA,236.0,0.0,-106.0,Early,205,60,145,8,0.67,0,0.0,0.0,0,0.0,0.0,0,0,No strong procrastination pattern detected.,Normal
34883,368315,175,0,100,FFF,2013J,CMA,236.0,0.0,-61.0,Early,205,60,145,8,0.67,0,0.0,0.0,0,0.0,0.0,0,0,No strong procrastination pattern detected.,Normal
34884,368315,175,0,100,FFF,2013J,CMA,236.0,0.0,-61.0,Early,205,60,145,8,0.67,0,0.0,0.0,0,0.0,0.0,0,0,No strong procrastination pattern detected.,Normal
34873,368935,30,0,74,FFF,2013J,TMA,19.0,12.5,11.0,Late,18,9,9,4,1.07,0,1.0,60.0,1,,,0,0,Pattern detected because the task was submitted after the deadline.,Normal
34874,368935,45,0,50,FFF,2013J,TMA,47.0,12.5,-2.0,Near Deadline,13,1,12,3,0.1,0,0.35,21.0,0,1.0,40.5,0,0,Pattern detected because the task was completed close to the deadline.,Normal
34875,368935,95,0,27,FFF,2013J,TMA,96.0,25.0,-1.0,Last Minute,20,9,11,3,0.94,0,0.75,45.0,0,1.0,42.0,0,0,Pattern detected because the task was submitted at the last minute.,Normal
34876,368935,136,0,31,FFF,2013J,TMA,131.0,25.0,5.0,Late,35,13,22,6,0.8,0,1.0,60.0,1,1.0,42.0,0,0,Pattern detected because the task was submitted after the deadline.,Normal
34877,368935,171,0,50,FFF,2013J,TMA,173.0,25.0,-2.0,Near Deadline,118,28,90,7,0.49,0,0.35,21.0,0,1.0,42.0,0,0,Pattern detected because the task was completed close to the deadline.,Normal
34878,368935,28,0,51,FFF,2013J,CMA,236.0,0.0,-208.0,Early,0,0,0,0,0.0,0,0.0,0.0,0,1.0,27.0,0,0,No strong procrastination pattern detected.,Normal
34879,368935,55,0,62,FFF,2013J,CMA,236.0,0.0,-181.0,Early,0,0,0,0,0.0,0,0.0,0.0,0,0.0,7.0,0,0,No strong procrastination pattern detected.,Normal
34880,368935,144,0,55,FFF,2013J,CMA,236.0,0.0,-92.0,Early,0,0,0,0,0.0,0,0.0,0.0,0,0.0,0.0,0,0,No strong procrastination pattern detected.,Normal
34881,368935,182,0,69,FFF,2013J,CMA,236.0,0.0,-54.0,Early,0,0,0,0,0.0,0,0.0,0.0,0,0.0,0.0,0,0,No strong procrastination pattern detected.,Normal
34882,368935,185,0,56,FFF,2013J,CMA,236.0,0.0,-51.0,Early,0,0,0,0,0.0,0,0.0,0.0,0,0.0,0.0,0,0,No strong procrastination pattern detected.,Normal
34884,368935,193,0,54,FFF,2013J,CMA,236.0,0.0,-43.0,Early,0,0,0,0,0.0,0,0.0,0.0,0,0.0,0.0,0,0,No strong procrastination pattern detected.,Normal
34883,368935,194,0,56,FFF,2013J,CMA,236.0,0.0,-42.0,Early,0,0,0,0,0.0,0,0.0,0.0,0,0.0,0.0,0,0,No strong procrastination pattern detected.,Normal
34873,369208,16,0,90,FFF,2013J,TMA,19.0,12.5,-3.0,Near Deadline,129,59,70,5,1.31,0,0.35,21.0,0,,,0,0,Pattern detected because the task was completed close to the deadline.,Normal
34874,369208,45,0,68,FFF,2013J,TMA,47.0,12.5,-2.0,Near Deadline,29,19,10,2,2.11,1,0.35,61.0,1,1.0,41.0,0,0,"Pattern detected because the task was completed close to the deadline, and academic activity increased sharply just before the deadline.",Normal
34875,369208,96,0,44,FFF,2013J,TMA,96.0,25.0,0.0,Last Minute,41,34,7,5,4.72,1,0.75,85.0,1,2.0,55.7,1,1,"Pattern detected because the task was submitted at the last minute, and academic activity increased sharply just before the deadline, and similar behaviour appeared in at least 2 of the last 3 tasks.",Emerging
34876,369208,130,0,46,FFF,2013J,TMA,131.0,25.0,-1.0,Last Minute,51,51,0,1,17.0,1,0.75,85.0,1,3.0,77.0,1,0,"Pattern detected because the task was submitted at the last minute, and academic activity increased sharply just before the deadline, and similar behaviour appeared in at least 2 of the last 3 tasks.",High
34878,369208,47,0,93,FFF,2013J,CMA,236.0,0.0,-189.0,Early,205,141,64,4,3.41,1,0.0,40.0,0,2.0,70.0,1,0,"Pattern detected because academic activity increased sharply just before the deadline, and similar behaviour appeared in at least 2 of the last 3 tasks.",Emerging
34879,369208,52,0,94,FFF,2013J,CMA,236.0,0.0,-184.0,Early,205,141,64,4,3.41,1,0.0,40.0,0,1.0,55.0,0,0,Pattern detected because academic activity increased sharply just before the deadline.,Emerging
34880,369208,230,0,86,FFF,2013J,CMA,236.0,0.0,-6.0,Early,205,141,64,4,3.41,1,0.0,40.0,0,0.0,40.0,0,0,Pattern detected because academic activity increased sharply just before the deadline.,Normal
34883,369208,237,0,86,FFF,2013J,CMA,236.0,0.0,1.0,Late,205,141,64,4,3.41,1,1.0,100.0,1,1.0,60.0,0,0,"Pattern detected because the task was submitted after the deadline, and academic activity increased sharply just before the deadline.",Emerging
34873,371133,27,0,76,FFF,2013J,TMA,19.0,12.5,8.0,Late,0,0,0,0,0.0,0,1.0,60.0,1,,,0,0,Pattern detected because the task was submitted after the deadline.,Normal
34874,371133,46,0,42,FFF,2013J,TMA,47.0,12.5,-1.0,Last Minute,64,54,10,4,6.0,1,0.75,85.0,1,2.0,72.5,1,1,"Pattern detected because the task was submitted at the last minute, and academic activity increased sharply just before the deadline, and similar behaviour appeared in at least 2 of the last 3 tasks.",Emerging
34876,371133,131,0,?,FFF,2013J,TMA,131.0,25.0,0.0,Last Minute,26,26,0,3,8.67,1,0.75,85.0,1,3.0,76.7,1,0,"Pattern detected because the task was submitted at the last minute, and academic activity increased sharply just before the deadline, and similar behaviour appeared in at least 2 of the last 3 tasks.",High
34878,371133,56,0,87,FFF,2013J,CMA,236.0,0.0,-180.0,Early,0,0,0,0,0.0,0,0.0,0.0,0,2.0,56.7,1,0,Pattern detected because similar behaviour appeared in at least 2 of the last 3 tasks.,Emerging
34879,371133,108,0,80,FFF,2013J,CMA,236.0,0.0,-128.0,Early,0,0,0,0,0.0,0,0.0,0.0,0,1.0,28.3,0,0,No strong procrastination pattern detected.,Normal
34873,371247,19,0,80,FFF,2013J,TMA,19.0,12.5,0.0,Last Minute,42,37,5,4,6.17,1,0.75,85.0,1,,,0,0,"Pattern detected because the task was submitted at the last minute, and academic activity increased sharply just before the deadline.",Normal
34874,371247,47,0,78,FFF,2013J,TMA,47.0,12.5,0.0,Last Minute,58,53,5,5,8.83,1,0.75,85.0,1,2.0,85.0,1,1,"Pattern detected because the task was submitted at the last minute, and academic activity increased sharply just before the deadline, and similar behaviour appeared in at least 2 of the last 3 tasks.",High
34875,371247,96,0,72,FFF,2013J,TMA,96.0,25.0,0.0,Last Minute,71,19,52,5,0.56,0,0.75,45.0,0,2.0,71.7,1,0,"Pattern detected because the task was submitted at the last minute, and similar behaviour appeared in at least 2 of the last 3 tasks.",Emerging
34876,371247,131,0,74,FFF,2013J,TMA,131.0,25.0,0.0,Last Minute,165,152,13,5,14.07,1,0.75,85.0,1,2.0,71.7,1,0,"Pattern detected because the task was submitted at the last minute, and academic activity increased sharply just before the deadline, and similar behaviour appeared in at least 2 of the last 3 tasks.",Emerging
34877,371247,173,0,24,FFF,2013J,TMA,173.0,25.0,0.0,Last Minute,9,7,2,3,1.67,1,0.75,85.0,1,2.0,71.7,1,0,"Pattern detected because the task was submitted at the last minute, and academic activity increased sharply just before the deadline, and similar behaviour appeared in at least 2 of the last 3 tasks.",Emerging
34878,371247,235,0,81,FFF,2013J,CMA,236.0,0.0,-1.0,Last Minute,674,457,217,6,3.43,1,0.75,85.0,1,3.0,85.0,1,0,"Pattern detected because the task was submitted at the last minute, and academic activity increased sharply just before the deadline, and similar behaviour appeared in at least 2 of the last 3 tasks.",High
34879,371247,235,0,99,FFF,2013J,CMA,236.0,0.0,-1.0,Last Minute,674,457,217,6,3.43,1,0.75,85.0,1,3.0,85.0,1,0,"Pattern detected because the task was submitted at the last minute, and academic activity increased sharply just before the deadline, and similar behaviour appeared in at least 2 of the last 3 tasks.",High
34880,371247,235,0,75,FFF,2013J,CMA,236.0,0.0,-1.0,Last Minute,674,457,217,6,3.43,1,0.75,85.0,1,3.0,85.0,1,0,"Pattern detected because the task was submitted at the last minute, and academic activity increased sharply just before the deadline, and similar behaviour appeared in at least 2 of the last 3 tasks.",High
34881,371247,235,0,90,FFF,2013J,CMA,236.0,0.0,-1.0,Last Minute,674,457,217,6,3.43,1,0.75,85.0,1,3.0,85.0,1,0,"Pattern detected because the task was submitted at the last minute, and academic activity increased sharply just before the deadline, and similar behaviour appeared in at least 2 of the last 3 tasks.",High
34882,371247,235,0,77,FFF,2013J,CMA,236.0,0.0,-1.0,Last Minute,674,457,217,6,3.43,1,0.75,85.0,1,3.0,85.0,1,0,"Pattern detected because the task was submitted at the last minute, and academic activity increased sharply just before the deadline, and similar behaviour appeared in at least 2 of the last 3 tasks.",High
34883,371247,235,0,88,FFF,2013J,CMA,236.0,0.0,-1.0,Last Minute,674,457,217,6,3.43,1,0.75,85.0,1,3.0,85.0,1,0,"Pattern detected because the task was submitted at the last minute, and academic activity increased sharply just before the deadline, and similar behaviour appeared in at least 2 of the last 3 tasks.",High
34884,371247,235,0,92,FFF,2013J,CMA,236.0,0.0,-1.0,Last Minute,674,457,217,6,3.43,1,0.75,85.0,1,3.0,85.0,1,0,"Pattern detected because the task was submitted at the last minute, and academic activity increased sharply just before the deadline, and similar behaviour appeared in at least 2 of the last 3 tasks.",High
34873,371869,11,0,84,FFF,2013J,TMA,19.0,12.5,-8.0,Early,546,212,334,8,1.04,0,0.0,0.0,0,,,0,0,No strong procrastination pattern detected.,Normal
34874,371869,44,0,94,FFF,2013J,TMA,47.0,12.5,-3.0,Near Deadline,535,289,246,8,1.92,1,0.35,61.0,1,1.0,30.5,0,0,"Pattern detected because the task was completed close to the deadline, and academic activity increased sharply just before the deadline.",Normal
34875,371869,90,0,74,FFF,2013J,TMA,96.0,25.0,-6.0,Early,394,211,183,8,1.87,1,0.0,40.0,0,1.0,33.7,0,0,Pattern detected because academic activity increased sharply just before the deadline.,Normal
34876,371869,115,0,47,FFF,2013J,TMA,131.0,25.0,-16.0,Early,236,156,80,8,3.06,1,0.0,40.0,0,1.0,47.0,0,0,Pattern detected because academic activity increased sharply just before the deadline.,Emerging
34878,371869,4,0,99,FFF,2013J,CMA,236.0,0.0,-232.0,Early,117,66,51,8,1.96,1,0.0,40.0,0,0.0,40.0,0,0,Pattern detected because academic activity increased sharply just before the deadline.,Normal
34879,371869,19,0,94,FFF,2013J,CMA,236.0,0.0,-217.0,Early,117,66,51,8,1.96,1,0.0,40.0,0,0.0,40.0,0,0,Pattern detected because academic activity increased sharply just before the deadline.,Normal
34880,371869,60,0,89,FFF,2013J,CMA,236.0,0.0,-176.0,Early,117,66,51,8,1.96,1,0.0,40.0,0,0.0,40.0,0,0,Pattern detected because academic activity increased sharply just before the deadline.,Normal
34881,371869,98,0,83,FFF,2013J,CMA,236.0,0.0,-138.0,Early,117,66,51,8,1.96,1,0.0,40.0,0,0.0,40.0,0,0,Pattern detected because academic activity increased sharply just before the deadline.,Normal
34882,371869,130,0,68,FFF,2013J,CMA,236.0,0.0,-106.0,Early,117,66,51,8,1.96,1,0.0,40.0,0,0.0,40.0,0,0,Pattern detected because academic activity increased sharply just before the deadline.,Normal
34883,371869,153,0,89,FFF,2013J,CMA,236.0,0.0,-83.0,Early,117,66,51,8,1.96,1,0.0,40.0,0,0.0,40.0,0,0,Pattern detected because academic activity increased sharply just before the deadline.,Normal
34884,371869,153,0,0,FFF,2013J,CMA,236.0,0.0,-83.0,Early,117,66,51,8,1.96,1,0.0,40.0,0,0.0,40.0,0,0,Pattern detected because academic activity increased sharply just before the deadline.,Normal
34873,372262,17,0,96,FFF,2013J,TMA,19.0,12.5,-2.0,Near Deadline,403,141,262,8,0.88,0,0.35,21.0,0,,,0,0,Pattern detected because the task was completed close to the deadline.,Normal
34874,372262,46,0,98,FFF,2013J,TMA,47.0,12.5,-1.0,Last Minute,195,54,141,8,0.62,0,0.75,45.0,0,0.0,33.0,0,0,Pattern detected because the task was submitted at the last minute.,Normal
34875,372262,95,0,86,FFF,2013J,TMA,96.0,25.0,-1.0,Last Minute,264,73,191,8,0.62,0,0.75,45.0,0,0.0,37.0,0,0,Pattern detected because the task was submitted at the last minute.,Normal
34876,372262,129,0,100,FFF,2013J,TMA,131.0,25.0,-2.0,Near Deadline,341,110,231,7,0.78,0,0.35,21.0,0,0.0,37.0,0,0,Pattern detected because the task was completed close to the deadline.,Normal
34877,372262,172,0,100,FFF,2013J,TMA,173.0,25.0,-1.0,Last Minute,153,41,112,7,0.58,0,0.75,45.0,0,0.0,37.0,0,0,Pattern detected because the task was submitted at the last minute.,Normal
34878,372262,150,0,97,FFF,2013J,CMA,236.0,0.0,-86.0,Early,179,67,112,7,0.95,0,0.0,0.0,0,0.0,22.0,0,0,No strong procrastination pattern detected.,Normal
34879,372262,150,0,99,FFF,2013J,CMA,236.0,0.0,-86.0,Early,179,67,112,7,0.95,0,0.0,0.0,0,0.0,15.0,0,0,No strong procrastination pattern detected.,Normal
34880,372262,194,0,91,FFF,2013J,CMA,236.0,0.0,-42.0,Early,179,67,112,7,0.95,0,0.0,0.0,0,0.0,0.0,0,0,No strong procrastination pattern detected.,Normal
34882,372262,210,0,88,FFF,2013J,CMA,236.0,0.0,-26.0,Early,179,67,112,7,0.95,0,0.0,0.0,0,0.0,0.0,0,0,No strong procrastination pattern detected.,Normal
34881,372262,214,0,83,FFF,2013J,CMA,236.0,0.0,-22.0,Early,179,67,112,7,0.95,0,0.0,0.0,0,0.0,0.0,0,0,No strong procrastination pattern detected.,Normal
34883,372262,216,0,93,FFF,2013J,CMA,236.0,0.0,-20.0,Early,179,67,112,7,0.95,0,0.0,0.0,0,0.0,0.0,0,0,No strong procrastination pattern detected.,Normal
34884,372262,227,0,82,FFF,2013J,CMA,236.0,0.0,-9.0,Early,179,67,112,7,0.95,0,0.0,0.0,0,0.0,0.0,0,0,No strong procrastination pattern detected.,Normal
34873,377705,16,0,90,FFF,2013J,TMA,19.0,12.5,-3.0,Near Deadline,65,34,31,4,1.57,1,0.35,61.0,1,,,0,0,"Pattern detected because the task was completed close to the deadline, and academic activity increased sharply just before the deadline.",Normal
34874,377705,45,0,96,FFF,2013J,TMA,47.0,12.5,-2.0,Near Deadline,140,48,92,6,0.82,0,0.35,21.0,0,1.0,41.0,0,0,Pattern detected because the task was completed close to the deadline.,Normal
34875,377705,96,0,86,FFF,2013J,TMA,96.0,25.0,0.0,Last Minute,169,72,97,6,1.18,0,0.75,45.0,0,1.0,42.3,0,0,Pattern detected because the task was submitted at the last minute.,Normal
34876,377705,138,0,71,FFF,2013J,TMA,131.0,25.0,7.0,Late,441,0,441,5,0.0,0,1.0,60.0,1,1.0,42.0,0,0,Pattern detected because the task was submitted after the deadline.,Normal
34878,377705,24,0,88,FFF,2013J,CMA,236.0,0.0,-212.0,Early,0,0,0,0,0.0,0,0.0,0.0,0,1.0,35.0,0,0,No strong procrastination pattern detected.,Normal
34879,377705,58,0,94,FFF,2013J,CMA,236.0,0.0,-178.0,Early,0,0,0,0,0.0,0,0.0,0.0,0,1.0,20.0,0,0,No strong procrastination pattern detected.,Normal
34880,377705,108,0,69,FFF,2013J,CMA,236.0,0.0,-128.0,Early,0,0,0,0,0.0,0,0.0,0.0,0,0.0,0.0,0,0,No strong procrastination pattern detected.,Normal
34873,379070,18,0,84,FFF,2013J,TMA,19.0,12.5,-1.0,Last Minute,52,32,20,4,2.13,1,0.75,85.0,1,,,0,0,"Pattern detected because the task was submitted at the last minute, and academic activity increased sharply just before the deadline.",Normal
34874,379070,45,0,74,FFF,2013J,TMA,47.0,12.5,-2.0,Near Deadline,118,22,96,6,0.36,0,0.35,21.0,0,1.0,53.0,0,0,Pattern detected because the task was completed close to the deadline.,Emerging
34875,379070,95,0,84,FFF,2013J,TMA,96.0,25.0,-1.0,Last Minute,198,188,10,3,20.89,1,0.75,85.0,1,2.0,63.7,1,1,"Pattern detected because the task was submitted at the last minute, and academic activity increased sharply just before the deadline, and similar behaviour appeared in at least 2 of the last 3 tasks.",Emerging
34876,379070,134,0,87,FFF,2013J,TMA,131.0,25.0,3.0,Late,103,103,0,2,34.33,1,1.0,100.0,1,2.0,68.7,1,0,"Pattern detected because the task was submitted after the deadline, and academic activity increased sharply just before the deadline, and similar behaviour appeared in at least 2 of the last 3 tasks.",Emerging
34877,379070,172,0,91,FFF,2013J,TMA,173.0,25.0,-1.0,Last Minute,281,69,212,5,0.53,0,0.75,45.0,0,2.0,76.7,1,0,"Pattern detected because the task was submitted at the last minute, and similar behaviour appeared in at least 2 of the last 3 tasks.",High
34878,379070,214,0,93,FFF,2013J,CMA,236.0,0.0,-22.0,Early,334,93,241,4,0.63,0,0.0,0.0,0,1.0,48.3,0,0,No strong procrastination pattern detected.,Emerging
34879,379070,214,0,94,FFF,2013J,CMA,236.0,0.0,-22.0,Early,334,93,241,4,0.63,0,0.0,0.0,0,0.0,15.0,0,0,No strong procrastination pattern detected.,Normal
34880,379070,215,0,91,FFF,2013J,CMA,236.0,0.0,-21.0,Early,334,93,241,4,0.63,0,0.0,0.0,0,0.0,0.0,0,0,No strong procrastination pattern detected.,Normal
34881,379070,215,0,91,FFF,2013J,CMA,236.0,0.0,-21.0,Early,334,93,241,4,0.63,0,0.0,0.0,0,0.0,0.0,0,0,No strong procrastination pattern detected.,Normal
34882,379070,215,0,89,FFF,2013J,CMA,236.0,0.0,-21.0,Early,334,93,241,4,0.63,0,0.0,0.0,0,0.0,0.0,0,0,No strong procrastination pattern detected.,Normal
34884,379070,216,0,77,FFF,2013J,CMA,236.0,0.0,-20.0,Early,334,93,241,4,0.63,0,0.0,0.0,0,0.0,0.0,0,0,No strong procrastination pattern detected.,Normal
34883,379070,236,0,86,FFF,2013J,CMA,236.0,0.0,0.0,Last Minute,334,93,241,4,0.63,0,0.75,45.0,0,0.0,15.0,0,0,Pattern detected because the task was submitted at the last minute.,Normal
34873,379843,18,0,80,FFF,2013J,TMA,19.0,12.5,-1.0,Last Minute,418,266,152,6,2.82,1,0.75,85.0,1,,,0,0,"Pattern detected because the task was submitted at the last minute, and academic activity increased sharply just before the deadline.",Normal
34874,379843,46,0,84,FFF,2013J,TMA,47.0,12.5,-1.0,Last Minute,256,48,208,6,0.38,0,0.75,45.0,0,1.0,65.0,0,0,Pattern detected because the task was submitted at the last minute.,Emerging
34875,379843,93,0,88,FFF,2013J,TMA,96.0,25.0,-3.0,Near Deadline,157,0,157,5,0.0,0,0.35,21.0,0,1.0,50.3,0,0,Pattern detected because the task was completed close to the deadline.,Emerging
34876,379843,131,0,79,FFF,2013J,TMA,131.0,25.0,0.0,Last Minute,70,36,34,4,1.54,1,0.75,85.0,1,1.0,50.3,0,0,"Pattern detected because the task was submitted at the last minute, and academic activity increased sharply just before the deadline.",Emerging
34877,379843,172,0,88,FFF,2013J,TMA,173.0,25.0,-1.0,Last Minute,148,1,147,4,0.01,0,0.75,45.0,0,1.0,50.3,0,0,Pattern detected because the task was submitted at the last minute.,Emerging
34878,379843,46,0,77,FFF,2013J,CMA,236.0,0.0,-190.0,Early,119,27,92,4,0.46,0,0.0,0.0,0,1.0,43.3,0,0,No strong procrastination pattern detected.,Normal
34879,379843,52,0,78,FFF,2013J,CMA,236.0,0.0,-184.0,Early,119,27,92,4,0.46,0,0.0,0.0,0,0.0,15.0,0,0,No strong procrastination pattern detected.,Normal
34880,379843,75,0,70,FFF,2013J,CMA,236.0,0.0,-161.0,Early,119,27,92,4,0.46,0,0.0,0.0,0,0.0,0.0,0,0,No strong procrastination pattern detected.,Normal
34881,379843,122,0,72,FFF,2013J,CMA,236.0,0.0,-114.0,Early,119,27,92,4,0.46,0,0.0,0.0,0,0.0,0.0,0,0,No strong procrastination pattern detected.,Normal
34882,379843,165,0,85,FFF,2013J,CMA,236.0,0.0,-71.0,Early,119,27,92,4,0.46,0,0.0,0.0,0,0.0,0.0,0,0,No strong procrastination pattern detected.,Normal
34884,379843,214,0,84,FFF,2013J,CMA,236.0,0.0,-22.0,Early,119,27,92,4,0.46,0,0.0,0.0,0,0.0,0.0,0,0,No strong procrastination pattern detected.,Normal
34883,379843,215,0,83,FFF,2013J,CMA,236.0,0.0,-21.0,Early,119,27,92,4,0.46,0,0.0,0.0,0,0.0,0.0,0,0,No strong procrastination pattern detected.,Normal
34873,380435,15,0,94,FFF,2013J,TMA,19.0,12.5,-4.0,Early,239,64,175,6,0.59,0,0.0,0.0,0,,,0,0,No strong procrastination pattern detected.,Normal
34874,380435,43,0,88,FFF,2013J,TMA,47.0,12.5,-4.0,Early,122,38,84,8,0.71,0,0.0,0.0,0,0.0,0.0,0,0,No strong procrastination pattern detected.,Normal
34875,380435,93,0,90,FFF,2013J,TMA,96.0,25.0,-3.0,Near Deadline,181,26,155,7,0.27,0,0.35,21.0,0,0.0,7.0,0,0,Pattern detected because the task was completed close to the deadline.,Normal
34876,380435,127,0,87,FFF,2013J,TMA,131.0,25.0,-4.0,Early,99,33,66,5,0.77,0,0.0,0.0,0,0.0,7.0,0,0,No strong procrastination pattern detected.,Normal
34877,380435,170,0,87,FFF,2013J,TMA,173.0,25.0,-3.0,Near Deadline,197,31,166,6,0.3,0,0.35,21.0,0,0.0,14.0,0,0,Pattern detected because the task was completed close to the deadline.,Normal
34878,380435,52,0,87,FFF,2013J,CMA,236.0,0.0,-184.0,Early,101,48,53,6,1.38,0,0.0,0.0,0,0.0,7.0,0,0,No strong procrastination pattern detected.,Normal
34879,380435,63,0,77,FFF,2013J,CMA,236.0,0.0,-173.0,Early,101,48,53,6,1.38,0,0.0,0.0,0,0.0,7.0,0,0,No strong procrastination pattern detected.,Normal
34882,380435,171,0,82,FFF,2013J,CMA,236.0,0.0,-65.0,Early,101,48,53,6,1.38,0,0.0,0.0,0,0.0,0.0,0,0,No strong procrastination pattern detected.,Normal
34881,380435,181,0,83,FFF,2013J,CMA,236.0,0.0,-55.0,Early,101,48,53,6,1.38,0,0.0,0.0,0,0.0,0.0,0,0,No strong procrastination pattern detected.,Normal
34880,380435,182,0,71,FFF,2013J,CMA,236.0,0.0,-54.0,Early,101,48,53,6,1.38,0,0.0,0.0,0,0.0,0.0,0,0,No strong procrastination pattern detected.,Normal
34883,380435,199,0,82,FFF,2013J,CMA,236.0,0.0,-37.0,Early,101,48,53,6,1.38,0,0.0,0.0,0,0.0,0.0,0,0,No strong procrastination pattern detected.,Normal
34884,380435,199,0,84,FFF,2013J,CMA,236.0,0.0,-37.0,Early,101,48,53,6,1.38,0,0.0,0.0,0,0.0,0.0,0,0,No strong procrastination pattern detected.,Normal
34873,380710,18,0,32,FFF,2013J,TMA,19.0,12.5,-1.0,Last Minute,163,70,93,4,1.19,0,0.75,45.0,0,,,0,0,Pattern detected because the task was submitted at the last minute.,Normal
34873,381058,19,0,54,FFF,2013J,TMA,19.0,12.5,0.0,Last Minute,91,56,35,4,2.33,1,0.75,85.0,1,,,0,0,"Pattern detected because the task was submitted at the last minute, and academic activity increased sharply just before the deadline.",Normal
34874,381058,46,0,56,FFF,2013J,TMA,47.0,12.5,-1.0,Last Minute,49,49,0,2,16.33,1,0.75,85.0,1,2.0,85.0,1,1,"Pattern detected because the task was submitted at the last minute, and academic activity increased sharply just before the deadline, and similar behaviour appeared in at least 2 of the last 3 tasks.",High
34873,381414,19,0,72,FFF,2013J,TMA,19.0,12.5,0.0,Last Minute,53,35,18,3,2.54,1,0.75,85.0,1,,,0,0,"Pattern detected because the task was submitted at the last minute, and academic activity increased sharply just before the deadline.",Normal
34878,381414,381,0,79,FFF,2013J,CMA,236.0,0.0,145.0,Late,0,0,0,0,0.0,0,1.0,60.0,1,2.0,72.5,1,1,"Pattern detected because the task was submitted after the deadline, and similar behaviour appeared in at least 2 of the last 3 tasks.",Emerging
34873,381959,22,0,62,FFF,2013J,TMA,19.0,12.5,3.0,Late,183,91,92,3,1.56,1,1.0,100.0,1,,,0,0,"Pattern detected because the task was submitted after the deadline, and academic activity increased sharply just before the deadline.",Normal
34874,381959,47,0,60,FFF,2013J,TMA,47.0,12.5,0.0,Last Minute,225,95,130,7,1.17,0,0.75,45.0,0,1.0,72.5,0,0,Pattern detected because the task was submitted at the last minute.,Emerging
34875,381959,96,0,80,FFF,2013J,TMA,96.0,25.0,0.0,Last Minute,229,92,137,7,1.08,0,0.75,45.0,0,1.0,63.3,0,0,Pattern detected because the task was submitted at the last minute.,Emerging
34878,381959,52,0,95,FFF,2013J,CMA,236.0,0.0,-184.0,Early,0,0,0,0,0.0,0,0.0,0.0,0,0.0,30.0,0,0,No strong procrastination pattern detected.,Normal
34879,381959,52,0,94,FFF,2013J,CMA,236.0,0.0,-184.0,Early,0,0,0,0,0.0,0,0.0,0.0,0,0.0,15.0,0,0,No strong procrastination pattern detected.,Normal
34873,382156,17,0,74,FFF,2013J,TMA,19.0,12.5,-2.0,Near Deadline,115,44,71,4,0.96,0,0.35,21.0,0,,,0,0,Pattern detected because the task was completed close to the deadline.,Normal
34874,382156,49,0,68,FFF,2013J,TMA,47.0,12.5,2.0,Late,49,49,0,3,16.33,1,1.0,100.0,1,1.0,60.5,0,0,"Pattern detected because the task was submitted after the deadline, and academic activity increased sharply just before the deadline.",Emerging
34878,382156,4,0,87,FFF,2013J,CMA,236.0,0.0,-232.0,Early,0,0,0,0,0.0,0,0.0,0.0,0,1.0,40.3,0,0,No strong procrastination pattern detected.,Normal
34873,382738,18,0,82,FFF,2013J,TMA,19.0,12.5,-1.0,Last Minute,51,45,6,3,6.82,1,0.75,85.0,1,,,0,0,"Pattern detected because the task was submitted at the last minute, and academic activity increased sharply just before the deadline.",Normal
34874,382738,54,0,56,FFF,2013J,TMA,47.0,12.5,7.0,Late,0,0,0,0,0.0,0,1.0,60.0,1,2.0,72.5,1,1,"Pattern detected because the task was submitted after the deadline, and similar behaviour appeared in at least 2 of the last 3 tasks.",Emerging
34875,382738,95,0,54,FFF,2013J,TMA,96.0,25.0,-1.0,Last Minute,89,80,9,4,9.52,1,0.75,85.0,1,3.0,76.7,1,0,"Pattern detected because the task was submitted at the last minute, and academic activity increased sharply just before the deadline, and similar behaviour appeared in at least 2 of the last 3 tasks.",High
34876,382738,130,0,42,FFF,2013J,TMA,131.0,25.0,-1.0,Last Minute,69,69,0,1,23.0,1,0.75,85.0,1,3.0,76.7,1,0,"Pattern detected because the task was submitted at the last minute, and academic activity increased sharply just before the deadline, and similar behaviour appeared in at least 2 of the last 3 tasks.",High
34877,382738,173,0,64,FFF,2013J,TMA,173.0,25.0,0.0,Last Minute,127,56,71,5,1.23,0,0.75,45.0,0,2.0,71.7,1,0,"Pattern detected because the task was submitted at the last minute, and similar behaviour appeared in at least 2 of the last 3 tasks.",Emerging
34878,382738,227,0,63,FFF,2013J,CMA,236.0,0.0,-9.0,Early,511,360,151,5,3.85,1,0.0,40.0,0,1.0,56.7,0,0,Pattern detected because academic activity increased sharply just before the deadline.,Emerging
34879,382738,227,0,91,FFF,2013J,CMA,236.0,0.0,-9.0,Early,511,360,151,5,3.85,1,0.0,40.0,0,0.0,41.7,0,0,Pattern detected because academic activity increased sharply just before the deadline.,Normal
34881,382738,235,0,73,FFF,2013J,CMA,236.0,0.0,-1.0,Last Minute,511,360,151,5,3.85,1,0.75,85.0,1,1.0,55.0,0,0,"Pattern detected because the task was submitted at the last minute, and academic activity increased sharply just before the deadline.",Emerging
34882,382738,236,0,71,FFF,2013J,CMA,236.0,0.0,0.0,Last Minute,511,360,151,5,3.85,1,0.75,85.0,1,2.0,70.0,1,0,"Pattern detected because the task was submitted at the last minute, and academic activity increased sharply just before the deadline, and similar behaviour appeared in at least 2 of the last 3 tasks.",Emerging
34880,382738,237,0,49,FFF,2013J,CMA,236.0,0.0,1.0,Late,511,360,151,5,3.85,1,1.0,100.0,1,3.0,90.0,1,0,"Pattern detected because the task was submitted after the deadline, and academic activity increased sharply just before the deadline, and similar behaviour appeared in at least 2 of the last 3 tasks.",High
34883,382738,237,0,71,FFF,2013J,CMA,236.0,0.0,1.0,Late,511,360,151,5,3.85,1,1.0,100.0,1,3.0,95.0,1,0,"Pattern detected because the task was submitted after the deadline, and academic activity increased sharply just before the deadline, and similar behaviour appeared in at least 2 of the last 3 tasks.",High
34884,382738,237,0,51,FFF,2013J,CMA,236.0,0.0,1.0,Late,511,360,151,5,3.85,1,1.0,100.0,1,3.0,100.0,1,0,"Pattern detected because the task was submitted after the deadline, and academic activity increased sharply just before the deadline, and similar behaviour appeared in at least 2 of the last 3 tasks.",High
34873,383517,19,0,82,FFF,2013J,TMA,19.0,12.5,0.0,Last Minute,164,30,134,6,0.36,0,0.75,45.0,0,,,0,0,Pattern detected because the task was submitted at the last minute.,Normal
34874,383517,45,0,68,FFF,2013J,TMA,47.0,12.5,-2.0,Near Deadline,434,249,185,7,2.18,1,0.35,61.0,1,1.0,53.0,0,0,"Pattern detected because the task was completed close to the deadline, and academic activity increased sharply just before the deadline.",Emerging
34875,383517,96,0,71,FFF,2013J,TMA,96.0,25.0,0.0,Last Minute,61,45,16,5,3.57,1,0.75,85.0,1,2.0,63.7,1,1,"Pattern detected because the task was submitted at the last minute, and academic activity increased sharply just before the deadline, and similar behaviour appeared in at least 2 of the last 3 tasks.",Emerging
34876,383517,130,0,87,FFF,2013J,TMA,131.0,25.0,-1.0,Last Minute,523,333,190,8,2.85,1,0.75,85.0,1,3.0,77.0,1,0,"Pattern detected because the task was submitted at the last minute, and academic activity increased sharply just before the deadline, and similar behaviour appeared in at least 2 of the last 3 tasks.",High
34877,383517,173,0,76,FFF,2013J,TMA,173.0,25.0,0.0,Last Minute,98,38,60,7,0.97,0,0.75,45.0,0,2.0,71.7,1,0,"Pattern detected because the task was submitted at the last minute, and similar behaviour appeared in at least 2 of the last 3 tasks.",Emerging
34878,383517,44,0,86,FFF,2013J,CMA,236.0,0.0,-192.0,Early,219,31,188,6,0.27,0,0.0,0.0,0,1.0,43.3,0,0,No strong procrastination pattern detected.,Normal
34879,383517,47,0,87,FFF,2013J,CMA,236.0,0.0,-189.0,Early,219,31,188,6,0.27,0,0.0,0.0,0,0.0,15.0,0,0,No strong procrastination pattern detected.,Normal
34880,383517,133,0,66,FFF,2013J,CMA,236.0,0.0,-103.0,Early,219,31,188,6,0.27,0,0.0,0.0,0,0.0,0.0,0,0,No strong procrastination pattern detected.,Normal
34881,383517,133,0,78,FFF,2013J,CMA,236.0,0.0,-103.0,Early,219,31,188,6,0.27,0,0.0,0.0,0,0.0,0.0,0,0,No strong procrastination pattern detected.,Normal
34882,383517,214,0,64,FFF,2013J,CMA,236.0,0.0,-22.0,Early,219,31,188,6,0.27,0,0.0,0.0,0,0.0,0.0,0,0,No strong procrastination pattern detected.,Normal
34884,383517,214,0,85,FFF,2013J,CMA,236.0,0.0,-22.0,Early,219,31,188,6,0.27,0,0.0,0.0,0,0.0,0.0,0,0,No strong procrastination pattern detected.,Normal
34883,383517,234,0,72,FFF,2013J,CMA,236.0,0.0,-2.0,Near Deadline,219,31,188,6,0.27,0,0.35,21.0,0,0.0,7.0,0,0,Pattern detected because the task was completed close to the deadline.,Normal
34873,384227,18,0,46,FFF,2013J,TMA,19.0,12.5,-1.0,Last Minute,40,40,0,2,13.33,1,0.75,85.0,1,,,0,0,"Pattern detected because the task was submitted at the last minute, and academic activity increased sharply just before the deadline.",Normal
34874,384227,46,0,64,FFF,2013J,TMA,47.0,12.5,-1.0,Last Minute,182,70,112,6,1.0,0,0.75,45.0,0,1.0,65.0,0,0,Pattern detected because the task was submitted at the last minute.,Emerging
34875,384227,96,0,86,FFF,2013J,TMA,96.0,25.0,0.0,Last Minute,152,53,99,5,0.85,0,0.75,45.0,0,1.0,58.3,0,0,Pattern detected because the task was submitted at the last minute.,Emerging
34876,384227,131,0,76,FFF,2013J,TMA,131.0,25.0,0.0,Last Minute,163,73,90,6,1.28,0,0.75,45.0,0,0.0,45.0,0,0,Pattern detected because the task was submitted at the last minute.,Emerging
34878,384227,3,0,84,FFF,2013J,CMA,236.0,0.0,-233.0,Early,98,25,73,5,0.53,0,0.0,0.0,0,0.0,30.0,0,0,No strong procrastination pattern detected.,Normal
34879,384227,31,0,97,FFF,2013J,CMA,236.0,0.0,-205.0,Early,98,25,73,5,0.53,0,0.0,0.0,0,0.0,15.0,0,0,No strong procrastination pattern detected.,Normal
34880,384227,84,0,81,FFF,2013J,CMA,236.0,0.0,-152.0,Early,98,25,73,5,0.53,0,0.0,0.0,0,0.0,0.0,0,0,No strong procrastination pattern detected.,Normal
34881,384227,130,0,87,FFF,2013J,CMA,236.0,0.0,-106.0,Early,98,25,73,5,0.53,0,0.0,0.0,0,0.0,0.0,0,0,No strong procrastination pattern detected.,Normal
34882,384227,208,0,82,FFF,2013J,CMA,236.0,0.0,-28.0,Early,98,25,73,5,0.53,0,0.0,0.0,0,0.0,0.0,0,0,No strong procrastination pattern detected.,Normal
34883,384227,227,0,88,FFF,2013J,CMA,236.0,0.0,-9.0,Early,98,25,73,5,0.53,0,0.0,0.0,0,0.0,0.0,0,0,No strong procrastination pattern detected.,Normal
34884,384227,227,0,75,FFF,2013J,CMA,236.0,0.0,-9.0,Early,98,25,73,5,0.53,0,0.0,0.0,0,0.0,0.0,0,0,No strong procrastination pattern detected.,Normal
34873,385033,18,0,90,FFF,2013J,TMA,19.0,12.5,-1.0,Last Minute,178,159,19,5,11.04,1,0.75,85.0,1,,,0,0,"Pattern detected because the task was submitted at the last minute, and academic activity increased sharply just before the deadline.",Normal
34874,385033,47,0,98,FFF,2013J,TMA,47.0,12.5,0.0,Last Minute,79,39,40,5,1.44,0,0.75,45.0,0,1.0,65.0,0,0,Pattern detected because the task was submitted at the last minute.,Emerging
34875,385033,96,0,89,FFF,2013J,TMA,96.0,25.0,0.0,Last Minute,66,2,64,4,0.05,0,0.75,45.0,0,1.0,58.3,0,0,Pattern detected because the task was submitted at the last minute.,Emerging
34876,385033,131,0,60,FFF,2013J,TMA,131.0,25.0,0.0,Last Minute,81,57,24,5,3.28,1,0.75,85.0,1,1.0,58.3,0,0,"Pattern detected because the task was submitted at the last minute, and academic activity increased sharply just before the deadline.",Emerging
34877,385033,172,0,74,FFF,2013J,TMA,173.0,25.0,-1.0,Last Minute,78,23,55,5,0.64,0,0.75,45.0,0,1.0,58.3,0,0,Pattern detected because the task was submitted at the last minute.,Emerging
34878,385033,220,0,100,FFF,2013J,CMA,236.0,0.0,-16.0,Early,145,61,84,7,1.14,0,0.0,0.0,0,1.0,43.3,0,0,No strong procrastination pattern detected.,Normal
34879,385033,221,0,99,FFF,2013J,CMA,236.0,0.0,-15.0,Early,145,61,84,7,1.14,0,0.0,0.0,0,0.0,15.0,0,0,No strong procrastination pattern detected.,Normal
34880,385033,223,0,98,FFF,2013J,CMA,236.0,0.0,-13.0,Early,145,61,84,7,1.14,0,0.0,0.0,0,0.0,0.0,0,0,No strong procrastination pattern detected.,Normal
34881,385033,224,0,93,FFF,2013J,CMA,236.0,0.0,-12.0,Early,145,61,84,7,1.14,0,0.0,0.0,0,0.0,0.0,0,0,No strong procrastination pattern detected.,Normal
34882,385033,227,0,96,FFF,2013J,CMA,236.0,0.0,-9.0,Early,145,61,84,7,1.14,0,0.0,0.0,0,0.0,0.0,0,0,No strong procrastination pattern detected.,Normal
34883,385033,227,0,93,FFF,2013J,CMA,236.0,0.0,-9.0,Early,145,61,84,7,1.14,0,0.0,0.0,0,0.0,0.0,0,0,No strong procrastination pattern detected.,Normal
34884,385033,227,0,96,FFF,2013J,CMA,236.0,0.0,-9.0,Early,145,61,84,7,1.14,0,0.0,0.0,0,0.0,0.0,0,0,No strong procrastination pattern detected.,Normal
34873,385195,18,0,84,FFF,2013J,TMA,19.0,12.5,-1.0,Last Minute,72,54,18,6,3.91,1,0.75,85.0,1,,,0,0,"Pattern detected because the task was submitted at the last minute, and academic activity increased sharply just before the deadline.",Normal
34874,385195,46,0,82,FFF,2013J,TMA,47.0,12.5,-1.0,Last Minute,139,12,127,2,0.15,0,0.75,45.0,0,1.0,65.0,0,0,Pattern detected because the task was submitted at the last minute.,Emerging
34875,385195,95,0,86,FFF,2013J,TMA,96.0,25.0,-1.0,Last Minute,82,60,22,4,3.7,1,0.75,85.0,1,2.0,71.7,1,1,"Pattern detected because the task was submitted at the last minute, and academic activity increased sharply just before the deadline, and similar behaviour appeared in at least 2 of the last 3 tasks.",Emerging
34876,385195,135,0,62,FFF,2013J,TMA,131.0,25.0,4.0,Late,95,53,42,5,1.88,1,1.0,100.0,1,2.0,76.7,1,0,"Pattern detected because the task was submitted after the deadline, and academic activity increased sharply just before the deadline, and similar behaviour appeared in at least 2 of the last 3 tasks.",High
34877,385195,173,0,43,FFF,2013J,TMA,173.0,25.0,0.0,Last Minute,33,19,14,4,1.67,1,0.75,85.0,1,3.0,90.0,1,0,"Pattern detected because the task was submitted at the last minute, and academic activity increased sharply just before the deadline, and similar behaviour appeared in at least 2 of the last 3 tasks.",High
34878,385195,223,0,95,FFF,2013J,CMA,236.0,0.0,-13.0,Early,222,218,4,3,40.37,1,0.0,40.0,0,2.0,75.0,1,0,"Pattern detected because academic activity increased sharply just before the deadline, and similar behaviour appeared in at least 2 of the last 3 tasks.",High
34879,385195,227,0,87,FFF,2013J,CMA,236.0,0.0,-9.0,Early,222,218,4,3,40.37,1,0.0,40.0,0,1.0,55.0,0,0,Pattern detected because academic activity increased sharply just before the deadline.,Emerging
34880,385195,228,0,58,FFF,2013J,CMA,236.0,0.0,-8.0,Early,222,218,4,3,40.37,1,0.0,40.0,0,0.0,40.0,0,0,Pattern detected because academic activity increased sharply just before the deadline.,Normal
34881,385195,228,0,59,FFF,2013J,CMA,236.0,0.0,-8.0,Early,222,218,4,3,40.37,1,0.0,40.0,0,0.0,40.0,0,0,Pattern detected because academic activity increased sharply just before the deadline.,Normal
34882,385195,228,0,61,FFF,2013J,CMA,236.0,0.0,-8.0,Early,222,218,4,3,40.37,1,0.0,40.0,0,0.0,40.0,0,0,Pattern detected because academic activity increased sharply just before the deadline.,Normal
34883,385195,235,0,62,FFF,2013J,CMA,236.0,0.0,-1.0,Last Minute,222,218,4,3,40.37,1,0.75,85.0,1,1.0,55.0,0,0,"Pattern detected because the task was submitted at the last minute, and academic activity increased sharply just before the deadline.",Emerging
34884,385195,237,0,67,FFF,2013J,CMA,236.0,0.0,1.0,Late,222,218,4,3,40.37,1,1.0,100.0,1,2.0,75.0,1,0,"Pattern detected because the task was submitted after the deadline, and academic activity increased sharply just before the deadline, and similar behaviour appeared in at least 2 of the last 3 tasks.",High
34873,385209,18,0,64,FFF,2013J,TMA,19.0,12.5,-1.0,Last Minute,122,38,84,5,0.71,0,0.75,45.0,0,,,0,0,Pattern detected because the task was submitted at the last minute.,Normal
34874,385209,46,0,70,FFF,2013J,TMA,47.0,12.5,-1.0,Last Minute,91,21,70,6,0.47,0,0.75,45.0,0,0.0,45.0,0,0,Pattern detected because the task was submitted at the last minute.,Emerging
34875,385209,95,0,22,FFF,2013J,TMA,96.0,25.0,-1.0,Last Minute,41,11,30,4,0.52,0,0.75,45.0,0,0.0,45.0,0,0,Pattern detected because the task was submitted at the last minute.,Emerging
34876,385209,129,0,30,FFF,2013J,TMA,131.0,25.0,-2.0,Near Deadline,38,38,0,1,12.67,1,0.35,61.0,1,1.0,50.3,0,0,"Pattern detected because the task was completed close to the deadline, and academic activity increased sharply just before the deadline.",Emerging
34877,385209,187,0,38,FFF,2013J,TMA,173.0,25.0,14.0,Late,33,0,33,2,0.0,0,1.0,60.0,1,2.0,55.3,1,1,"Pattern detected because the task was submitted after the deadline, and similar behaviour appeared in at least 2 of the last 3 tasks.",Emerging
34878,385209,236,0,71,FFF,2013J,CMA,236.0,0.0,0.0,Last Minute,859,803,56,5,21.94,1,0.75,85.0,1,3.0,68.7,1,0,"Pattern detected because the task was submitted at the last minute, and academic activity increased sharply just before the deadline, and similar behaviour appeared in at least 2 of the last 3 tasks.",Emerging
34879,385209,236,0,71,FFF,2013J,CMA,236.0,0.0,0.0,Last Minute,859,803,56,5,21.94,1,0.75,85.0,1,3.0,76.7,1,0,"Pattern detected because the task was submitted at the last minute, and academic activity increased sharply just before the deadline, and similar behaviour appeared in at least 2 of the last 3 tasks.",High
34880,385209,236,0,59,FFF,2013J,CMA,236.0,0.0,0.0,Last Minute,859,803,56,5,21.94,1,0.75,85.0,1,3.0,85.0,1,0,"Pattern detected because the task was submitted at the last minute, and academic activity increased sharply just before the deadline, and similar behaviour appeared in at least 2 of the last 3 tasks.",High
34881,385209,237,0,48,FFF,2013J,CMA,236.0,0.0,1.0,Late,859,803,56,5,21.94,1,1.0,100.0,1,3.0,90.0,1,0,"Pattern detected because the task was submitted after the deadline, and academic activity increased sharply just before the deadline, and similar behaviour appeared in at least 2 of the last 3 tasks.",High
34882,385209,237,0,64,FFF,2013J,CMA,236.0,0.0,1.0,Late,859,803,56,5,21.94,1,1.0,100.0,1,3.0,95.0,1,0,"Pattern detected because the task was submitted after the deadline, and academic activity increased sharply just before the deadline, and similar behaviour appeared in at least 2 of the last 3 tasks.",High
34883,385209,237,0,55,FFF,2013J,CMA,236.0,0.0,1.0,Late,859,803,56,5,21.94,1,1.0,100.0,1,3.0,100.0,1,0,"Pattern detected because the task was submitted after the deadline, and academic activity increased sharply just before the deadline, and similar behaviour appeared in at least 2 of the last 3 tasks.",High
34884,385209,237,0,78,FFF,2013J,CMA,236.0,0.0,1.0,Late,859,803,56,5,21.94,1,1.0,100.0,1,3.0,100.0,1,0,"Pattern detected because the task was submitted after the deadline, and academic activity increased sharply just before the deadline, and similar behaviour appeared in at least 2 of the last 3 tasks.",High
34873,385547,18,0,76,FFF,2013J,TMA,19.0,12.5,-1.0,Last Minute,32,32,0,1,10.67,1,0.75,85.0,1,,,0,0,"Pattern detected because the task was submitted at the last minute, and academic activity increased sharply just before the deadline.",Normal
34874,385547,46,0,66,FFF,2013J,TMA,47.0,12.5,-1.0,Last Minute,72,4,68,4,0.09,0,0.75,45.0,0,1.0,65.0,0,0,Pattern detected because the task was submitted at the last minute.,Emerging
34875,385547,95,0,66,FFF,2013J,TMA,96.0,25.0,-1.0,Last Minute,356,158,198,5,1.3,0,0.75,45.0,0,1.0,58.3,0,0,Pattern detected because the task was submitted at the last minute.,Emerging
34876,385547,130,0,65,FFF,2013J,TMA,131.0,25.0,-1.0,Last Minute,60,50,10,3,5.56,1,0.75,85.0,1,1.0,58.3,0,0,"Pattern detected because the task was submitted at the last minute, and academic activity increased sharply just before the deadline.",Emerging
34877,385547,171,0,66,FFF,2013J,TMA,173.0,25.0,-2.0,Near Deadline,299,102,197,4,0.84,0,0.35,21.0,0,1.0,50.3,0,0,Pattern detected because the task was completed close to the deadline.,Emerging
34878,385547,112,0,77,FFF,2013J,CMA,236.0,0.0,-124.0,Early,1,0,1,1,0.0,0,0.0,0.0,0,1.0,35.3,0,0,No strong procrastination pattern detected.,Normal
34879,385547,112,0,80,FFF,2013J,CMA,236.0,0.0,-124.0,Early,1,0,1,1,0.0,0,0.0,0.0,0,0.0,7.0,0,0,No strong procrastination pattern detected.,Normal
34880,385547,112,0,74,FFF,2013J,CMA,236.0,0.0,-124.0,Early,1,0,1,1,0.0,0,0.0,0.0,0,0.0,0.0,0,0,No strong procrastination pattern detected.,Normal
34881,385547,136,0,69,FFF,2013J,CMA,236.0,0.0,-100.0,Early,1,0,1,1,0.0,0,0.0,0.0,0,0.0,0.0,0,0,No strong procrastination pattern detected.,Normal
34884,385547,174,0,78,FFF,2013J,CMA,236.0,0.0,-62.0,Early,1,0,1,1,0.0,0,0.0,0.0,0,0.0,0.0,0,0,No strong procrastination pattern detected.,Normal
34882,385547,194,0,69,FFF,2013J,CMA,236.0,0.0,-42.0,Early,1,0,1,1,0.0,0,0.0,0.0,0,0.0,0.0,0,0,No strong procrastination pattern detected.,Normal
34883,385547,195,0,69,FFF,2013J,CMA,236.0,0.0,-41.0,Early,1,0,1,1,0.0,0,0.0,0.0,0,0.0,0.0,0,0,No strong procrastination pattern detected.,Normal
34873,387507,16,0,92,FFF,2013J,TMA,19.0,12.5,-3.0,Near Deadline,97,30,67,7,0.69,0,0.35,21.0,0,,,0,0,Pattern detected because the task was completed close to the deadline.,Normal
34874,387507,46,0,82,FFF,2013J,TMA,47.0,12.5,-1.0,Last Minute,114,19,95,8,0.32,0,0.75,45.0,0,0.0,33.0,0,0,Pattern detected because the task was submitted at the last minute.,Normal
34875,387507,95,0,84,FFF,2013J,TMA,96.0,25.0,-1.0,Last Minute,181,110,71,5,2.41,1,0.75,85.0,1,1.0,50.3,0,0,"Pattern detected because the task was submitted at the last minute, and academic activity increased sharply just before the deadline.",Emerging
34876,387507,129,0,74,FFF,2013J,TMA,131.0,25.0,-2.0,Near Deadline,42,18,24,5,1.03,0,0.35,21.0,0,1.0,50.3,0,0,Pattern detected because the task was completed close to the deadline.,Emerging
34877,387507,170,0,93,FFF,2013J,TMA,173.0,25.0,-3.0,Near Deadline,94,60,34,7,2.56,1,0.35,61.0,1,2.0,55.7,1,1,"Pattern detected because the task was completed close to the deadline, and academic activity increased sharply just before the deadline, and similar behaviour appeared in at least 2 of the last 3 tasks.",Emerging
34878,387507,10,0,81,FFF,2013J,CMA,236.0,0.0,-226.0,Early,4,4,0,2,1.33,0,0.0,0.0,0,1.0,27.3,0,0,No strong procrastination pattern detected.,Normal
34879,387507,24,0,59,FFF,2013J,CMA,236.0,0.0,-212.0,Early,4,4,0,2,1.33,0,0.0,0.0,0,1.0,20.3,0,0,No strong procrastination pattern detected.,Normal
34880,387507,108,0,66,FFF,2013J,CMA,236.0,0.0,-128.0,Early,4,4,0,2,1.33,0,0.0,0.0,0,0.0,0.0,0,0,No strong procrastination pattern detected.,Normal
34881,387507,157,0,67,FFF,2013J,CMA,236.0,0.0,-79.0,Early,4,4,0,2,1.33,0,0.0,0.0,0,0.0,0.0,0,0,No strong procrastination pattern detected.,Normal
34882,387507,157,0,77,FFF,2013J,CMA,236.0,0.0,-79.0,Early,4,4,0,2,1.33,0,0.0,0.0,0,0.0,0.0,0,0,No strong procrastination pattern detected.,Normal
34884,387507,206,0,76,FFF,2013J,CMA,236.0,0.0,-30.0,Early,4,4,0,2,1.33,0,0.0,0.0,0,0.0,0.0,0,0,No strong procrastination pattern detected.,Normal
34883,387507,214,0,56,FFF,2013J,CMA,236.0,0.0,-22.0,Early,4,4,0,2,1.33,0,0.0,0.0,0,0.0,0.0,0,0,No strong procrastination pattern detected.,Normal
34873,388754,19,0,94,FFF,2013J,TMA,19.0,12.5,0.0,Last Minute,322,179,143,7,2.02,1,0.75,85.0,1,,,0,0,"Pattern detected because the task was submitted at the last minute, and academic activity increased sharply just before the deadline.",Normal
34874,388754,47,0,78,FFF,2013J,TMA,47.0,12.5,0.0,Last Minute,221,157,64,4,3.79,1,0.75,85.0,1,2.0,85.0,1,1,"Pattern detected because the task was submitted at the last minute, and academic activity increased sharply just before the deadline, and similar behaviour appeared in at least 2 of the last 3 tasks.",High
34875,388754,96,0,88,FFF,2013J,TMA,96.0,25.0,0.0,Last Minute,158,96,62,6,2.39,1,0.75,85.0,1,3.0,85.0,1,0,"Pattern detected because the task was submitted at the last minute, and academic activity increased sharply just before the deadline, and similar behaviour appeared in at least 2 of the last 3 tasks.",High
34876,388754,131,0,79,FFF,2013J,TMA,131.0,25.0,0.0,Last Minute,301,135,166,4,1.32,0,0.75,45.0,0,2.0,71.7,1,0,"Pattern detected because the task was submitted at the last minute, and similar behaviour appeared in at least 2 of the last 3 tasks.",Emerging
34877,388754,173,0,89,FFF,2013J,TMA,173.0,25.0,0.0,Last Minute,299,63,236,5,0.44,0,0.75,45.0,0,1.0,58.3,0,0,Pattern detected because the task was submitted at the last minute.,Emerging
34878,388754,68,0,80,FFF,2013J,CMA,236.0,0.0,-168.0,Early,183,183,0,3,61.0,1,0.0,40.0,0,0.0,43.3,0,0,Pattern detected because academic activity increased sharply just before the deadline.,Normal
34879,388754,209,0,99,FFF,2013J,CMA,236.0,0.0,-27.0,Early,183,183,0,3,61.0,1,0.0,40.0,0,0.0,41.7,0,0,Pattern detected because academic activity increased sharply just before the deadline.,Normal
34880,388754,209,0,92,FFF,2013J,CMA,236.0,0.0,-27.0,Early,183,183,0,3,61.0,1,0.0,40.0,0,0.0,40.0,0,0,Pattern detected because academic activity increased sharply just before the deadline.,Normal
34881,388754,210,0,84,FFF,2013J,CMA,236.0,0.0,-26.0,Early,183,183,0,3,61.0,1,0.0,40.0,0,0.0,40.0,0,0,Pattern detected because academic activity increased sharply just before the deadline.,Normal
34882,388754,210,0,76,FFF,2013J,CMA,236.0,0.0,-26.0,Early,183,183,0,3,61.0,1,0.0,40.0,0,0.0,40.0,0,0,Pattern detected because academic activity increased sharply just before the deadline.,Normal
34883,388754,224,0,67,FFF,2013J,CMA,236.0,0.0,-12.0,Early,183,183,0,3,61.0,1,0.0,40.0,0,0.0,40.0,0,0,Pattern detected because academic activity increased sharply just before the deadline.,Normal
34884,388754,224,0,76,FFF,2013J,CMA,236.0,0.0,-12.0,Early,183,183,0,3,61.0,1,0.0,40.0,0,0.0,40.0,0,0,Pattern detected because academic activity increased sharply just before the deadline.,Normal
34873,389208,18,0,74,FFF,2013J,TMA,19.0,12.5,-1.0,Last Minute,752,439,313,5,2.3,1,0.75,85.0,1,,,0,0,"Pattern detected because the task was submitted at the last minute, and academic activity increased sharply just before the deadline.",Normal
34874,389208,47,0,72,FFF,2013J,TMA,47.0,12.5,0.0,Last Minute,215,214,1,4,59.44,1,0.75,85.0,1,2.0,85.0,1,1,"Pattern detected because the task was submitted at the last minute, and academic activity increased sharply just before the deadline, and similar behaviour appeared in at least 2 of the last 3 tasks.",High
34875,389208,96,0,67,FFF,2013J,TMA,96.0,25.0,0.0,Last Minute,1065,345,720,7,0.79,0,0.75,45.0,0,2.0,71.7,1,0,"Pattern detected because the task was submitted at the last minute, and similar behaviour appeared in at least 2 of the last 3 tasks.",Emerging
34877,389208,172,0,66,FFF,2013J,TMA,173.0,25.0,-1.0,Last Minute,479,354,125,5,4.54,1,0.75,85.0,1,2.0,71.7,1,0,"Pattern detected because the task was submitted at the last minute, and academic activity increased sharply just before the deadline, and similar behaviour appeared in at least 2 of the last 3 tasks.",Emerging
34878,389208,214,0,74,FFF,2013J,CMA,236.0,0.0,-22.0,Early,257,123,134,6,1.47,0,0.0,0.0,0,1.0,43.3,0,0,No strong procrastination pattern detected.,Normal
34879,389208,214,0,86,FFF,2013J,CMA,236.0,0.0,-22.0,Early,257,123,134,6,1.47,0,0.0,0.0,0,1.0,28.3,0,0,No strong procrastination pattern detected.,Normal
34880,389208,214,0,67,FFF,2013J,CMA,236.0,0.0,-22.0,Early,257,123,134,6,1.47,0,0.0,0.0,0,0.0,0.0,0,0,No strong procrastination pattern detected.,Normal
34881,389208,214,0,69,FFF,2013J,CMA,236.0,0.0,-22.0,Early,257,123,134,6,1.47,0,0.0,0.0,0,0.0,0.0,0,0,No strong procrastination pattern detected.,Normal
34882,389208,214,0,67,FFF,2013J,CMA,236.0,0.0,-22.0,Early,257,123,134,6,1.47,0,0.0,0.0,0,0.0,0.0,0,0,No strong procrastination pattern detected.,Normal
34883,389208,214,0,55,FFF,2013J,CMA,236.0,0.0,-22.0,Early,257,123,134,6,1.47,0,0.0,0.0,0,0.0,0.0,0,0,No strong procrastination pattern detected.,Normal
34884,389208,214,0,67,FFF,2013J,CMA,236.0,0.0,-22.0,Early,257,123,134,6,1.47,0,0.0,0.0,0,0.0,0.0,0,0,No strong procrastination pattern detected.,Normal
34873,391187,18,0,84,FFF,2013J,TMA,19.0,12.5,-1.0,Last Minute,131,49,82,3,0.94,0,0.75,45.0,0,,,0,0,Pattern detected because the task was submitted at the last minute.,Normal
34874,391187,46,0,88,FFF,2013J,TMA,47.0,12.5,-1.0,Last Minute,17,17,0,2,5.67,1,0.75,85.0,1,1.0,65.0,0,0,"Pattern detected because the task was submitted at the last minute, and academic activity increased sharply just before the deadline.",Emerging
34875,391187,96,0,52,FFF,2013J,TMA,96.0,25.0,0.0,Last Minute,23,21,2,3,5.0,1,0.75,85.0,1,2.0,71.7,1,1,"Pattern detected because the task was submitted at the last minute, and academic activity increased sharply just before the deadline, and similar behaviour appeared in at least 2 of the last 3 tasks.",Emerging
34876,391187,131,0,55,FFF,2013J,TMA,131.0,25.0,0.0,Last Minute,46,45,1,3,12.5,1,0.75,85.0,1,3.0,85.0,1,0,"Pattern detected because the task was submitted at the last minute, and academic activity increased sharply just before the deadline, and similar behaviour appeared in at least 2 of the last 3 tasks.",High
34878,391187,223,0,81,FFF,2013J,CMA,236.0,0.0,-13.0,Early,56,16,40,3,0.59,0,0.0,0.0,0,2.0,56.7,1,0,Pattern detected because similar behaviour appeared in at least 2 of the last 3 tasks.,Emerging
34879,391187,223,0,83,FFF,2013J,CMA,236.0,0.0,-13.0,Early,56,16,40,3,0.59,0,0.0,0.0,0,1.0,28.3,0,0,No strong procrastination pattern detected.,Normal
34880,391187,223,0,81,FFF,2013J,CMA,236.0,0.0,-13.0,Early,56,16,40,3,0.59,0,0.0,0.0,0,0.0,0.0,0,0,No strong procrastination pattern detected.,Normal
34883,391187,224,0,71,FFF,2013J,CMA,236.0,0.0,-12.0,Early,56,16,40,3,0.59,0,0.0,0.0,0,0.0,0.0,0,0,No strong procrastination pattern detected.,Normal
34873,392210,18,0,84,FFF,2013J,TMA,19.0,12.5,-1.0,Last Minute,63,24,39,3,0.91,0,0.75,45.0,0,,,0,0,Pattern detected because the task was submitted at the last minute.,Normal
34873,392427,19,0,68,FFF,2013J,TMA,19.0,12.5,0.0,Last Minute,78,61,17,3,4.62,1,0.75,85.0,1,,,0,0,"Pattern detected because the task was submitted at the last minute, and academic activity increased sharply just before the deadline.",Normal
34874,392427,47,0,36,FFF,2013J,TMA,47.0,12.5,0.0,Last Minute,37,37,0,2,12.33,1,0.75,85.0,1,2.0,85.0,1,1,"Pattern detected because the task was submitted at the last minute, and academic activity increased sharply just before the deadline, and similar behaviour appeared in at least 2 of the last 3 tasks.",High
34875,392427,105,0,31,FFF,2013J,TMA,96.0,25.0,9.0,Late,6,0,6,1,0.0,0,1.0,60.0,1,3.0,76.7,1,0,"Pattern detected because the task was submitted after the deadline, and similar behaviour appeared in at least 2 of the last 3 tasks.",High
34876,392427,152,0,25,FFF,2013J,TMA,131.0,25.0,21.0,Late,0,0,0,0,0.0,0,1.0,60.0,1,3.0,68.3,1,0,"Pattern detected because the task was submitted after the deadline, and similar behaviour appeared in at least 2 of the last 3 tasks.",Emerging
34877,392427,184,0,55,FFF,2013J,TMA,173.0,25.0,11.0,Late,12,0,12,2,0.0,0,1.0,60.0,1,3.0,60.0,1,0,"Pattern detected because the task was submitted after the deadline, and similar behaviour appeared in at least 2 of the last 3 tasks.",Emerging
34878,392427,237,0,56,FFF,2013J,CMA,236.0,0.0,1.0,Late,903,903,0,3,301.0,1,1.0,100.0,1,3.0,73.3,1,0,"Pattern detected because the task was submitted after the deadline, and academic activity increased sharply just before the deadline, and similar behaviour appeared in at least 2 of the last 3 tasks.",Emerging
34879,392427,237,0,65,FFF,2013J,CMA,236.0,0.0,1.0,Late,903,903,0,3,301.0,1,1.0,100.0,1,3.0,86.7,1,0,"Pattern detected because the task was submitted after the deadline, and academic activity increased sharply just before the deadline, and similar behaviour appeared in at least 2 of the last 3 tasks.",High
34880,392427,238,0,60,FFF,2013J,CMA,236.0,0.0,2.0,Late,903,903,0,3,301.0,1,1.0,100.0,1,3.0,100.0,1,0,"Pattern detected because the task was submitted after the deadline, and academic activity increased sharply just before the deadline, and similar behaviour appeared in at least 2 of the last 3 tasks.",High
34881,392427,238,0,58,FFF,2013J,CMA,236.0,0.0,2.0,Late,903,903,0,3,301.0,1,1.0,100.0,1,3.0,100.0,1,0,"Pattern detected because the task was submitted after the deadline, and academic activity increased sharply just before the deadline, and similar behaviour appeared in at least 2 of the last 3 tasks.",High
34882,392427,238,0,43,FFF,2013J,CMA,236.0,0.0,2.0,Late,903,903,0,3,301.0,1,1.0,100.0,1,3.0,100.0,1,0,"Pattern detected because the task was submitted after the deadline, and academic activity increased sharply just before the deadline, and similar behaviour appeared in at least 2 of the last 3 tasks.",High
34883,392427,238,0,41,FFF,2013J,CMA,236.0,0.0,2.0,Late,903,903,0,3,301.0,1,1.0,100.0,1,3.0,100.0,1,0,"Pattern detected because the task was submitted after the deadline, and academic activity increased sharply just before the deadline, and similar behaviour appeared in at least 2 of the last 3 tasks.",High
34884,392427,238,0,60,FFF,2013J,CMA,236.0,0.0,2.0,Late,903,903,0,3,301.0,1,1.0,100.0,1,3.0,100.0,1,0,"Pattern detected because the task was submitted after the deadline, and academic activity increased sharply just before the deadline, and similar behaviour appeared in at least 2 of the last 3 tasks.",High
34873,392692,17,0,62,FFF,2013J,TMA,19.0,12.5,-2.0,Near Deadline,91,18,73,4,0.38,0,0.35,21.0,0,,,0,0,Pattern detected because the task was completed close to the deadline.,Normal
34873,393526,19,0,94,FFF,2013J,TMA,19.0,12.5,0.0,Last Minute,220,73,147,8,0.8,0,0.75,45.0,0,,,0,0,Pattern detected because the task was submitted at the last minute.,Normal
34874,393526,47,0,92,FFF,2013J,TMA,47.0,12.5,0.0,Last Minute,106,51,55,6,1.42,0,0.75,45.0,0,0.0,45.0,0,0,Pattern detected because the task was submitted at the last minute.,Emerging
34875,393526,96,0,82,FFF,2013J,TMA,96.0,25.0,0.0,Last Minute,189,120,69,7,2.7,1,0.75,85.0,1,1.0,58.3,0,0,"Pattern detected because the task was submitted at the last minute, and academic activity increased sharply just before the deadline.",Emerging
34876,393526,131,0,84,FFF,2013J,TMA,131.0,25.0,0.0,Last Minute,235,57,178,8,0.52,0,0.75,45.0,0,1.0,58.3,0,0,Pattern detected because the task was submitted at the last minute.,Emerging
34877,393526,173,0,93,FFF,2013J,TMA,173.0,25.0,0.0,Last Minute,121,42,79,5,0.83,0,0.75,45.0,0,1.0,58.3,0,0,Pattern detected because the task was submitted at the last minute.,Emerging
34878,393526,28,0,74,FFF,2013J,CMA,236.0,0.0,-208.0,Early,449,287,162,7,2.86,1,0.0,40.0,0,0.0,43.3,0,0,Pattern detected because academic activity increased sharply just before the deadline.,Normal
34879,393526,41,0,74,FFF,2013J,CMA,236.0,0.0,-195.0,Early,449,287,162,7,2.86,1,0.0,40.0,0,0.0,41.7,0,0,Pattern detected because academic activity increased sharply just before the deadline.,Normal
34880,393526,145,0,73,FFF,2013J,CMA,236.0,0.0,-91.0,Early,449,287,162,7,2.86,1,0.0,40.0,0,0.0,40.0,0,0,Pattern detected because academic activity increased sharply just before the deadline.,Normal
34881,393526,152,0,74,FFF,2013J,CMA,236.0,0.0,-84.0,Early,449,287,162,7,2.86,1,0.0,40.0,0,0.0,40.0,0,0,Pattern detected because academic activity increased sharply just before the deadline.,Normal
34882,393526,156,0,76,FFF,2013J,CMA,236.0,0.0,-80.0,Early,449,287,162,7,2.86,1,0.0,40.0,0,0.0,40.0,0,0,Pattern detected because academic activity increased sharply just before the deadline.,Normal
34884,393526,228,0,76,FFF,2013J,CMA,236.0,0.0,-8.0,Early,449,287,162,7,2.86,1,0.0,40.0,0,0.0,40.0,0,0,Pattern detected because academic activity increased sharply just before the deadline.,Normal
34883,393526,237,0,69,FFF,2013J,CMA,236.0,0.0,1.0,Late,449,287,162,7,2.86,1,1.0,100.0,1,1.0,60.0,0,0,"Pattern detected because the task was submitted after the deadline, and academic activity increased sharply just before the deadline.",Emerging
34873,393827,32,0,78,FFF,2013J,TMA,19.0,12.5,13.0,Late,3,2,1,3,0.56,0,1.0,60.0,1,,,0,0,Pattern detected because the task was submitted after the deadline.,Normal
34874,393827,47,0,72,FFF,2013J,TMA,47.0,12.5,0.0,Last Minute,41,40,1,3,11.11,1,0.75,85.0,1,2.0,72.5,1,1,"Pattern detected because the task was submitted at the last minute, and academic activity increased sharply just before the deadline, and similar behaviour appeared in at least 2 of the last 3 tasks.",Emerging
34875,393827,96,0,45,FFF,2013J,TMA,96.0,25.0,0.0,Last Minute,63,61,2,3,14.52,1,0.75,85.0,1,3.0,76.7,1,0,"Pattern detected because the task was submitted at the last minute, and academic activity increased sharply just before the deadline, and similar behaviour appeared in at least 2 of the last 3 tasks.",High
34876,393827,134,0,49,FFF,2013J,TMA,131.0,25.0,3.0,Late,4,2,2,3,0.48,0,1.0,60.0,1,3.0,76.7,1,0,"Pattern detected because the task was submitted after the deadline, and similar behaviour appeared in at least 2 of the last 3 tasks.",High
34878,393827,237,0,79,FFF,2013J,CMA,236.0,0.0,1.0,Late,900,899,1,3,249.72,1,1.0,100.0,1,3.0,81.7,1,0,"Pattern detected because the task was submitted after the deadline, and academic activity increased sharply just before the deadline, and similar behaviour appeared in at least 2 of the last 3 tasks.",High
34879,393827,237,0,91,FFF,2013J,CMA,236.0,0.0,1.0,Late,900,899,1,3,249.72,1,1.0,100.0,1,3.0,86.7,1,0,"Pattern detected because the task was submitted after the deadline, and academic activity increased sharply just before the deadline, and similar behaviour appeared in at least 2 of the last 3 tasks.",High
34880,393827,237,0,74,FFF,2013J,CMA,236.0,0.0,1.0,Late,900,899,1,3,249.72,1,1.0,100.0,1,3.0,100.0,1,0,"Pattern detected because the task was submitted after the deadline, and academic activity increased sharply just before the deadline, and similar behaviour appeared in at least 2 of the last 3 tasks.",High
34881,393827,237,0,78,FFF,2013J,CMA,236.0,0.0,1.0,Late,900,899,1,3,249.72,1,1.0,100.0,1,3.0,100.0,1,0,"Pattern detected because the task was submitted after the deadline, and academic activity increased sharply just before the deadline, and similar behaviour appeared in at least 2 of the last 3 tasks.",High
34882,393827,237,0,73,FFF,2013J,CMA,236.0,0.0,1.0,Late,900,899,1,3,249.72,1,1.0,100.0,1,3.0,100.0,1,0,"Pattern detected because the task was submitted after the deadline, and academic activity increased sharply just before the deadline, and similar behaviour appeared in at least 2 of the last 3 tasks.",High
34883,393827,237,0,69,FFF,2013J,CMA,236.0,0.0,1.0,Late,900,899,1,3,249.72,1,1.0,100.0,1,3.0,100.0,1,0,"Pattern detected because the task was submitted after the deadline, and academic activity increased sharply just before the deadline, and similar behaviour appeared in at least 2 of the last 3 tasks.",High
34884,393827,237,0,81,FFF,2013J,CMA,236.0,0.0,1.0,Late,900,899,1,3,249.72,1,1.0,100.0,1,3.0,100.0,1,0,"Pattern detected because the task was submitted after the deadline, and academic activity increased sharply just before the deadline, and similar behaviour appeared in at least 2 of the last 3 tasks.",High
34875,394218,102,0,24,FFF,2013J,TMA,96.0,25.0,6.0,Late,403,12,391,7,0.05,0,1.0,60.0,1,,,0,0,Pattern detected because the task was submitted after the deadline.,Normal
34876,394218,130,0,25,FFF,2013J,TMA,131.0,25.0,-1.0,Last Minute,120,98,22,4,6.05,1,0.75,85.0,1,2.0,72.5,1,1,"Pattern detected because the task was submitted at the last minute, and academic activity increased sharply just before the deadline, and similar behaviour appeared in at least 2 of the last 3 tasks.",Emerging
34877,394218,180,0,54,FFF,2013J,TMA,173.0,25.0,7.0,Late,84,14,70,2,0.31,0,1.0,60.0,1,3.0,68.3,1,0,"Pattern detected because the task was submitted after the deadline, and similar behaviour appeared in at least 2 of the last 3 tasks.",Emerging
34879,394218,59,0,79,FFF,2013J,CMA,236.0,0.0,-177.0,Early,178,80,98,6,1.29,0,0.0,0.0,0,2.0,48.3,1,0,Pattern detected because similar behaviour appeared in at least 2 of the last 3 tasks.,Emerging
34880,394218,94,0,69,FFF,2013J,CMA,236.0,0.0,-142.0,Early,178,80,98,6,1.29,0,0.0,0.0,0,1.0,20.0,0,0,No strong procrastination pattern detected.,Normal
34881,394218,199,0,63,FFF,2013J,CMA,236.0,0.0,-37.0,Early,178,80,98,6,1.29,0,0.0,0.0,0,0.0,0.0,0,0,No strong procrastination pattern detected.,Normal
34882,394218,199,0,65,FFF,2013J,CMA,236.0,0.0,-37.0,Early,178,80,98,6,1.29,0,0.0,0.0,0,0.0,0.0,0,0,No strong procrastination pattern detected.,Normal
34884,394218,206,0,59,FFF,2013J,CMA,236.0,0.0,-30.0,Early,178,80,98,6,1.29,0,0.0,0.0,0,0.0,0.0,0,0,No strong procrastination pattern detected.,Normal
34883,394218,228,0,51,FFF,2013J,CMA,236.0,0.0,-8.0,Early,178,80,98,6,1.29,0,0.0,0.0,0,0.0,0.0,0,0,No strong procrastination pattern detected.,Normal
34873,394239,28,0,74,FFF,2013J,TMA,19.0,12.5,9.0,Late,34,1,33,3,0.04,0,1.0,60.0,1,,,0,0,Pattern detected because the task was submitted after the deadline.,Normal
34874,394239,53,0,70,FFF,2013J,TMA,47.0,12.5,6.0,Late,51,26,25,3,1.44,0,1.0,60.0,1,2.0,60.0,1,1,"Pattern detected because the task was submitted after the deadline, and similar behaviour appeared in at least 2 of the last 3 tasks.",Emerging
34875,394239,103,0,63,FFF,2013J,TMA,96.0,25.0,7.0,Late,107,77,30,4,3.67,1,1.0,100.0,1,3.0,73.3,1,0,"Pattern detected because the task was submitted after the deadline, and academic activity increased sharply just before the deadline, and similar behaviour appeared in at least 2 of the last 3 tasks.",Emerging
34876,394239,131,0,56,FFF,2013J,TMA,131.0,25.0,0.0,Last Minute,168,67,101,6,1.05,0,0.75,45.0,0,2.0,68.3,1,0,"Pattern detected because the task was submitted at the last minute, and similar behaviour appeared in at least 2 of the last 3 tasks.",Emerging
34877,394239,173,0,37,FFF,2013J,TMA,173.0,25.0,0.0,Last Minute,78,29,49,4,0.9,0,0.75,45.0,0,1.0,63.3,0,0,Pattern detected because the task was submitted at the last minute.,Emerging
34878,394239,227,0,87,FFF,2013J,CMA,236.0,0.0,-9.0,Early,982,310,672,7,0.76,0,0.0,0.0,0,0.0,30.0,0,0,No strong procrastination pattern detected.,Normal
34880,394239,228,0,83,FFF,2013J,CMA,236.0,0.0,-8.0,Early,982,310,672,7,0.76,0,0.0,0.0,0,0.0,15.0,0,0,No strong procrastination pattern detected.,Normal
34881,394239,234,0,97,FFF,2013J,CMA,236.0,0.0,-2.0,Near Deadline,982,310,672,7,0.76,0,0.35,21.0,0,0.0,7.0,0,0,Pattern detected because the task was completed close to the deadline.,Normal
34882,394239,234,0,93,FFF,2013J,CMA,236.0,0.0,-2.0,Near Deadline,982,310,672,7,0.76,0,0.35,21.0,0,0.0,14.0,0,0,Pattern detected because the task was completed close to the deadline.,Normal
34883,394239,234,0,80,FFF,2013J,CMA,236.0,0.0,-2.0,Near Deadline,982,310,672,7,0.76,0,0.35,21.0,0,0.0,21.0,0,0,Pattern detected because the task was completed close to the deadline.,Normal
34884,394239,234,0,86,FFF,2013J,CMA,236.0,0.0,-2.0,Near Deadline,982,310,672,7,0.76,0,0.35,21.0,0,0.0,21.0,0,0,Pattern detected because the task was completed close to the deadline.,Normal
34879,394239,237,0,67,FFF,2013J,CMA,236.0,0.0,1.0,Late,982,310,672,7,0.76,0,1.0,60.0,1,1.0,34.0,0,0,Pattern detected because the task was submitted after the deadline.,Normal
34873,395107,18,0,80,FFF,2013J,TMA,19.0,12.5,-1.0,Last Minute,12,2,10,3,0.22,0,0.75,45.0,0,,,0,0,Pattern detected because the task was submitted at the last minute.,Normal
34874,395107,54,0,82,FFF,2013J,TMA,47.0,12.5,7.0,Late,226,160,66,3,3.76,1,1.0,100.0,1,1.0,72.5,0,0,"Pattern detected because the task was submitted after the deadline, and academic activity increased sharply just before the deadline.",Emerging
34878,395107,46,0,70,FFF,2013J,CMA,236.0,0.0,-190.0,Early,0,0,0,0,0.0,0,0.0,0.0,0,1.0,48.3,0,0,No strong procrastination pattern detected.,Emerging
34879,395107,47,0,86,FFF,2013J,CMA,236.0,0.0,-189.0,Early,0,0,0,0,0.0,0,0.0,0.0,0,1.0,33.3,0,0,No strong procrastination pattern detected.,Normal
34874,395373,46,0,56,FFF,2013J,TMA,47.0,12.5,-1.0,Last Minute,767,62,705,5,0.15,0,0.75,45.0,0,,,0,0,Pattern detected because the task was submitted at the last minute.,Normal
34875,395373,94,0,75,FFF,2013J,TMA,96.0,25.0,-2.0,Near Deadline,197,9,188,2,0.08,0,0.35,21.0,0,0.0,33.0,0,0,Pattern detected because the task was completed close to the deadline.,Normal
34876,395373,129,0,74,FFF,2013J,TMA,131.0,25.0,-2.0,Near Deadline,365,110,255,6,0.71,0,0.35,21.0,0,0.0,29.0,0,0,Pattern detected because the task was completed close to the deadline.,Normal
34877,395373,172,0,34,FFF,2013J,TMA,173.0,25.0,-1.0,Last Minute,195,29,166,5,0.28,0,0.75,45.0,0,0.0,29.0,0,0,Pattern detected because the task was submitted at the last minute.,Normal
34878,395373,45,0,98,FFF,2013J,CMA,236.0,0.0,-191.0,Early,190,188,2,4,44.76,1,0.0,40.0,0,0.0,35.3,0,0,Pattern detected because academic activity increased sharply just before the deadline.,Normal
34879,395373,45,0,98,FFF,2013J,CMA,236.0,0.0,-191.0,Early,190,188,2,4,44.76,1,0.0,40.0,0,0.0,41.7,0,0,Pattern detected because academic activity increased sharply just before the deadline.,Normal
34880,395373,95,0,91,FFF,2013J,CMA,236.0,0.0,-141.0,Early,190,188,2,4,44.76,1,0.0,40.0,0,0.0,40.0,0,0,Pattern detected because academic activity increased sharply just before the deadline.,Normal
34881,395373,129,0,86,FFF,2013J,CMA,236.0,0.0,-107.0,Early,190,188,2,4,44.76,1,0.0,40.0,0,0.0,40.0,0,0,Pattern detected because academic activity increased sharply just before the deadline.,Normal
34882,395373,142,0,89,FFF,2013J,CMA,236.0,0.0,-94.0,Early,190,188,2,4,44.76,1,0.0,40.0,0,0.0,40.0,0,0,Pattern detected because academic activity increased sharply just before the deadline.,Normal
34883,395373,171,0,91,FFF,2013J,CMA,236.0,0.0,-65.0,Early,190,188,2,4,44.76,1,0.0,40.0,0,0.0,40.0,0,0,Pattern detected because academic activity increased sharply just before the deadline.,Normal
34884,395373,206,0,62,FFF,2013J,CMA,236.0,0.0,-30.0,Early,190,188,2,4,44.76,1,0.0,40.0,0,0.0,40.0,0,0,Pattern detected because academic activity increased sharply just before the deadline.,Normal
34873,395696,19,0,64,FFF,2013J,TMA,19.0,12.5,0.0,Last Minute,118,49,69,6,1.1,0,0.75,45.0,0,,,0,0,Pattern detected because the task was submitted at the last minute.,Normal
34874,395696,53,0,38,FFF,2013J,TMA,47.0,12.5,6.0,Late,0,0,0,0,0.0,0,1.0,60.0,1,1.0,52.5,0,0,Pattern detected because the task was submitted after the deadline.,Emerging
34875,395696,96,0,56,FFF,2013J,TMA,96.0,25.0,0.0,Last Minute,45,45,0,2,15.0,1,0.75,85.0,1,2.0,63.3,1,1,"Pattern detected because the task was submitted at the last minute, and academic activity increased sharply just before the deadline, and similar behaviour appeared in at least 2 of the last 3 tasks.",Emerging
34876,395696,138,0,64,FFF,2013J,TMA,131.0,25.0,7.0,Late,12,2,10,2,0.22,0,1.0,60.0,1,3.0,68.3,1,0,"Pattern detected because the task was submitted after the deadline, and similar behaviour appeared in at least 2 of the last 3 tasks.",Emerging
34877,395696,172,0,73,FFF,2013J,TMA,173.0,25.0,-1.0,Last Minute,83,20,63,2,0.49,0,0.75,45.0,0,2.0,63.3,1,0,"Pattern detected because the task was submitted at the last minute, and similar behaviour appeared in at least 2 of the last 3 tasks.",Emerging
34878,395696,214,0,93,FFF,2013J,CMA,236.0,0.0,-22.0,Early,725,475,250,4,3.1,1,0.0,40.0,0,1.0,48.3,0,0,Pattern detected because academic activity increased sharply just before the deadline.,Emerging
34879,395696,235,0,88,FFF,2013J,CMA,236.0,0.0,-1.0,Last Minute,725,475,250,4,3.1,1,0.75,85.0,1,1.0,56.7,0,0,"Pattern detected because the task was submitted at the last minute, and academic activity increased sharply just before the deadline.",Emerging
34880,395696,235,0,73,FFF,2013J,CMA,236.0,0.0,-1.0,Last Minute,725,475,250,4,3.1,1,0.75,85.0,1,2.0,70.0,1,0,"Pattern detected because the task was submitted at the last minute, and academic activity increased sharply just before the deadline, and similar behaviour appeared in at least 2 of the last 3 tasks.",Emerging
34881,395696,235,0,72,FFF,2013J,CMA,236.0,0.0,-1.0,Last Minute,725,475,250,4,3.1,1,0.75,85.0,1,3.0,85.0,1,0,"Pattern detected because the task was submitted at the last minute, and academic activity increased sharply just before the deadline, and similar behaviour appeared in at least 2 of the last 3 tasks.",High
34882,395696,236,0,76,FFF,2013J,CMA,236.0,0.0,0.0,Last Minute,725,475,250,4,3.1,1,0.75,85.0,1,3.0,85.0,1,0,"Pattern detected because the task was submitted at the last minute, and academic activity increased sharply just before the deadline, and similar behaviour appeared in at least 2 of the last 3 tasks.",High
34883,395696,236,0,65,FFF,2013J,CMA,236.0,0.0,0.0,Last Minute,725,475,250,4,3.1,1,0.75,85.0,1,3.0,85.0,1,0,"Pattern detected because the task was submitted at the last minute, and academic activity increased sharply just before the deadline, and similar behaviour appeared in at least 2 of the last 3 tasks.",High
34884,395696,236,0,70,FFF,2013J,CMA,236.0,0.0,0.0,Last Minute,725,475,250,4,3.1,1,0.75,85.0,1,3.0,85.0,1,0,"Pattern detected because the task was submitted at the last minute, and academic activity increased sharply just before the deadline, and similar behaviour appeared in at least 2 of the last 3 tasks.",High
34873,395814,19,0,76,FFF,2013J,TMA,19.0,12.5,0.0,Last Minute,22,22,0,2,7.33,1,0.75,85.0,1,,,0,0,"Pattern detected because the task was submitted at the last minute, and academic activity increased sharply just before the deadline.",Normal
34873,396502,19,0,72,FFF,2013J,TMA,19.0,12.5,0.0,Last Minute,33,33,0,2,11.0,1,0.75,85.0,1,,,0,0,"Pattern detected because the task was submitted at the last minute, and academic activity increased sharply just before the deadline.",Normal
34874,396502,47,0,40,FFF,2013J,TMA,47.0,12.5,0.0,Last Minute,42,42,0,2,14.0,1,0.75,85.0,1,2.0,85.0,1,1,"Pattern detected because the task was submitted at the last minute, and academic activity increased sharply just before the deadline, and similar behaviour appeared in at least 2 of the last 3 tasks.",High
34875,396502,96,0,45,FFF,2013J,TMA,96.0,25.0,0.0,Last Minute,26,26,0,3,8.67,1,0.75,85.0,1,3.0,85.0,1,0,"Pattern detected because the task was submitted at the last minute, and academic activity increased sharply just before the deadline, and similar behaviour appeared in at least 2 of the last 3 tasks.",High
34877,396502,173,0,67,FFF,2013J,TMA,173.0,25.0,0.0,Last Minute,73,73,0,2,24.33,1,0.75,85.0,1,3.0,85.0,1,0,"Pattern detected because the task was submitted at the last minute, and academic activity increased sharply just before the deadline, and similar behaviour appeared in at least 2 of the last 3 tasks.",High
34878,396502,236,0,78,FFF,2013J,CMA,236.0,0.0,0.0,Last Minute,770,770,0,3,256.67,1,0.75,85.0,1,3.0,85.0,1,0,"Pattern detected because the task was submitted at the last minute, and academic activity increased sharply just before the deadline, and similar behaviour appeared in at least 2 of the last 3 tasks.",High
34879,396502,237,0,86,FFF,2013J,CMA,236.0,0.0,1.0,Late,770,770,0,3,256.67,1,1.0,100.0,1,3.0,90.0,1,0,"Pattern detected because the task was submitted after the deadline, and academic activity increased sharply just before the deadline, and similar behaviour appeared in at least 2 of the last 3 tasks.",High
34880,396502,237,0,74,FFF,2013J,CMA,236.0,0.0,1.0,Late,770,770,0,3,256.67,1,1.0,100.0,1,3.0,95.0,1,0,"Pattern detected because the task was submitted after the deadline, and academic activity increased sharply just before the deadline, and similar behaviour appeared in at least 2 of the last 3 tasks.",High
34881,396502,238,0,63,FFF,2013J,CMA,236.0,0.0,2.0,Late,770,770,0,3,256.67,1,1.0,100.0,1,3.0,100.0,1,0,"Pattern detected because the task was submitted after the deadline, and academic activity increased sharply just before the deadline, and similar behaviour appeared in at least 2 of the last 3 tasks.",High
34882,396502,238,0,60,FFF,2013J,CMA,236.0,0.0,2.0,Late,770,770,0,3,256.67,1,1.0,100.0,1,3.0,100.0,1,0,"Pattern detected because the task was submitted after the deadline, and academic activity increased sharply just before the deadline, and similar behaviour appeared in at least 2 of the last 3 tasks.",High
34883,396502,238,0,53,FFF,2013J,CMA,236.0,0.0,2.0,Late,770,770,0,3,256.67,1,1.0,100.0,1,3.0,100.0,1,0,"Pattern detected because the task was submitted after the deadline, and academic activity increased sharply just before the deadline, and similar behaviour appeared in at least 2 of the last 3 tasks.",High
34884,396502,238,0,60,FFF,2013J,CMA,236.0,0.0,2.0,Late,770,770,0,3,256.67,1,1.0,100.0,1,3.0,100.0,1,0,"Pattern detected because the task was submitted after the deadline, and academic activity increased sharply just before the deadline, and similar behaviour appeared in at least 2 of the last 3 tasks.",High
34873,397292,44,0,50,FFF,2013J,TMA,19.0,12.5,25.0,Late,0,0,0,0,0.0,0,1.0,60.0,1,,,0,0,Pattern detected because the task was submitted after the deadline.,Normal
34873,397470,15,0,76,FFF,2013J,TMA,19.0,12.5,-4.0,Early,124,8,116,4,0.11,0,0.0,0.0,0,,,0,0,No strong procrastination pattern detected.,Normal
34874,397470,45,0,78,FFF,2013J,TMA,47.0,12.5,-2.0,Near Deadline,208,41,167,7,0.4,0,0.35,21.0,0,0.0,10.5,0,0,Pattern detected because the task was completed close to the deadline.,Normal
34875,397470,94,0,77,FFF,2013J,TMA,96.0,25.0,-2.0,Near Deadline,78,9,69,5,0.2,0,0.35,21.0,0,0.0,14.0,0,0,Pattern detected because the task was completed close to the deadline.,Normal
34876,397470,130,0,77,FFF,2013J,TMA,131.0,25.0,-1.0,Last Minute,163,28,135,5,0.33,0,0.75,45.0,0,0.0,29.0,0,0,Pattern detected because the task was submitted at the last minute.,Normal
34877,397470,169,0,78,FFF,2013J,TMA,173.0,25.0,-4.0,Early,150,0,150,4,0.0,0,0.0,0.0,0,0.0,22.0,0,0,No strong procrastination pattern detected.,Normal
34878,397470,199,0,97,FFF,2013J,CMA,236.0,0.0,-37.0,Early,107,3,104,3,0.05,0,0.0,0.0,0,0.0,15.0,0,0,No strong procrastination pattern detected.,Normal
34879,397470,199,0,89,FFF,2013J,CMA,236.0,0.0,-37.0,Early,107,3,104,3,0.05,0,0.0,0.0,0,0.0,0.0,0,0,No strong procrastination pattern detected.,Normal
34880,397470,199,0,68,FFF,2013J,CMA,236.0,0.0,-37.0,Early,107,3,104,3,0.05,0,0.0,0.0,0,0.0,0.0,0,0,No strong procrastination pattern detected.,Normal
34881,397470,199,0,68,FFF,2013J,CMA,236.0,0.0,-37.0,Early,107,3,104,3,0.05,0,0.0,0.0,0,0.0,0.0,0,0,No strong procrastination pattern detected.,Normal
34882,397470,199,0,69,FFF,2013J,CMA,236.0,0.0,-37.0,Early,107,3,104,3,0.05,0,0.0,0.0,0,0.0,0.0,0,0,No strong procrastination pattern detected.,Normal
34884,397470,206,0,83,FFF,2013J,CMA,236.0,0.0,-30.0,Early,107,3,104,3,0.05,0,0.0,0.0,0,0.0,0.0,0,0,No strong procrastination pattern detected.,Normal
34883,397470,214,0,73,FFF,2013J,CMA,236.0,0.0,-22.0,Early,107,3,104,3,0.05,0,0.0,0.0,0,0.0,0.0,0,0,No strong procrastination pattern detected.,Normal
34873,397506,16,0,64,FFF,2013J,TMA,19.0,12.5,-3.0,Near Deadline,251,142,109,8,2.08,1,0.35,61.0,1,,,0,0,"Pattern detected because the task was completed close to the deadline, and academic activity increased sharply just before the deadline.",Normal
34874,397506,44,0,82,FFF,2013J,TMA,47.0,12.5,-3.0,Near Deadline,237,49,188,8,0.42,0,0.35,21.0,0,1.0,41.0,0,0,Pattern detected because the task was completed close to the deadline.,Normal
34875,397506,94,0,92,FFF,2013J,TMA,96.0,25.0,-2.0,Near Deadline,207,101,106,8,1.52,1,0.35,61.0,1,2.0,47.7,1,1,"Pattern detected because the task was completed close to the deadline, and academic activity increased sharply just before the deadline, and similar behaviour appeared in at least 2 of the last 3 tasks.",Emerging
34876,397506,134,0,87,FFF,2013J,TMA,131.0,25.0,3.0,Late,185,51,134,8,0.61,0,1.0,60.0,1,2.0,47.3,1,0,"Pattern detected because the task was submitted after the deadline, and similar behaviour appeared in at least 2 of the last 3 tasks.",Emerging
34877,397506,172,0,98,FFF,2013J,TMA,173.0,25.0,-1.0,Last Minute,153,51,102,8,0.79,0,0.75,45.0,0,2.0,55.3,1,0,"Pattern detected because the task was submitted at the last minute, and similar behaviour appeared in at least 2 of the last 3 tasks.",Emerging
34878,397506,27,0,92,FFF,2013J,CMA,236.0,0.0,-209.0,Early,150,8,142,7,0.09,0,0.0,0.0,0,1.0,35.0,0,0,No strong procrastination pattern detected.,Normal
34879,397506,41,0,86,FFF,2013J,CMA,236.0,0.0,-195.0,Early,150,8,142,7,0.09,0,0.0,0.0,0,0.0,15.0,0,0,No strong procrastination pattern detected.,Normal
34880,397506,84,0,93,FFF,2013J,CMA,236.0,0.0,-152.0,Early,150,8,142,7,0.09,0,0.0,0.0,0,0.0,0.0,0,0,No strong procrastination pattern detected.,Normal
34881,397506,124,0,85,FFF,2013J,CMA,236.0,0.0,-112.0,Early,150,8,142,7,0.09,0,0.0,0.0,0,0.0,0.0,0,0,No strong procrastination pattern detected.,Normal
34882,397506,167,0,88,FFF,2013J,CMA,236.0,0.0,-69.0,Early,150,8,142,7,0.09,0,0.0,0.0,0,0.0,0.0,0,0,No strong procrastination pattern detected.,Normal
34884,397506,209,0,95,FFF,2013J,CMA,236.0,0.0,-27.0,Early,150,8,142,7,0.09,0,0.0,0.0,0,0.0,0.0,0,0,No strong procrastination pattern detected.,Normal
34883,397506,222,0,88,FFF,2013J,CMA,236.0,0.0,-14.0,Early,150,8,142,7,0.09,0,0.0,0.0,0,0.0,0.0,0,0,No strong procrastination pattern detected.,Normal
34873,400145,20,0,98,FFF,2013J,TMA,19.0,12.5,1.0,Late,147,147,0,2,49.0,1,1.0,100.0,1,,,0,0,"Pattern detected because the task was submitted after the deadline, and academic activity increased sharply just before the deadline.",Normal
34874,400145,47,0,94,FFF,2013J,TMA,47.0,12.5,0.0,Last Minute,220,180,40,6,6.67,1,0.75,85.0,1,2.0,92.5,1,1,"Pattern detected because the task was submitted at the last minute, and academic activity increased sharply just before the deadline, and similar behaviour appeared in at least 2 of the last 3 tasks.",High
34876,400145,131,0,72,FFF,2013J,TMA,131.0,25.0,0.0,Last Minute,187,180,7,4,25.0,1,0.75,85.0,1,3.0,90.0,1,0,"Pattern detected because the task was submitted at the last minute, and academic activity increased sharply just before the deadline, and similar behaviour appeared in at least 2 of the last 3 tasks.",High
34877,400145,178,0,83,FFF,2013J,TMA,173.0,25.0,5.0,Late,68,39,29,2,1.91,1,1.0,100.0,1,3.0,90.0,1,0,"Pattern detected because the task was submitted after the deadline, and academic activity increased sharply just before the deadline, and similar behaviour appeared in at least 2 of the last 3 tasks.",High
34878,400145,215,0,86,FFF,2013J,CMA,236.0,0.0,-21.0,Early,676,657,19,5,45.62,1,0.0,40.0,0,2.0,75.0,1,0,"Pattern detected because academic activity increased sharply just before the deadline, and similar behaviour appeared in at least 2 of the last 3 tasks.",High
34881,400145,236,0,74,FFF,2013J,CMA,236.0,0.0,0.0,Last Minute,676,657,19,5,45.62,1,0.75,85.0,1,2.0,75.0,1,0,"Pattern detected because the task was submitted at the last minute, and academic activity increased sharply just before the deadline, and similar behaviour appeared in at least 2 of the last 3 tasks.",High
34882,400145,236,0,76,FFF,2013J,CMA,236.0,0.0,0.0,Last Minute,676,657,19,5,45.62,1,0.75,85.0,1,2.0,70.0,1,0,"Pattern detected because the task was submitted at the last minute, and academic activity increased sharply just before the deadline, and similar behaviour appeared in at least 2 of the last 3 tasks.",Emerging
34883,400145,236,0,74,FFF,2013J,CMA,236.0,0.0,0.0,Last Minute,676,657,19,5,45.62,1,0.75,85.0,1,3.0,85.0,1,0,"Pattern detected because the task was submitted at the last minute, and academic activity increased sharply just before the deadline, and similar behaviour appeared in at least 2 of the last 3 tasks.",High
34884,400145,236,0,74,FFF,2013J,CMA,236.0,0.0,0.0,Last Minute,676,657,19,5,45.62,1,0.75,85.0,1,3.0,85.0,1,0,"Pattern detected because the task was submitted at the last minute, and academic activity increased sharply just before the deadline, and similar behaviour appeared in at least 2 of the last 3 tasks.",High
34879,400145,237,0,93,FFF,2013J,CMA,236.0,0.0,1.0,Late,676,657,19,5,45.62,1,1.0,100.0,1,3.0,90.0,1,0,"Pattern detected because the task was submitted after the deadline, and academic activity increased sharply just before the deadline, and similar behaviour appeared in at least 2 of the last 3 tasks.",High
34880,400145,238,0,60,FFF,2013J,CMA,236.0,0.0,2.0,Late,676,657,19,5,45.62,1,1.0,100.0,1,3.0,95.0,1,0,"Pattern detected because the task was submitted after the deadline, and academic activity increased sharply just before the deadline, and similar behaviour appeared in at least 2 of the last 3 tasks.",High
34873,400266,20,0,62,FFF,2013J,TMA,19.0,12.5,1.0,Late,114,0,114,3,0.0,0,1.0,60.0,1,,,0,0,Pattern detected because the task was submitted after the deadline.,Normal
34874,400266,48,0,56,FFF,2013J,TMA,47.0,12.5,1.0,Late,95,67,28,4,3.38,1,1.0,100.0,1,2.0,80.0,1,1,"Pattern detected because the task was submitted after the deadline, and academic activity increased sharply just before the deadline, and similar behaviour appeared in at least 2 of the last 3 tasks.",High
34875,400266,97,0,67,FFF,2013J,TMA,96.0,25.0,1.0,Late,212,105,107,4,1.56,1,1.0,100.0,1,3.0,86.7,1,0,"Pattern detected because the task was submitted after the deadline, and academic activity increased sharply just before the deadline, and similar behaviour appeared in at least 2 of the last 3 tasks.",High
34876,400266,130,0,65,FFF,2013J,TMA,131.0,25.0,-1.0,Last Minute,177,126,51,3,3.75,1,0.75,85.0,1,3.0,95.0,1,0,"Pattern detected because the task was submitted at the last minute, and academic activity increased sharply just before the deadline, and similar behaviour appeared in at least 2 of the last 3 tasks.",High
34877,400266,172,0,75,FFF,2013J,TMA,173.0,25.0,-1.0,Last Minute,77,31,46,4,1.01,0,0.75,45.0,0,2.0,76.7,1,0,"Pattern detected because the task was submitted at the last minute, and similar behaviour appeared in at least 2 of the last 3 tasks.",High
34879,400266,27,0,95,FFF,2013J,CMA,236.0,0.0,-209.0,Early,243,152,91,5,2.64,1,0.0,40.0,0,1.0,56.7,0,0,Pattern detected because academic activity increased sharply just before the deadline.,Emerging
34878,400266,31,0,87,FFF,2013J,CMA,236.0,0.0,-205.0,Early,243,152,91,5,2.64,1,0.0,40.0,0,0.0,41.7,0,0,Pattern detected because academic activity increased sharply just before the deadline.,Normal
34880,400266,154,0,84,FFF,2013J,CMA,236.0,0.0,-82.0,Early,243,152,91,5,2.64,1,0.0,40.0,0,0.0,40.0,0,0,Pattern detected because academic activity increased sharply just before the deadline.,Normal
34881,400266,154,0,83,FFF,2013J,CMA,236.0,0.0,-82.0,Early,243,152,91,5,2.64,1,0.0,40.0,0,0.0,40.0,0,0,Pattern detected because academic activity increased sharply just before the deadline.,Normal
34882,400266,216,0,83,FFF,2013J,CMA,236.0,0.0,-20.0,Early,243,152,91,5,2.64,1,0.0,40.0,0,0.0,40.0,0,0,Pattern detected because academic activity increased sharply just before the deadline.,Normal
34884,400266,217,0,74,FFF,2013J,CMA,236.0,0.0,-19.0,Early,243,152,91,5,2.64,1,0.0,40.0,0,0.0,40.0,0,0,Pattern detected because academic activity increased sharply just before the deadline.,Normal
34883,400266,237,0,74,FFF,2013J,CMA,236.0,0.0,1.0,Late,243,152,91,5,2.64,1,1.0,100.0,1,1.0,60.0,0,0,"Pattern detected because the task was submitted after the deadline, and academic activity increased sharply just before the deadline.",Emerging
34873,401824,17,0,70,FFF,2013J,TMA,19.0,12.5,-2.0,Near Deadline,23,20,3,2,4.17,1,0.35,61.0,1,,,0,0,"Pattern detected because the task was completed close to the deadline, and academic activity increased sharply just before the deadline.",Normal
34874,401824,67,0,52,FFF,2013J,TMA,47.0,12.5,20.0,Late,51,38,13,3,3.52,1,1.0,100.0,1,2.0,80.5,1,1,"Pattern detected because the task was submitted after the deadline, and academic activity increased sharply just before the deadline, and similar behaviour appeared in at least 2 of the last 3 tasks.",High
34873,401866,17,0,80,FFF,2013J,TMA,19.0,12.5,-2.0,Near Deadline,81,72,9,5,8.57,1,0.35,61.0,1,,,0,0,"Pattern detected because the task was completed close to the deadline, and academic activity increased sharply just before the deadline.",Normal
34874,401866,46,0,36,FFF,2013J,TMA,47.0,12.5,-1.0,Last Minute,39,39,0,2,13.0,1,0.75,85.0,1,2.0,73.0,1,1,"Pattern detected because the task was submitted at the last minute, and academic activity increased sharply just before the deadline, and similar behaviour appeared in at least 2 of the last 3 tasks.",Emerging
34875,401866,103,0,18,FFF,2013J,TMA,96.0,25.0,7.0,Late,79,51,28,4,2.58,1,1.0,100.0,1,3.0,82.0,1,0,"Pattern detected because the task was submitted after the deadline, and academic activity increased sharply just before the deadline, and similar behaviour appeared in at least 2 of the last 3 tasks.",High
34878,401866,11,0,57,FFF,2013J,CMA,236.0,0.0,-225.0,Early,0,0,0,0,0.0,0,0.0,0.0,0,2.0,61.7,1,0,Pattern detected because similar behaviour appeared in at least 2 of the last 3 tasks.,Emerging
34879,401866,31,0,79,FFF,2013J,CMA,236.0,0.0,-205.0,Early,0,0,0,0,0.0,0,0.0,0.0,0,1.0,33.3,0,0,No strong procrastination pattern detected.,Normal
34880,401866,110,0,59,FFF,2013J,CMA,236.0,0.0,-126.0,Early,0,0,0,0,0.0,0,0.0,0.0,0,0.0,0.0,0,0,No strong procrastination pattern detected.,Normal
34873,402458,15,0,80,FFF,2013J,TMA,19.0,12.5,-4.0,Early,102,5,97,6,0.08,0,0.0,0.0,0,,,0,0,No strong procrastination pattern detected.,Normal
34874,402458,46,0,60,FFF,2013J,TMA,47.0,12.5,-1.0,Last Minute,34,34,0,3,11.33,1,0.75,85.0,1,1.0,42.5,0,0,"Pattern detected because the task was submitted at the last minute, and academic activity increased sharply just before the deadline.",Normal
34875,402458,99,0,58,FFF,2013J,TMA,96.0,25.0,3.0,Late,160,154,6,3,23.33,1,1.0,100.0,1,2.0,61.7,1,1,"Pattern detected because the task was submitted after the deadline, and academic activity increased sharply just before the deadline, and similar behaviour appeared in at least 2 of the last 3 tasks.",Emerging
34877,402458,173,0,53,FFF,2013J,TMA,173.0,25.0,0.0,Last Minute,522,98,424,6,0.38,0,0.75,45.0,0,2.0,76.7,1,0,"Pattern detected because the task was submitted at the last minute, and similar behaviour appeared in at least 2 of the last 3 tasks.",High
34878,402458,171,0,81,FFF,2013J,CMA,236.0,0.0,-65.0,Early,4,3,1,2,0.83,0,0.0,0.0,0,1.0,48.3,0,0,No strong procrastination pattern detected.,Emerging
34879,402458,171,0,86,FFF,2013J,CMA,236.0,0.0,-65.0,Early,4,3,1,2,0.83,0,0.0,0.0,0,0.0,15.0,0,0,No strong procrastination pattern detected.,Normal
34873,402662,18,0,84,FFF,2013J,TMA,19.0,12.5,-1.0,Last Minute,77,27,50,4,0.82,0,0.75,45.0,0,,,0,0,Pattern detected because the task was submitted at the last minute.,Normal
34874,402662,46,0,60,FFF,2013J,TMA,47.0,12.5,-1.0,Last Minute,82,12,70,5,0.27,0,0.75,45.0,0,0.0,45.0,0,0,Pattern detected because the task was submitted at the last minute.,Emerging
34875,402662,95,0,77,FFF,2013J,TMA,96.0,25.0,-1.0,Last Minute,60,5,55,4,0.14,0,0.75,45.0,0,0.0,45.0,0,0,Pattern detected because the task was submitted at the last minute.,Emerging
34876,402662,131,0,77,FFF,2013J,TMA,131.0,25.0,0.0,Last Minute,155,27,128,6,0.34,0,0.75,45.0,0,0.0,45.0,0,0,Pattern detected because the task was submitted at the last minute.,Emerging
34877,402662,173,0,73,FFF,2013J,TMA,173.0,25.0,0.0,Last Minute,83,19,64,5,0.46,0,0.75,45.0,0,0.0,45.0,0,0,Pattern detected because the task was submitted at the last minute.,Emerging
34878,402662,65,0,84,FFF,2013J,CMA,236.0,0.0,-171.0,Early,549,114,435,4,0.43,0,0.0,0.0,0,0.0,30.0,0,0,No strong procrastination pattern detected.,Normal
34879,402662,108,0,90,FFF,2013J,CMA,236.0,0.0,-128.0,Early,549,114,435,4,0.43,0,0.0,0.0,0,0.0,15.0,0,0,No strong procrastination pattern detected.,Normal
34880,402662,230,0,73,FFF,2013J,CMA,236.0,0.0,-6.0,Early,549,114,435,4,0.43,0,0.0,0.0,0,0.0,0.0,0,0,No strong procrastination pattern detected.,Normal
34881,402662,234,0,75,FFF,2013J,CMA,236.0,0.0,-2.0,Near Deadline,549,114,435,4,0.43,0,0.35,21.0,0,0.0,7.0,0,0,Pattern detected because the task was completed close to the deadline.,Normal
34882,402662,235,0,75,FFF,2013J,CMA,236.0,0.0,-1.0,Last Minute,549,114,435,4,0.43,0,0.75,45.0,0,0.0,22.0,0,0,Pattern detected because the task was submitted at the last minute.,Normal
34883,402662,236,0,77,FFF,2013J,CMA,236.0,0.0,0.0,Last Minute,549,114,435,4,0.43,0,0.75,45.0,0,0.0,37.0,0,0,Pattern detected because the task was submitted at the last minute.,Normal
34884,402662,236,0,78,FFF,2013J,CMA,236.0,0.0,0.0,Last Minute,549,114,435,4,0.43,0,0.75,45.0,0,0.0,45.0,0,0,Pattern detected because the task was submitted at the last minute.,Emerging
34873,404536,18,0,76,FFF,2013J,TMA,19.0,12.5,-1.0,Last Minute,87,65,22,4,4.01,1,0.75,85.0,1,,,0,0,"Pattern detected because the task was submitted at the last minute, and academic activity increased sharply just before the deadline.",Normal
34874,404536,46,0,66,FFF,2013J,TMA,47.0,12.5,-1.0,Last Minute,145,60,85,5,1.11,0,0.75,45.0,0,1.0,65.0,0,0,Pattern detected because the task was submitted at the last minute.,Emerging
34875,404536,95,0,72,FFF,2013J,TMA,96.0,25.0,-1.0,Last Minute,51,19,32,5,0.86,0,0.75,45.0,0,1.0,58.3,0,0,Pattern detected because the task was submitted at the last minute.,Emerging
34876,404536,145,0,71,FFF,2013J,TMA,131.0,25.0,14.0,Late,75,55,20,4,3.67,1,1.0,100.0,1,1.0,63.3,0,0,"Pattern detected because the task was submitted after the deadline, and academic activity increased sharply just before the deadline.",Emerging
34877,404536,171,0,75,FFF,2013J,TMA,173.0,25.0,-2.0,Near Deadline,60,12,48,5,0.38,0,0.35,21.0,0,1.0,55.3,0,0,Pattern detected because the task was completed close to the deadline.,Emerging
34878,404536,54,0,77,FFF,2013J,CMA,236.0,0.0,-182.0,Early,78,68,10,3,7.56,1,0.0,40.0,0,1.0,53.7,0,0,Pattern detected because academic activity increased sharply just before the deadline.,Emerging
34879,404536,112,0,73,FFF,2013J,CMA,236.0,0.0,-124.0,Early,78,68,10,3,7.56,1,0.0,40.0,0,0.0,33.7,0,0,Pattern detected because academic activity increased sharply just before the deadline.,Normal
34880,404536,115,0,73,FFF,2013J,CMA,236.0,0.0,-121.0,Early,78,68,10,3,7.56,1,0.0,40.0,0,0.0,40.0,0,0,Pattern detected because academic activity increased sharply just before the deadline.,Normal
34881,404536,115,0,71,FFF,2013J,CMA,236.0,0.0,-121.0,Early,78,68,10,3,7.56,1,0.0,40.0,0,0.0,40.0,0,0,Pattern detected because academic activity increased sharply just before the deadline.,Normal
34882,404536,178,0,85,FFF,2013J,CMA,236.0,0.0,-58.0,Early,78,68,10,3,7.56,1,0.0,40.0,0,0.0,40.0,0,0,Pattern detected because academic activity increased sharply just before the deadline.,Normal
34883,404536,206,0,70,FFF,2013J,CMA,236.0,0.0,-30.0,Early,78,68,10,3,7.56,1,0.0,40.0,0,0.0,40.0,0,0,Pattern detected because academic activity increased sharply just before the deadline.,Normal
34884,404536,206,0,75,FFF,2013J,CMA,236.0,0.0,-30.0,Early,78,68,10,3,7.56,1,0.0,40.0,0,0.0,40.0,0,0,Pattern detected because academic activity increased sharply just before the deadline.,Normal
